datetime,open,high,low,close,volume
2026-03-10T19:00:00+00:00,54929.34,55104.36,54849.84,54864.36,4457
2026-03-10T19:30:00+00:00,54864.36,55019.34,54669.35,54854.35,5278
2026-03-10T20:00:00+00:00,54854.35,54944.36,54774.85,54794.86,1479
2026-03-10T20:30:00+00:00,54794.86,54841.86,54734.84,54809.35,817
2026-03-10T22:00:00+00:00,54829.35,54850.35,54725.85,54725.85,297
2026-03-10T22:30:00+00:00,54725.85,54755.85,54640.83,54755.85,235
2026-03-10T23:00:00+00:00,54755.85,54865.34,54730.85,54820.83,192.15399221284548
2026-03-10T23:30:00+00:00,54820.83,55095.84,54760.34,55055.83,1195
2026-03-11T00:00:00+00:00,55055.83,55505.34,54915.84,55355.84,4418
2026-03-11T00:30:00+00:00,55355.84,55385.35,55160.83,55260.84,2029
2026-03-11T01:00:00+00:00,55260.84,55442.83,55200.84,55415.33,1950
2026-03-11T01:30:00+00:00,55415.33,55480.35,55315.83,55380.85,1520
2026-03-11T02:00:00+00:00,55380.85,55550.33,55340.83,55355.33,1410
2026-03-11T02:30:00+00:00,55355.33,55525.34,55255.34,55490.34,1030
2026-03-11T03:00:00+00:00,55490.34,55570.35,55435.83,55460.35,579
2026-03-11T03:30:00+00:00,55460.35,55737.85,55442.84,55700.34,1409
2026-03-11T04:00:00+00:00,55700.34,55715.34,55595.83,55640.33,675
2026-03-11T04:30:00+00:00,55640.33,55675.35,55480.85,55525.84,763
2026-03-11T05:00:00+00:00,55525.84,55597.83,55220.83,55325.33,1883
2026-03-11T05:30:00+00:00,55325.33,55327.85,54960.83,54980.33,1824
2026-03-11T06:00:00+00:00,54980.33,55080.35,54845.83,54905.84,2522
2026-03-11T06:30:00+00:00,54905.84,55247.85,54895.85,55225.85,1143
2026-03-11T07:00:00+00:00,55225.85,55242.85,55015.84,55042.84,836
2026-03-11T07:30:00+00:00,55042.84,55065.35,54820.83,54875.34,992
2026-03-11T08:00:00+00:00,54875.34,54900.34,54675.33,54715.33,2985
2026-03-11T08:30:00+00:00,54715.33,54787.840000000004,54405.340000000004,54515.82000000001,3748
2026-03-11T09:00:00+00:00,54515.82000000001,54530.32000000001,54300.32000000001,54325.32000000001,2517
2026-03-11T09:30:00+00:00,54325.32000000001,54467.83,54280.32000000001,54295.33,2218
2026-03-11T10:00:00+00:00,54295.33,54650.340000000004,54262.82000000001,54587.840000000004,2334
2026-03-11T10:30:00+00:00,54587.840000000004,54840.32000000001,54575.840000000004,54807.82000000001,2152
2026-03-11T11:00:00+00:00,54807.82000000001,54882.83,54537.82000000001,54587.840000000004,1973
2026-03-11T11:30:00+00:00,54587.840000000004,54635.33,54382.83,54440.340000000004,3398
2026-03-11T12:00:00+00:00,54440.340000000004,54605.33,54400.340000000004,54595.83,2532
2026-03-11T12:30:00+00:00,54595.83,54625.840000000004,54255.82000000001,54330.32000000001,3501
2026-03-11T13:00:00+00:00,54330.32000000001,54585.33,54325.83,54565.82000000001,3571
2026-03-11T13:30:00+00:00,54565.82000000001,54802.83,54565.82000000001,54785.32000000001,8645
2026-03-11T14:00:00+00:00,54785.32000000001,55102.83,54577.83,54695.340000000004,8651
2026-03-11T14:30:00+00:00,54695.340000000004,54907.840000000004,54547.82000000001,54870.33,6040
2026-03-11T15:00:00+00:00,54870.33,54930.340000000004,54470.32000000001,54475.840000000004,6405
2026-03-11T15:30:00+00:00,54475.840000000004,54530.340000000004,54370.840000000004,54400.32000000001,5808
2026-03-11T16:00:00+00:00,54400.32000000001,54430.340000000004,54290.83,54320.840000000004,4217
2026-03-11T16:30:00+00:00,54320.840000000004,54665.340000000004,54310.82000000001,54650.32000000001,3959
2026-03-11T17:00:00+00:00,54650.32000000001,54720.340000000004,54530.82000000001,54682.82000000001,2875
2026-03-11T17:30:00+00:00,54682.82000000001,54700.33,54335.82000000001,54490.82000000001,6413
2026-03-11T18:00:00+00:00,54490.82000000001,54585.33,54380.82000000001,54585.32000000001,3565
2026-03-11T18:30:00+00:00,54585.32000000001,54645.83,54535.82000000001,54595.82000000001,2932
2026-03-11T19:00:00+00:00,54595.82000000001,54625.340000000004,54505.82000000001,54595.33,2767
2026-03-11T19:30:00+00:00,54595.33,54760.33,54590.82000000001,54745.340000000004,1553
2026-03-11T20:00:00+00:00,54745.340000000004,54750.340000000004,54660.82000000001,54700.840000000004,317.3793187347932
2026-03-11T20:30:00+00:00,54700.840000000004,54710.33,54560.82000000001,54590.340000000004,251.8375355636221
2026-03-11T22:00:00+00:00,54615.35,54615.35,54018.01,54113,208
2026-03-11T22:30:00+00:00,54113,54138.01,53918,54073.01,236
2026-03-11T23:00:00+00:00,54073.01,54122.99,53968,53990.51,277.4267404244546
2026-03-11T23:30:00+00:00,53990.51,54170.49,53740.51,54120.51,1573
2026-03-12T00:00:00+00:00,54120.51,54385.51,54070.49,54265.49,4599
2026-03-12T00:30:00+00:00,54265.49,54480,54230.49,54420.49,2495
2026-03-12T01:00:00+00:00,54420.49,54520,54260.49,54485.49,2777
2026-03-12T01:30:00+00:00,54485.49,54687.51,54305.49,54400.51,2077
2026-03-12T02:00:00+00:00,54400.51,54415.49,54120.51,54135.49,2051
2026-03-12T02:30:00+00:00,54135.49,54174.99,53825.5,53887.51,1915
2026-03-12T03:00:00+00:00,53887.51,53970.01,53814.99,53850.5,1311
2026-03-12T03:30:00+00:00,53850.5,54025.01,53745.5,54015.49,2484
2026-03-12T04:00:00+00:00,54015.49,54170,53965.5,54145.51,1387
2026-03-12T04:30:00+00:00,54145.51,54165.01,53880.49,53895.01,1080
2026-03-12T05:00:00+00:00,53895.01,54260.01,53880.49,54149.99,2252
2026-03-12T05:30:00+00:00,54149.99,54254.99,54090.49,54205.51,1856
2026-03-12T06:00:00+00:00,54205.51,54435.01,54155.49,54420,1527
2026-03-12T06:30:00+00:00,54420,54505.01,54325.49,54435.5,1306
2026-03-12T07:00:00+00:00,54435.5,54485.51,54370.49,54430.01,693
2026-03-12T07:30:00+00:00,54430.01,54580,54305.49,54555.51,648
2026-03-12T08:00:00+00:00,54555.51,54755,54457.5,54460.01,2259
2026-03-12T08:30:00+00:00,54460.01,54687.51,54432.49,54635.01,1745
2026-03-12T09:00:00+00:00,54635.01,54642.51,54364.99,54540.01,1497
2026-03-12T09:30:00+00:00,54540.01,54685.01,54540.01,54669.99,1376
2026-03-12T10:00:00+00:00,54669.99,54720,54584.99,54595,1150
2026-03-12T10:30:00+00:00,54595,54685.51,54482.5,54502.49,1274
2026-03-12T11:00:00+00:00,54502.49,54565,54425.51,54524.99,956
2026-03-12T11:30:00+00:00,54524.99,54660.01,54470.5,54475.01,1179
2026-03-12T12:00:00+00:00,54475.01,54500,54270.01,54375.51,1543
2026-03-12T12:30:00+00:00,54375.51,54410.01,54275.5,54410,1377
2026-03-12T13:00:00+00:00,54410,54480.01,54020.49,54220.51,3590
2026-03-12T13:30:00+00:00,54220.51,54315.49,53810,53925.5,5015
2026-03-12T14:00:00+00:00,53925.5,54105.5,53760.01,53762.49,4422
2026-03-12T14:30:00+00:00,53762.49,54032.49,53704.99,53780,3338
2026-03-12T15:00:00+00:00,53780,53799.99,53472.49,53655.5,3109
2026-03-12T15:30:00+00:00,53655.5,53910.01,53542.49,53879.99,4347
2026-03-12T16:00:00+00:00,53879.99,54062.51,53625.49,53850.01,3435
2026-03-12T16:30:00+00:00,53850.01,54045.49,53830.49,53925.5,4395
2026-03-12T17:00:00+00:00,53925.5,54045,53805.51,53899.99,2857
2026-03-12T17:30:00+00:00,53899.99,54035,53790,53875.01,2257
2026-03-12T18:00:00+00:00,53875.01,53980.01,53845,53897.51,2120
2026-03-12T18:30:00+00:00,53897.51,53915,53799.99,53810,1971
2026-03-12T19:00:00+00:00,53810,53884.99,53724.99,53862.5,1758
2026-03-12T19:30:00+00:00,53862.5,53945,53690.49,53732.51,2293
2026-03-12T20:00:00+00:00,53732.51,53765.01,53660.49,53695.5,859
2026-03-12T20:30:00+00:00,53695.5,53727.5,53670.49,53690.01,694
2026-03-12T22:00:00+00:00,53687.51,53742.49,53452.99,53548,515
2026-03-12T22:30:00+00:00,53548,53708.01,53548,53677.49,142
2026-03-12T23:00:00+00:00,53677.49,53693,53598,53668.01,379
2026-03-12T23:30:00+00:00,53668.01,53842.49,53437.99,53443.01,1387
2026-03-13T00:00:00+00:00,53443.01,53798,52992.99,53578.01,4033
2026-03-13T00:30:00+00:00,53578.01,53763.01,53538.01,53607.99,2361
2026-03-13T01:00:00+00:00,53607.99,54038,53603.01,53972.49,2583
2026-03-13T01:30:00+00:00,53972.49,54037.99,53738,53792.99,1982
2026-03-13T02:00:00+00:00,53792.99,53912.5,53688,53763.01,2104
2026-03-13T02:30:00+00:00,53763.01,53852.49,53738,53767.99,1127
2026-03-13T03:00:00+00:00,53767.99,53802.51,53647.99,53718.01,1182
2026-03-13T03:30:00+00:00,53718.01,53872.49,53647.99,53837.99,1842
2026-03-13T04:00:00+00:00,53837.99,53897.51,53673.01,53682.5,1000
2026-03-13T04:30:00+00:00,53682.5,53725.01,53597.99,53622.5,1213
2026-03-13T05:00:00+00:00,53622.5,53722.51,53563,53713,1290
2026-03-13T05:30:00+00:00,53713,53807.49,53712.99,53753.01,958
2026-03-13T06:00:00+00:00,53753.01,53842.5,53677.99,53698.01,1638
2026-03-13T06:30:00+00:00,53698.01,53707.49,53437.5,53437.99,1743
2026-03-13T07:00:00+00:00,53437.99,53477.49,53148,53295.01,1395
2026-03-13T07:30:00+00:00,53295.01,53332.49,53122.99,53170.01,1083
2026-03-13T08:00:00+00:00,53170.01,53172.5,52672.5,52717.51,3660
2026-03-13T08:30:00+00:00,52717.51,53249.99,52714.99,53212.49,3224
2026-03-13T09:00:00+00:00,53212.49,53422.49,53142.49,53275.01,2507
2026-03-13T09:30:00+00:00,53275.01,53337.51,53160,53275,1861
2026-03-13T10:00:00+00:00,53275,53647.49,53254.99,53539.99,1733
2026-03-13T10:30:00+00:00,53539.99,53782.51,53487.49,53772.49,2254
2026-03-13T11:00:00+00:00,53772.49,53822.49,53652.49,53762.5,2029
2026-03-13T11:30:00+00:00,53762.5,53870.01,53732.99,53852.5,919
2026-03-13T12:00:00+00:00,53852.5,53917.51,53765,53832.99,1427
2026-03-13T12:30:00+00:00,53832.99,54082.51,53797.99,53935.01,2164
2026-03-13T13:00:00+00:00,53935.01,54027.51,53893,54027.49,1718
2026-03-13T13:30:00+00:00,54027.49,54247.51,53918,53928,4315
2026-03-13T14:00:00+00:00,53928,54027.49,53718.01,53822.99,3572
2026-03-13T14:30:00+00:00,53822.99,53977.51,53382.99,53417.5,5047
2026-03-13T15:00:00+00:00,53417.5,53647.51,53358.01,53397.5,3693
2026-03-13T15:30:00+00:00,53397.5,53467.49,53188,53232.51,3864
2026-03-13T16:00:00+00:00,53232.51,53395,53189.99,53282.5,2850
2026-03-13T16:30:00+00:00,53282.5,53429.99,53237.99,53262.5,3403
2026-03-13T17:00:00+00:00,53262.5,53430.01,53232.51,53259.99,1799
2026-03-13T17:30:00+00:00,53259.99,53307.51,53070.01,53127.5,2065
2026-03-13T18:00:00+00:00,53127.5,53192.51,53074.99,53184.99,1612
2026-03-13T18:30:00+00:00,53184.99,53364.99,53172.5,53320,1540
2026-03-13T19:00:00+00:00,53320,53322.49,53097.49,53147.51,1518
2026-03-13T19:30:00+00:00,53147.51,53224.99,53064.99,53193.01,1336
2026-03-13T20:00:00+00:00,53193.01,53212.49,53117.99,53133.01,736
2026-03-13T20:30:00+00:00,53133.01,53192.51,53132.99,53160,289
2026-03-15T22:00:00+00:00,53160,53197.49,52787.99,52943,378
2026-03-15T22:30:00+00:00,52943,53488.01,52873,53383.01,512
2026-03-15T23:00:00+00:00,53383.01,53497.5,53237.99,53243.01,314
2026-03-15T23:30:00+00:00,53243.01,53677.99,53223.01,53642.99,1232
2026-03-16T00:00:00+00:00,53642.99,53962.5,53568,53633.01,3440
2026-03-16T00:30:00+00:00,53633.01,53808,53532.99,53713.01,1916
2026-03-16T01:00:00+00:00,53713.01,53792.51,53398.01,53407.51,1961
2026-03-16T01:30:00+00:00,53407.51,53532.99,53177.99,53423,2621
2026-03-16T02:00:00+00:00,53423,53453,53078,53107.49,1970
2026-03-16T02:30:00+00:00,53107.49,53215.01,53092.99,53187.99,1282
2026-03-16T03:00:00+00:00,53187.99,53287.51,53177.99,53272.51,635
2026-03-16T03:30:00+00:00,53272.51,53592.5,53272.51,53557.99,1242
2026-03-16T04:00:00+00:00,53557.99,53667.49,53497.99,53637.5,784
2026-03-16T04:30:00+00:00,53637.5,53667.51,53518.01,53527.5,627
2026-03-16T05:00:00+00:00,53527.5,53577.51,53372.99,53392.99,876
2026-03-16T05:30:00+00:00,53392.99,53712.51,53373.01,53687.49,892
2026-03-16T06:00:00+00:00,53687.49,53735,53612.99,53658.01,1072
2026-03-16T06:30:00+00:00,53658.01,53767.51,53628.01,53757.49,997
2026-03-16T07:00:00+00:00,53757.49,53827.51,53557.99,53575.01,924
2026-03-16T07:30:00+00:00,53575.01,53597.49,53442.99,53502.49,891
2026-03-16T08:00:00+00:00,53502.49,53700,53447.5,53499.99,2798
2026-03-16T08:30:00+00:00,53499.99,53580,53404.99,53532.49,2072
2026-03-16T09:00:00+00:00,53532.49,53590.01,53377.51,53500,2266
2026-03-16T09:30:00+00:00,53500,53532.49,53362.49,53450,2187
2026-03-16T10:00:00+00:00,53450,53877.51,53432.49,53862.5,2022
2026-03-16T10:30:00+00:00,53862.5,54047.5,53807.49,54039.99,1756
2026-03-16T11:00:00+00:00,54039.99,54042.51,53932.49,53947.49,1255
2026-03-16T11:30:00+00:00,53947.49,54087.5,53909.99,54070,1094
2026-03-16T12:00:00+00:00,54070,54222.5,54067.49,54212.99,1165
2026-03-16T12:30:00+00:00,54212.99,54337.51,54183.01,54215.01,1207
2026-03-16T13:00:00+00:00,54215.01,54285.01,54208,54245,975
2026-03-16T13:30:00+00:00,54245,54517.5,54227.49,54502.5,2792
2026-03-16T14:00:00+00:00,54502.5,54552.51,54352.49,54357.5,1832
2026-03-16T14:30:00+00:00,54357.5,54439.99,54197.51,54439.99,2580
2026-03-16T15:00:00+00:00,54439.99,54467.51,54317.51,54437.51,2033
2026-03-16T15:30:00+00:00,54437.51,54505.01,54267.49,54277.51,1543
2026-03-16T16:00:00+00:00,54277.51,54364.99,54142.99,54162.49,1894
2026-03-16T16:30:00+00:00,54162.49,54317.51,54147.5,54240.01,2211
2026-03-16T17:00:00+00:00,54240.01,54367.51,54240.01,54335.01,1335
2026-03-16T17:30:00+00:00,54335.01,54367.49,54192.49,54252.49,1245
2026-03-16T18:00:00+00:00,54252.49,54407.5,54252.49,54382.51,1102
2026-03-16T18:30:00+00:00,54382.51,54427.51,54352.51,54365.01,623
2026-03-16T19:00:00+00:00,54365.01,54567.49,54287.99,54327.51,1669
2026-03-16T19:30:00+00:00,54327.51,54467.51,54279.99,54448.01,1305
2026-03-16T20:00:00+00:00,54448.01,54497.51,54372.49,54377.5,554
2026-03-16T20:30:00+00:00,54377.5,54387.49,54325,54362.99,497
2026-03-16T22:00:00+00:00,54362.99,54377.99,54203,54268,213
2026-03-16T22:30:00+00:00,54268,54268.01,54192.99,54208,143
2026-03-16T23:00:00+00:00,54208,54302.51,54208,54253.01,117.87035267125117
2026-03-16T23:30:00+00:00,54253.01,54452.99,54238,54303.01,727
2026-03-17T00:00:00+00:00,54303.01,54363,53922.99,53968.01,2019
2026-03-17T00:30:00+00:00,53968.01,54088,53752.99,53848.01,1561
2026-03-17T01:00:00+00:00,53848.01,54012.51,53802.99,54007.49,1198
2026-03-17T01:30:00+00:00,54007.49,54060.01,53822.99,54008,868
2026-03-17T02:00:00+00:00,54008,54030,53892.99,53977.49,889
2026-03-17T02:30:00+00:00,53977.49,53992.51,53887.5,53887.5,685
2026-03-17T03:00:00+00:00,53887.5,54020,53872.99,53982.5,667
2026-03-17T03:30:00+00:00,53982.5,54044.99,53832.99,53902.49,1222
2026-03-17T04:00:00+00:00,53902.49,53962.49,53847.99,53927.49,851
2026-03-17T04:30:00+00:00,53927.49,54015.01,53912.99,53932.5,587
2026-03-17T05:00:00+00:00,53932.5,53987.5,53877.99,53947.51,672
2026-03-17T05:30:00+00:00,53947.51,53967.49,53637.99,53662.49,1141
2026-03-17T06:00:00+00:00,53662.49,53707.51,53437.99,53704.99,2760
2026-03-17T06:30:00+00:00,53704.99,53704.99,53547.99,53582.49,1209
2026-03-17T07:00:00+00:00,53582.49,53742.51,53538.01,53732.49,808
2026-03-17T07:30:00+00:00,53732.49,53802.51,53662.5,53707.49,530
2026-03-17T08:00:00+00:00,53707.49,53832.5,53690.01,53715,2111
2026-03-17T08:30:00+00:00,53715,53845,53649.99,53724.99,2121
2026-03-17T09:00:00+00:00,53724.99,54032.49,53724.99,54022.5,1579
2026-03-17T09:30:00+00:00,54022.5,54035.01,53930,54002.51,1146
2026-03-17T10:00:00+00:00,54002.51,54022.5,53837.5,53882.49,1089
2026-03-17T10:30:00+00:00,53882.49,54019.99,53877.49,54017.49,1090
2026-03-17T11:00:00+00:00,54017.49,54032.5,53954.99,53982.51,843
2026-03-17T11:30:00+00:00,53982.51,54032.5,53912.99,53932.51,783
2026-03-17T12:00:00+00:00,53932.51,54205,53917.49,54197.51,1120
2026-03-17T12:30:00+00:00,54197.51,54279.99,54172.49,54247.51,848
2026-03-17T13:00:00+00:00,54247.51,54467.49,54247.49,54437.49,1161
2026-03-17T13:30:00+00:00,54437.49,54647.49,54405,54560.5,2209
2026-03-17T14:00:00+00:00,54560.5,54602.5,54407.49,54472.479999999996,2075
2026-03-17T14:30:00+00:00,54472.479999999996,54549.99,54445,54547.49,1952
2026-03-17T15:00:00+00:00,54547.49,54582.5,54324.979999999996,54324.99,2036
2026-03-17T15:30:00+00:00,54324.99,54357.479999999996,54192.49,54259.99,2254
2026-03-17T16:00:00+00:00,54259.99,54327.479999999996,54145,54267.479999999996,2181
2026-03-17T16:30:00+00:00,54267.479999999996,54305,54162.479999999996,54237.5,1855
2026-03-17T17:00:00+00:00,54237.5,54349.979999999996,54215.479999999996,54319.99,1137
2026-03-17T17:30:00+00:00,54319.99,54377.49,54284.979999999996,54374.99,760
2026-03-17T18:00:00+00:00,54374.99,54420,54267.479999999996,54285,777
2026-03-17T18:30:00+00:00,54285,54395,54279.979999999996,54350,739
2026-03-17T19:00:00+00:00,54350,54360,54274.979999999996,54310,641
2026-03-17T19:30:00+00:00,54310,54354.99,54297.5,54352.49,460
2026-03-17T20:00:00+00:00,54352.49,54464.99,54335,54425,423
2026-03-17T20:30:00+00:00,54425,54494.99,54395.5,54459.979999999996,538
2026-03-17T22:00:00+00:00,54402.49,54402.49,54277.08,54307.07,69
2026-03-17T22:30:00+00:00,54307.07,54347.08,54257.07,54332.07,49
2026-03-17T23:00:00+00:00,54332.07,54389.08,54307.07,54337.08,153.5312828092718
2026-03-17T23:30:00+00:00,54337.08,54392.07,54232.09,54237.08,535
2026-03-18T00:00:00+00:00,54237.08,54571.59,54227.09,54387.079999999994,1524
2026-03-18T00:30:00+00:00,54387.079999999994,54576.59,54342.079999999994,54552.09,1111
2026-03-18T01:00:00+00:00,54552.09,54816.59,54552.09,54716.59,988
2026-03-18T01:30:00+00:00,54716.59,54716.59,54582.09,54679.079999999994,961
2026-03-18T02:00:00+00:00,54679.079999999994,54889.09999999999,54671.59999999999,54856.59,1173
2026-03-18T02:30:00+00:00,54856.59,54881.59999999999,54817.079999999994,54881.59,485
2026-03-18T03:00:00+00:00,54881.59,54909.079999999994,54827.079999999994,54896.579999999994,327
2026-03-18T03:30:00+00:00,54896.579999999994,55031.59999999999,54852.09,54997.09,704
2026-03-18T04:00:00+00:00,54997.09,55131.59999999999,54997.09,55081.59,503
2026-03-18T04:30:00+00:00,55081.59,55149.09,55022.09,55109.09,492
2026-03-18T05:00:00+00:00,55109.09,55126.59999999999,55042.09,55081.59999999999,376
2026-03-18T05:30:00+00:00,55081.59999999999,55166.59999999999,55056.579999999994,55111.59,421
2026-03-18T06:00:00+00:00,55111.59,55271.59999999999,55042.09999999999,55271.59999999999,972
2026-03-18T06:30:00+00:00,55271.59999999999,55281.59,54989.09,55089.09999999999,1183
2026-03-18T07:00:00+00:00,55089.09999999999,55111.59999999999,55026.579999999994,55079.079999999994,378
2026-03-18T07:30:00+00:00,55079.079999999994,55079.079999999994,54971.579999999994,54984.09,255
2026-03-18T08:00:00+00:00,54984.09,54984.09,54819.09,54821.579999999994,1375
2026-03-18T08:30:00+00:00,54821.579999999994,54914.09999999999,54776.59,54846.579999999994,1211
2026-03-18T09:00:00+00:00,54846.579999999994,54876.59999999999,54754.09,54809.09999999999,1145
2026-03-18T09:30:00+00:00,54809.09999999999,54834.09,54711.59999999999,54721.59999999999,700
2026-03-18T10:00:00+00:00,54721.59999999999,54854.09999999999,54711.59,54806.579999999994,619
2026-03-18T10:30:00+00:00,54806.579999999994,54831.579999999994,54696.59999999999,54716.59,580
2026-03-18T11:00:00+00:00,54716.59,54791.579999999994,54502.079999999994,54502.079999999994,1266
2026-03-18T11:30:00+00:00,54502.079999999994,54691.59999999999,54491.59999999999,54611.59,1633
2026-03-18T12:00:00+00:00,54611.59,54626.59999999999,54291.579999999994,54337.09999999999,2341
2026-03-18T12:30:00+00:00,54337.09999999999,54376.59999999999,54019.079999999994,54031.59999999999,2950
2026-03-18T13:00:00+00:00,54031.59999999999,54189.09,53971.579999999994,54181.59,2537
2026-03-18T13:30:00+00:00,54181.59,54316.59,54139.079999999994,54262.09999999999,3877
2026-03-18T14:00:00+00:00,54262.09999999999,54356.579999999994,53989.09,54054.079999999994,2582
2026-03-18T14:30:00+00:00,54054.079999999994,54179.079999999994,54011.59999999999,54176.59,1906
2026-03-18T15:00:00+00:00,54176.59,54276.59999999999,54071.579999999994,54126.579999999994,2215
2026-03-18T15:30:00+00:00,54126.579999999994,54184.09999999999,54089.09,54121.59999999999,2013
2026-03-18T16:00:00+00:00,54121.59999999999,54171.59999999999,54071.579999999994,54136.59999999999,1445
2026-03-18T16:30:00+00:00,54136.59999999999,54174.09999999999,54016.59,54129.09,1230
2026-03-18T17:00:00+00:00,54129.09,54139.09999999999,54039.09999999999,54136.579999999994,1083
2026-03-18T17:30:00+00:00,54136.579999999994,54256.59999999999,54094.09999999999,54219.079999999994,953
2026-03-18T18:00:00+00:00,54219.079999999994,54276.59,54106.59,54151.59,1758
2026-03-18T18:30:00+00:00,54151.59,54179.09999999999,53856.579999999994,53886.59,2303
2026-03-18T19:00:00+00:00,53886.59,54014.09,53691.59,53731.579999999994,1570
2026-03-18T19:30:00+00:00,53731.579999999994,53799.09999999999,53601.579999999994,53659.079999999994,1634
2026-03-18T20:00:00+00:00,53659.079999999994,53661.59,53317.079999999994,53327.09,857
2026-03-18T20:30:00+00:00,53327.09,53446.59,53297.079999999994,53426.59,539
2026-03-18T22:00:00+00:00,53421.58,53482.81,53372.79,53457.8,104
2026-03-18T22:30:00+00:00,53457.8,53497.3,53372.79,53482.8,117
2026-03-18T23:00:00+00:00,53482.8,53562.31,53462.81,53552.8,137.5719123842876
2026-03-18T23:30:00+00:00,53552.8,53822.29,53512.79,53527.81,1045
2026-03-19T00:00:00+00:00,53527.81,53824.79,53442.79,53737.81,2105
2026-03-19T00:30:00+00:00,53737.81,53782.31,53567.79,53667.8,1994
2026-03-19T01:00:00+00:00,53667.8,53714.81,53532.79,53657.8,1612
2026-03-19T01:30:00+00:00,53657.8,53772.3,53607.79,53662.3,1132
2026-03-19T02:00:00+00:00,53662.3,53822.31,53527.81,53802.81,1547
2026-03-19T02:30:00+00:00,53802.81,53882.8,53687.79,53732.8,1055
2026-03-19T03:00:00+00:00,53732.8,53782.31,53702.8,53727.81,684
2026-03-19T03:30:00+00:00,53727.81,53747.29,53597.79,53604.8,1070
2026-03-19T04:00:00+00:00,53604.8,53604.8,53417.81,53452.8,1092
2026-03-19T04:30:00+00:00,53452.8,53492.31,53347.79,53397.81,915
2026-03-19T05:00:00+00:00,53397.81,53477.31,53367.79,53377.81,1365
2026-03-19T05:30:00+00:00,53377.81,53402.29,53102.79,53102.8,1492
2026-03-19T06:00:00+00:00,53102.8,53332.3,53102.79,53217.81,1023
2026-03-19T06:30:00+00:00,53217.81,53277.29,53012.8,53102.8,1143
2026-03-19T07:00:00+00:00,53102.8,53177.8,52947.79,53112.81,846
2026-03-19T07:30:00+00:00,53112.81,53132.29,52792.3,52842.29,976
2026-03-19T08:00:00+00:00,52842.29,53002.31,52647.3,52667.8,4023
2026-03-19T08:30:00+00:00,52667.8,52747.29,52409.81,52574.81,4044
2026-03-19T09:00:00+00:00,52574.81,52777.31,52339.8,52437.31,4186
2026-03-19T09:30:00+00:00,52437.31,52984.81,52349.79,52927.3,4134
2026-03-19T10:00:00+00:00,52927.3,52927.3,52619.79,52682.29,2321
2026-03-19T10:30:00+00:00,52682.29,52702.31,52517.3,52597.29,2104
2026-03-19T11:00:00+00:00,52597.29,52689.79,52407.3,52472.3,2387
2026-03-19T11:30:00+00:00,52472.3,52602.3,52354.8,52572.79,1676
2026-03-19T12:00:00+00:00,52572.79,52604.8,52247.81,52257.79,2581
2026-03-19T12:30:00+00:00,52257.79,52274.79,52047.3,52099.81,2887
2026-03-19T13:00:00+00:00,52099.81,52222.31,51877.3,51899.8,3768
2026-03-19T13:30:00+00:00,51899.8,52452.3,51834.8,52422.8,7307
2026-03-19T14:00:00+00:00,52422.8,52542.29,52207.29,52254.79,4923
2026-03-19T14:30:00+00:00,52254.79,52579.81,52237.29,52487.29,4398
2026-03-19T15:00:00+00:00,52487.29,52752.31,52407.31,52489.8,3792
2026-03-19T15:30:00+00:00,52489.8,52562.3,52259.79,52554.79,5065
2026-03-19T16:00:00+00:00,52554.79,52654.81,52352.79,52469.8,4382
2026-03-19T16:30:00+00:00,52469.8,52564.81,52342.29,52442.81,3177
2026-03-19T17:00:00+00:00,52442.81,52534.79,52199.79,52489.81,2253
2026-03-19T17:30:00+00:00,52489.81,52522.31,52359.79,52447.31,1966
2026-03-19T18:00:00+00:00,52447.31,52649.8,52402.3,52467.29,1816
2026-03-19T18:30:00+00:00,52467.29,52639.81,52329.8,52627.3,1889
2026-03-19T19:00:00+00:00,52627.3,53289.79,52609.79,53057.3,6886
2026-03-19T19:30:00+00:00,53057.3,53084.81,52852.29,52982.81,3619
2026-03-19T20:00:00+00:00,52982.81,53172.31,52952.79,53144.8,639
2026-03-19T20:30:00+00:00,53144.8,53187.29,53077.79,53187.29,280
2026-03-19T22:00:00+00:00,53187.29,53287.3,53157.79,53237.81,103
2026-03-19T22:30:00+00:00,53237.81,53257.3,53142.79,53142.81,135
2026-03-19T23:00:00+00:00,53142.81,53307.29,53142.79,53292.29,171.94994969914808
2026-03-19T23:30:00+00:00,53292.29,53387.81,53197.79,53307.81,559
2026-03-20T00:00:00+00:00,53307.81,53357.81,53002.8,53092.81,1249
2026-03-20T00:30:00+00:00,53092.81,53237.29,53057.79,53237.29,1022
2026-03-20T01:00:00+00:00,53237.29,53344.81,53192.81,53327.3,1369
2026-03-20T01:30:00+00:00,53327.3,53547.81,53327.3,53369.79,860
2026-03-20T02:00:00+00:00,53369.79,53427.29,53307.8,53402.29,584
2026-03-20T02:30:00+00:00,53402.29,53467.31,53362.8,53417.3,387
2026-03-20T03:00:00+00:00,53417.3,53442.29,53357.79,53382.81,345
2026-03-20T03:30:00+00:00,53382.81,53427.31,53322.8,53372.81,335
2026-03-20T04:00:00+00:00,53372.81,53422.31,53312.79,53362.31,289
2026-03-20T04:30:00+00:00,53362.31,53374.81,53322.8,53342.8,181
2026-03-20T05:00:00+00:00,53342.8,53392.31,53217.79,53392.29,448
2026-03-20T05:30:00+00:00,53392.29,53412.31,53342.81,53402.31,434
2026-03-20T06:00:00+00:00,53402.31,53452.31,53302.81,53317.81,408
2026-03-20T06:30:00+00:00,53317.81,53332.29,53162.79,53177.8,393
2026-03-20T07:00:00+00:00,53177.8,53319.8,53052.79,53314.81,542
2026-03-20T07:30:00+00:00,53314.81,53457.29,53309.81,53414.79,538
2026-03-20T08:00:00+00:00,53414.79,53617.3,53374.81,53462.31,2199
2026-03-20T08:30:00+00:00,53462.31,53537.3,53402.81,53462.3,2018
2026-03-20T09:00:00+00:00,53462.3,53507.31,53199.81,53212.29,2805
2026-03-20T09:30:00+00:00,53212.29,53332.29,52844.81,52922.29,3643
2026-03-20T10:00:00+00:00,52922.29,52957.31,52637.29,52742.3,3819
2026-03-20T10:30:00+00:00,52742.3,52947.3,52737.31,52794.81,2578
2026-03-20T11:00:00+00:00,52794.81,53092.31,52784.8,53029.79,2252
2026-03-20T11:30:00+00:00,53029.79,53107.29,52964.79,53099.8,2047
2026-03-20T12:00:00+00:00,53099.8,53214.81,53002.79,53154.81,2374
2026-03-20T12:30:00+00:00,53154.81,53162.31,52972.31,53124.8,2405
2026-03-20T13:00:00+00:00,53124.8,53152.31,52924.81,52992.3,2064
2026-03-20T13:30:00+00:00,52992.3,53082.31,52662.31,52664.81,4664
2026-03-20T14:00:00+00:00,52664.81,52757.31,52252.81,52307.3,4850
2026-03-20T14:30:00+00:00,52307.3,52454.79,52069.8,52134.81,4103
2026-03-20T15:00:00+00:00,52134.81,52292.29,51952.3,51992.31,4013
2026-03-20T15:30:00+00:00,51992.31,52147.29,51982.29,52014.81,3218
2026-03-20T16:00:00+00:00,52014.81,52187.31,51957.3,51972.31,3655
2026-03-20T16:30:00+00:00,51972.31,51977.31,51777.29,51887.29,2825
2026-03-20T17:00:00+00:00,51887.29,51944.8,51732.8,51782.29,3055
2026-03-20T17:30:00+00:00,51782.29,51814.81,51597.29,51792.29,1681
2026-03-20T18:00:00+00:00,51792.29,51837.31,51402.3,51527.31,2217
2026-03-20T18:30:00+00:00,51527.31,51547.31,51344.79,51414.81,2267
2026-03-20T19:00:00+00:00,51414.81,51487.31,51227.3,51262.29,1684
2026-03-20T19:30:00+00:00,51262.29,51277.31,51024.8,51197.8,2709
2026-03-20T20:00:00+00:00,51197.8,51262.79,51132.79,51137.8,693
2026-03-20T20:30:00+00:00,51137.8,51164.81,51097.79,51117.29,233
2026-03-22T22:00:00+00:00,51117.29,51257.81,50532.79,51227.81,642
2026-03-22T22:30:00+00:00,51227.81,51232.8,50872.79,50942.81,311
2026-03-22T23:00:00+00:00,50942.81,51212.8,50942.81,51122.8,347
2026-03-22T23:30:00+00:00,51122.8,51314.79,50907.79,51077.81,1923
2026-03-23T00:00:00+00:00,51077.81,51547.3,50922.79,51357.81,4056
2026-03-23T00:30:00+00:00,51357.81,51357.81,50602.8,50622.8,3770
2026-03-23T01:00:00+00:00,50622.8,51272.31,50557.8,51087.31,4937
2026-03-23T01:30:00+00:00,51087.31,51512.81,51007.79,51387.79,3320
2026-03-23T02:00:00+00:00,51387.79,51607.3,51307.81,51457.29,3020
2026-03-23T02:30:00+00:00,51457.29,51457.29,51217.81,51317.8,1850
2026-03-23T03:00:00+00:00,51317.8,51407.29,51192.8,51272.8,1685
2026-03-23T03:30:00+00:00,51272.8,51407.3,51072.79,51137.3,3679
2026-03-23T04:00:00+00:00,51137.3,51329.8,51022.8,51322.3,2627
2026-03-23T04:30:00+00:00,51322.3,51412.31,51287.79,51392.8,1555
2026-03-23T05:00:00+00:00,51392.8,51557.29,51352.79,51412.31,1831
2026-03-23T05:30:00+00:00,51412.31,51557.29,51267.79,51442.8,1953
2026-03-23T06:00:00+00:00,51442.8,51492.31,51332.79,51362.8,2947
2026-03-23T06:30:00+00:00,51362.8,51367.31,50777.79,50972.8,2044
2026-03-23T07:00:00+00:00,50972.8,51107.29,50692.81,50802.81,1471
2026-03-23T07:30:00+00:00,50802.81,50972.3,50757.81,50842.3,1924
2026-03-23T08:00:00+00:00,50842.3,51467.29,50802.79,51302.31,6271
2026-03-23T08:30:00+00:00,51302.31,51577.29,51294.8,51507.31,5144
2026-03-23T09:00:00+00:00,51507.31,51779.79,51387.3,51654.79,4478
2026-03-23T09:30:00+00:00,51654.79,51657.29,51244.79,51292.3,3568
2026-03-23T10:00:00+00:00,51292.3,51462.3,51184.8,51197.3,3715
2026-03-23T10:30:00+00:00,51197.3,51397.31,51102.29,51339.79,3626
2026-03-23T11:00:00+00:00,51339.79,54117.79,51339.79,53362.29,8825
2026-03-23T11:30:00+00:00,53362.29,53837.81,52572.79,52617.8,7954
2026-03-23T12:00:00+00:00,52617.8,53132.3,52377.8,53067.81,6915
2026-03-23T12:30:00+00:00,53067.81,53394.8,52777.79,53312.81,7236
2026-03-23T13:00:00+00:00,53312.81,53467.31,52872.79,52892.3,4165
2026-03-23T13:30:00+00:00,52892.3,53247.3,52764.81,53207.79,5573
2026-03-23T14:00:00+00:00,53207.79,53559.8,53112.79,53377.3,5556
2026-03-23T14:30:00+00:00,53377.3,53564.79,53199.79,53527.31,3456
2026-03-23T15:00:00+00:00,53527.31,53767.31,53497.29,53502.3,3347
2026-03-23T15:30:00+00:00,53502.3,53542.31,52942.29,52949.79,4013
2026-03-23T16:00:00+00:00,52949.79,53052.31,52712.29,52724.79,3101
2026-03-23T16:30:00+00:00,52724.79,53072.8,52709.79,52932.29,3240
2026-03-23T17:00:00+00:00,52932.29,53099.79,52884.81,53064.8,3384
2026-03-23T17:30:00+00:00,53064.8,53347.31,53064.8,53254.81,2902
2026-03-23T18:00:00+00:00,53254.81,53297.31,53077.3,53254.81,2678
2026-03-23T18:30:00+00:00,53254.81,53504.81,53254.81,53367.3,2472
2026-03-23T19:00:00+00:00,53367.3,53394.81,53194.79,53242.3,2040
2026-03-23T19:30:00+00:00,53242.3,53357.31,53117.79,53127.8,1959
2026-03-23T20:00:00+00:00,53127.8,53202.8,53057.79,53132.79,949
2026-03-23T20:30:00+00:00,53132.79,53187.29,53097.79,53164.81,467
2026-03-23T22:00:00+00:00,53164.81,53164.81,52692.8,53072.79,171
2026-03-23T22:30:00+00:00,53072.79,53172.81,53037.79,53152.81,69
2026-03-23T23:00:00+00:00,53152.81,53187.81,53082.81,53182.8,120.07922688002182
2026-03-23T23:30:00+00:00,53182.8,53212.31,52837.79,52927.8,899
2026-03-24T00:00:00+00:00,52927.8,52927.8,52177.8,52342.79,3802
2026-03-24T00:30:00+00:00,52342.79,52422.81,51927.79,52137.81,3050
2026-03-24T01:00:00+00:00,52137.81,52172.3,51727.8,52057.81,2699
2026-03-24T01:30:00+00:00,52057.81,52082.3,51722.8,51807.81,2270
2026-03-24T02:00:00+00:00,51807.81,51887.29,51542.8,51857.3,2773
2026-03-24T02:30:00+00:00,51857.3,51987.31,51787.79,51817.8,1457
2026-03-24T03:00:00+00:00,51817.8,51902.3,51722.81,51852.81,1134
2026-03-24T03:30:00+00:00,51852.81,51977.31,51637.79,51972.79,1941
2026-03-24T04:00:00+00:00,51972.79,52132.31,51867.79,51912.81,1096
2026-03-24T04:30:00+00:00,51912.81,51947.3,51777.79,51812.8,942
2026-03-24T05:00:00+00:00,51812.8,51967.29,51627.81,51642.81,1885
2026-03-24T05:30:00+00:00,51642.81,51962.3,51627.29,51952.8,1460
2026-03-24T06:00:00+00:00,51952.8,52222.29,51932.79,52202.31,1062
2026-03-24T06:30:00+00:00,52202.31,52577.3,52192.8,52537.81,1230
2026-03-24T07:00:00+00:00,52537.81,53002.81,52532.8,52932.8,1362
2026-03-24T07:30:00+00:00,52932.8,52957.29,52792.79,52852.8,1373
2026-03-24T08:00:00+00:00,52852.8,53027.29,52652.29,52667.31,4335
2026-03-24T08:30:00+00:00,52667.31,52827.31,52497.8,52577.3,4160
2026-03-24T09:00:00+00:00,52577.3,52632.31,52287.3,52517.31,3550
2026-03-24T09:30:00+00:00,52517.31,52762.31,52457.3,52714.81,2881
2026-03-24T10:00:00+00:00,52714.81,52782.31,52532.3,52642.81,2339
2026-03-24T10:30:00+00:00,52642.81,52797.3,52552.31,52702.3,2435
2026-03-24T11:00:00+00:00,52702.3,52787.3,52587.29,52654.81,2454
2026-03-24T11:30:00+00:00,52654.81,52777.29,52332.29,52752.29,2774
2026-03-24T12:00:00+00:00,52752.29,52794.81,52539.81,52622.8,2381
2026-03-24T12:30:00+00:00,52622.8,52627.81,52312.29,52364.81,2740
2026-03-24T13:00:00+00:00,52364.81,52444.8,52162.31,52277.31,3562
2026-03-24T13:30:00+00:00,52277.31,52442.29,52102.29,52342.3,6414
2026-03-24T14:00:00+00:00,52342.3,52519.8,52257.31,52289.81,4445
2026-03-24T14:30:00+00:00,52289.81,52754.79,52282.29,52537.29,5939
2026-03-24T15:00:00+00:00,52537.29,52847.31,52537.29,52747.31,4226
2026-03-24T15:30:00+00:00,52747.31,52847.3,52592.29,52594.8,2626
2026-03-24T16:00:00+00:00,52594.8,52787.3,52542.29,52749.79,2979
2026-03-24T16:30:00+00:00,52749.79,52789.79,52557.31,52722.29,2720
2026-03-24T17:00:00+00:00,52722.29,52747.3,52387.29,52527.3,4254
2026-03-24T17:30:00+00:00,52527.3,52677.8,52419.8,52659.81,2687
2026-03-24T18:00:00+00:00,52659.81,52757.29,52564.81,52712.8,2088
2026-03-24T18:30:00+00:00,52712.8,52972.31,52697.31,52769.79,2595
2026-03-24T19:00:00+00:00,52769.79,52894.81,52754.8,52757.29,1456
2026-03-24T19:30:00+00:00,52757.29,52769.81,52552.79,52587.31,1809
2026-03-24T20:00:00+00:00,52587.31,53472.81,52577.8,53157.8,1574
2026-03-24T20:30:00+00:00,53157.8,53524.79,53092.8,53242.29,2127
2026-03-24T22:00:00+00:00,53242.29,53397.8,53242.29,53332.81,88
2026-03-24T22:30:00+00:00,53332.81,53427.79,53302.79,53407.8,77
2026-03-24T23:00:00+00:00,53407.8,53424.79,53307.79,53372.8,220.77485411140583
2026-03-24T23:30:00+00:00,53372.8,53457.31,53287.79,53412.79,720
2026-03-25T00:00:00+00:00,53412.79,53824.81,53412.79,53767.79,2264
2026-03-25T00:30:00+00:00,53767.79,53962.81,53662.79,53812.8,1646
2026-03-25T01:00:00+00:00,53812.8,53922.29,53662.81,53692.8,2450
2026-03-25T01:30:00+00:00,53692.8,53777.3,53597.79,53607.8,1951
2026-03-25T02:00:00+00:00,53607.8,53672.3,53382.79,53537.31,1354
2026-03-25T02:30:00+00:00,53537.31,53567.31,53382.8,53407.3,1038
2026-03-25T03:00:00+00:00,53407.3,53497.31,53317.81,53397.8,1071
2026-03-25T03:30:00+00:00,53397.8,53609.81,53367.79,53607.8,1510
2026-03-25T04:00:00+00:00,53607.8,53812.29,53562.8,53797.79,764
2026-03-25T04:30:00+00:00,53797.79,53847.3,53687.8,53757.8,940
2026-03-25T05:00:00+00:00,53757.8,53812.3,53652.79,53697.31,1355
2026-03-25T05:30:00+00:00,53697.31,53782.31,53632.79,53687.3,1193
2026-03-25T06:00:00+00:00,53687.3,53712.31,53627.79,53692.29,1260
2026-03-25T06:30:00+00:00,53692.29,53802.8,53547.81,53727.31,1214
2026-03-25T07:00:00+00:00,53727.31,53792.31,53622.79,53657.8,685
2026-03-25T07:30:00+00:00,53657.8,53852.79,53657.79,53812.29,649
2026-03-25T08:00:00+00:00,53812.29,54317.31,53812.29,54152.31,3280
2026-03-25T08:30:00+00:00,54152.31,54224.81,53787.3,53839.81,2617
2026-03-25T09:00:00+00:00,53839.81,53977.31,53779.79,53809.81,2249
2026-03-25T09:30:00+00:00,53809.81,53922.29,53684.8,53842.8,2014
2026-03-25T10:00:00+00:00,53842.8,53997.3,53737.8,53752.3,1925
2026-03-25T10:30:00+00:00,53752.3,53857.29,53727.8,53817.3,1559
2026-03-25T11:00:00+00:00,53817.3,53977.3,53812.29,53932.29,1432
2026-03-25T11:30:00+00:00,53932.29,54032.3,53827.3,53972.31,1569
2026-03-25T12:00:00+00:00,53972.31,54109.79,53687.79,53722.8,2960
2026-03-25T12:30:00+00:00,53722.8,53842.3,53542.79,53799.8,2601
2026-03-25T13:00:00+00:00,53799.8,53964.79,53749.8,53802.29,1905
2026-03-25T13:30:00+00:00,53802.29,53942.31,53592.31,53647.3,4480
2026-03-25T14:00:00+00:00,53647.3,53967.3,53539.79,53922.3,3471
2026-03-25T14:30:00+00:00,53922.3,53984.8,53857.31,53907.3,2826
2026-03-25T15:00:00+00:00,53907.3,53937.31,53362.3,53822.3,4095
2026-03-25T15:30:00+00:00,53822.3,53852.3,53617.3,53684.79,3039
2026-03-25T16:00:00+00:00,53684.79,53822.3,53567.3,53764.79,2460
2026-03-25T16:30:00+00:00,53764.79,53877.31,53712.79,53854.8,2100
2026-03-25T17:00:00+00:00,53854.8,53924.81,53777.79,53897.29,1647
2026-03-25T17:30:00+00:00,53897.29,54012.31,53807.81,53857.81,1509
2026-03-25T18:00:00+00:00,53857.81,53964.8,53832.8,53882.29,1303
2026-03-25T18:30:00+00:00,53882.29,53932.29,53702.8,53812.31,1299
2026-03-25T19:00:00+00:00,53812.31,53907.3,53737.31,53847.3,1472
2026-03-25T19:30:00+00:00,53847.3,53869.79,53774.8,53847.31,1478
2026-03-25T20:00:00+00:00,53847.31,53882.29,53762.79,53777.31,599
2026-03-25T20:30:00+00:00,53777.31,53814.81,53747.81,53752.3,259
2026-03-25T22:00:00+00:00,53752.3,53767.8,53607.79,53607.79,107
2026-03-25T22:30:00+00:00,53607.79,53737.29,53607.79,53687.8,50
2026-03-25T23:00:00+00:00,53687.8,53737.79,53657.79,53667.8,125.57984437532734
2026-03-25T23:30:00+00:00,53667.8,53842.31,53442.79,53797.8,822.3481586402266
2026-03-26T00:00:00+00:00,53797.8,54112.3,53797.8,53962.3,2490
2026-03-26T00:30:00+00:00,53962.3,54062.31,53872.79,53932.79,2136
2026-03-26T01:00:00+00:00,53932.79,54097.31,53897.81,53977.79,2279
2026-03-26T01:30:00+00:00,53977.79,54054.81,53882.31,53912.81,1724
2026-03-26T02:00:00+00:00,53912.81,53967.31,53572.3,53572.81,1940
2026-03-26T02:30:00+00:00,53572.81,53602.31,53292.79,53442.31,2203
2026-03-26T03:00:00+00:00,53442.31,53562.31,53422.79,53522.81,1089
2026-03-26T03:30:00+00:00,53522.81,53707.31,53472.79,53527.81,2078
2026-03-26T04:00:00+00:00,53527.81,53567.3,53417.79,53522.3,1611
2026-03-26T04:30:00+00:00,53522.3,53557.31,53317.79,53342.3,1235
2026-03-26T05:00:00+00:00,53342.3,53407.3,53112.8,53177.3,2432
2026-03-26T05:30:00+00:00,53177.3,53299.8,53092.79,53217.79,2373
2026-03-26T06:00:00+00:00,53217.79,53467.3,53147.31,53412.79,2459
2026-03-26T06:30:00+00:00,53412.79,53497.3,53357.79,53472.31,1445
2026-03-26T07:00:00+00:00,53472.31,53479.81,53177.8,53342.8,812
2026-03-26T07:30:00+00:00,53342.8,53412.3,53297.8,53347.29,557
2026-03-26T08:00:00+00:00,53347.29,53512.29,53262.3,53272.31,2896
2026-03-26T08:30:00+00:00,53272.31,53422.3,53212.79,53339.8,2206
2026-03-26T09:00:00+00:00,53339.8,53367.3,53107.29,53132.31,2645
2026-03-26T09:30:00+00:00,53132.31,53222.31,52999.79,53189.81,1763
2026-03-26T10:00:00+00:00,53189.81,53322.31,53112.31,53262.29,1333
2026-03-26T10:30:00+00:00,53262.29,53297.31,53104.79,53159.79,1634
2026-03-26T11:00:00+00:00,53159.79,53187.3,52957.29,52997.81,1114
2026-03-26T11:30:00+00:00,52997.81,53022.3,52817.79,52824.81,1248
2026-03-26T12:00:00+00:00,52824.81,53037.29,52777.79,52967.79,1361
2026-03-26T12:30:00+00:00,52967.79,52967.8,52797.81,52952.29,1613
2026-03-26T13:00:00+00:00,52952.29,53077.3,52942.29,53054.79,1648
2026-03-26T13:30:00+00:00,53054.79,53334.8,52987.29,53319.79,4670
2026-03-26T14:00:00+00:00,53319.79,53409.81,53182.79,53247.3,3128
2026-03-26T14:30:00+00:00,53247.3,53382.31,52862.79,53032.31,3707
2026-03-26T15:00:00+00:00,53032.31,53107.29,52972.3,53017.29,2803
2026-03-26T15:30:00+00:00,53017.29,53102.29,52924.79,53022.3,2114
2026-03-26T16:00:00+00:00,53022.3,53059.79,52794.79,52817.3,1714
2026-03-26T16:30:00+00:00,52817.3,52862.31,52734.8,52797.31,1747
2026-03-26T17:00:00+00:00,52797.31,52842.31,52634.81,52689.79,1114
2026-03-26T17:30:00+00:00,52689.79,52744.79,52487.8,52502.8,1242
2026-03-26T18:00:00+00:00,52502.8,52602.31,52502.8,52514.8,704
2026-03-26T18:30:00+00:00,52514.8,52659.81,52514.8,52632.3,1150
2026-03-26T19:00:00+00:00,52632.3,52644.81,52439.8,52487.31,1423
2026-03-26T19:30:00+00:00,52487.31,52497.29,52312.79,52327.79,1381
2026-03-26T20:00:00+00:00,52327.79,52969.79,52262.79,52532.8,2150
2026-03-26T20:30:00+00:00,52532.8,52697.81,52532.8,52584.8,988
2026-03-26T22:00:00+00:00,52584.8,52692.29,52542.79,52627.81,108
2026-03-26T22:30:00+00:00,52627.81,52707.29,52627.79,52662.8,74
2026-03-26T23:00:00+00:00,52662.8,52699.81,52612.79,52670.8,150.45543748251438
2026-03-26T23:30:00+00:00,52670.8,52892.79,52625.81,52825.79,833
2026-03-27T00:00:00+00:00,52825.79,53080.29,52560.81,52645.79,2606
2026-03-27T00:30:00+00:00,52645.79,52742.81,52420.79,52510.29,2403
2026-03-27T01:00:00+00:00,52510.29,52905.31,52460.8,52905.3,2072
2026-03-27T01:30:00+00:00,52905.3,53045.31,52870.29,52940.3,1681
2026-03-27T02:00:00+00:00,52940.3,53160.3,52935.79,53075.79,2386
2026-03-27T02:30:00+00:00,53075.79,53162.79,53055.79,53110.31,1245
2026-03-27T03:00:00+00:00,53110.31,53195.29,53100.29,53142.81,1381
2026-03-27T03:30:00+00:00,53142.81,53380.81,53130.81,53360.8,2088
2026-03-27T04:00:00+00:00,53360.8,53470.31,53325.79,53390.81,1014
2026-03-27T04:30:00+00:00,53390.81,53545.3,53355.79,53505.8,1016
2026-03-27T05:00:00+00:00,53505.8,53630.8,53480.79,53535.79,1193
2026-03-27T05:30:00+00:00,53535.79,53550.31,53390.79,53415.31,1520
2026-03-27T06:00:00+00:00,53415.31,53482.81,53290.79,53400.81,1689
2026-03-27T06:30:00+00:00,53400.81,53400.81,53005.79,53040.79,1364
2026-03-27T07:00:00+00:00,53040.79,53060.31,52840.81,52850.31,651
2026-03-27T07:30:00+00:00,52850.31,52905.3,52790.79,52862.81,741
2026-03-27T08:00:00+00:00,52862.81,52960.31,52482.79,52505.3,3262
2026-03-27T08:30:00+00:00,52505.3,52605.3,52455.3,52462.8,2772
2026-03-27T09:00:00+00:00,52462.8,52475.3,52255.3,52415.31,2170
2026-03-27T09:30:00+00:00,52415.31,52477.8,52235.8,52267.79,1601
2026-03-27T10:00:00+00:00,52267.79,52380.29,52225.31,52280.29,1668
2026-03-27T10:30:00+00:00,52280.29,52315.3,52005.31,52030.31,1731
2026-03-27T11:00:00+00:00,52030.31,52127.79,51942.81,52125.31,2027
2026-03-27T11:30:00+00:00,52125.31,52205.31,52057.81,52120.31,1514
2026-03-27T12:00:00+00:00,52120.31,52125.31,51970.29,52067.79,1619
2026-03-27T12:30:00+00:00,52067.79,52142.81,52022.79,52092.81,1770
2026-03-27T13:00:00+00:00,52092.81,52115.31,51965.29,52077.79,1996
2026-03-27T13:30:00+00:00,52077.79,52162.79,51810.8,51815.79,4456
2026-03-27T14:00:00+00:00,51815.79,52010.31,51805.79,51820.3,3549
2026-03-27T14:30:00+00:00,51820.3,51930.31,51707.79,51892.81,3427
2026-03-27T15:00:00+00:00,51892.81,52105.31,51830.29,52022.81,3319
2026-03-27T15:30:00+00:00,52022.81,52155.31,51922.79,51945.31,2622
2026-03-27T16:00:00+00:00,51945.31,51992.79,51807.79,51842.79,1665
2026-03-27T16:30:00+00:00,51842.79,51912.81,51747.81,51837.79,1330
2026-03-27T17:00:00+00:00,51837.79,51947.79,51670.29,51687.81,1157
2026-03-27T17:30:00+00:00,51687.81,51737.8,51612.81,51625.3,803
2026-03-27T18:00:00+00:00,51625.3,51670.29,51570.29,51637.81,1108
2026-03-27T18:30:00+00:00,51637.81,51707.79,51572.8,51587.79,981
2026-03-27T19:00:00+00:00,51587.79,51607.81,51512.8,51547.79,1347
2026-03-27T19:30:00+00:00,51547.79,51602.81,51415.31,51555.29,1450
2026-03-27T20:00:00+00:00,51555.29,51610.81,51395.79,51440.3,560
2026-03-27T20:30:00+00:00,51440.3,51492.79,51405.79,51450.79,266
2026-03-29T22:00:00+00:00,51447.79,51447.79,50345.21,50710.2,690
2026-03-29T22:30:00+00:00,50710.2,50729.7,50490.2,50522.21,407
2026-03-29T23:00:00+00:00,50522.21,50639.7,50420.2,50620.2,491
2026-03-29T23:30:00+00:00,50620.2,50805.22,50485.2,50735.2,1890
2026-03-30T00:00:00+00:00,50735.2,50870.21,50305.22,50725.22,5950
2026-03-30T00:30:00+00:00,50725.22,50820.21,50555.22,50730.21,3856
2026-03-30T01:00:00+00:00,50730.21,50939.7,50710.21,50850.22,4074
2026-03-30T01:30:00+00:00,50850.22,51020.22,50835.21,50855.2,2376
2026-03-30T02:00:00+00:00,50855.2,50965.22,50705.2,50820.21,2258
2026-03-30T02:30:00+00:00,50820.21,51235.21,50740.21,51115.21,1883
2026-03-30T03:00:00+00:00,51115.21,51350.2,51100.21,51325.21,1415
2026-03-30T03:30:00+00:00,51325.21,51505.22,51290.21,51470.21,2104
2026-03-30T04:00:00+00:00,51470.21,51529.71,51375.2,51465.21,1620
2026-03-30T04:30:00+00:00,51465.21,51559.72,51390.2,51470.22,1254
2026-03-30T05:00:00+00:00,51470.22,51640.21,51455.21,51535.22,1311
2026-03-30T05:30:00+00:00,51535.22,51614.72,51500.2,51555.21,1153
2026-03-30T06:00:00+00:00,51555.21,51762.22,51530.2,51712.22,1655
2026-03-30T06:30:00+00:00,51712.22,51879.72,51680.2,51799.7,1591
2026-03-30T07:00:00+00:00,51799.7,51824.72,51665.21,51725.22,955
2026-03-30T07:30:00+00:00,51725.22,51907.22,51720.21,51899.71,1003
2026-03-30T08:00:00+00:00,51899.71,51964.72,51742.21,51919.71,2353
2026-03-30T08:30:00+00:00,51919.71,52027.21,51889.7,51999.72,1558
2026-03-30T09:00:00+00:00,51999.72,52014.72,51715.22,51719.72,1575
2026-03-30T09:30:00+00:00,51719.72,51734.72,51635.2,51707.2,1161
2026-03-30T10:00:00+00:00,51707.2,51757.21,51657.2,51687.2,1181
2026-03-30T10:30:00+00:00,51687.2,51704.71,51605.22,51677.2,1326
2026-03-30T11:00:00+00:00,51677.2,52130.22,51677.2,51895.2,2960
2026-03-30T11:30:00+00:00,51895.2,51934.72,51680.2,51729.72,2679
2026-03-30T12:00:00+00:00,51729.72,51802.21,51650.2,51777.2,1547
2026-03-30T12:30:00+00:00,51777.2,51842.22,51764.7,51837.21,1103
2026-03-30T13:00:00+00:00,51837.21,51912.22,51752.21,51774.71,1498
2026-03-30T13:30:00+00:00,51774.71,51839.72,51404.7,51442.2,5748
2026-03-30T14:00:00+00:00,51442.2,51622.22,51442.2,51459.72,4932
2026-03-30T14:30:00+00:00,51459.72,51564.7,51309.7,51542.2,4616
2026-03-30T15:00:00+00:00,51542.2,51674.72,51374.7,51504.7,3488
2026-03-30T15:30:00+00:00,51504.7,51747.22,51470.2,51622.22,3419
2026-03-30T16:00:00+00:00,51622.22,51637.22,51332.21,51332.21,2764
2026-03-30T16:30:00+00:00,51332.21,51389.72,51294.7,51322.22,1839
2026-03-30T17:00:00+00:00,51322.22,51367.2,51062.2,51067.2,2584
2026-03-30T17:30:00+00:00,51067.2,51259.7,51032.2,51099.72,2310.73828125
2026-03-30T18:00:00+00:00,51099.72,51159.72,51020.2,51034.71,1572
2026-03-30T18:30:00+00:00,51034.71,51119.71,50922.2,50952.22,774
2026-03-30T19:00:00+00:00,50952.22,50964.72,50749.7,50787.22,1983
2026-03-30T19:30:00+00:00,50787.22,50972.22,50784.7,50945.22,2498
2026-03-30T20:00:00+00:00,50945.22,50979.7,50830.2,50867.21,584
2026-03-30T20:30:00+00:00,50867.21,50954.72,50855.2,50917.2,221
2026-03-30T22:00:00+00:00,50917.2,51059.72,50917.2,51040.22,81
2026-03-30T22:30:00+00:00,51040.22,51064.72,50950.22,50950.22,115
2026-03-30T23:00:00+00:00,50950.22,50950.22,50740.2,50835.22,238.97308805995573
2026-03-30T23:30:00+00:00,50835.22,50919.72,50695.21,50895.22,790
2026-03-31T00:00:00+00:00,50895.22,50939.7,50445.2,50660.2,4073
2026-03-31T00:30:00+00:00,50660.2,51470.21,50505.2,51265.21,7751
2026-03-31T01:00:00+00:00,51265.21,51679.7,51020.2,51660.22,5259
2026-03-31T01:30:00+00:00,51660.22,52075.21,51630.22,51844.71,5402
2026-03-31T02:00:00+00:00,51844.71,51892.22,51605.2,51705.21,3619
2026-03-31T02:30:00+00:00,51705.21,51874.7,51615.2,51645.2,2287
2026-03-31T03:00:00+00:00,51645.2,51834.72,51585.2,51600.2,1427
2026-03-31T03:30:00+00:00,51600.2,51624.72,51195.2,51214.7,2046
2026-03-31T04:00:00+00:00,51214.7,51269.71,51040.2,51055.21,1859
2026-03-31T04:30:00+00:00,51055.21,51234.72,51050.22,51137.2,2230
2026-03-31T05:00:00+00:00,51137.2,51384.72,51050.2,51270.21,3095
2026-03-31T05:30:00+00:00,51270.21,51559.7,51260.2,51434.72,2343
2026-03-31T06:00:00+00:00,51434.72,51454.72,51064.7,51114.71,2958
2026-03-31T06:30:00+00:00,51114.71,51289.7,50910.2,51135.21,1951
2026-03-31T07:00:00+00:00,51135.21,51244.72,50965.2,51125.22,1361
2026-03-31T07:30:00+00:00,51125.22,51469.7,51120.2,51450.2,1377
2026-03-31T08:00:00+00:00,51450.2,51549.7,51300.2,51320.2,2739
2026-03-31T08:30:00+00:00,51320.2,51459.71,51230.22,51285.2,2679
2026-03-31T09:00:00+00:00,51285.2,51467.2,51275.21,51325.21,1921
2026-03-31T09:30:00+00:00,51325.21,51454.72,51255.2,51330.22,2103
2026-03-31T10:00:00+00:00,51330.22,51459.71,51295.21,51365.22,1613
2026-03-31T10:30:00+00:00,51365.22,51389.72,51095.2,51299.7,1736
2026-03-31T11:00:00+00:00,51299.7,51720.21,51240.2,51585.22,4569
2026-03-31T11:30:00+00:00,51585.22,51674.72,51470.2,51655.21,2579
2026-03-31T12:00:00+00:00,51655.21,51840.22,51410.2,51640.2,3625
2026-03-31T12:30:00+00:00,51640.2,51754.71,51585.21,51614.7,2314
2026-03-31T13:00:00+00:00,51614.7,51697.21,51545.2,51615.21,1983
2026-03-31T13:30:00+00:00,51615.21,51924.72,51550.2,51865.2,7000
2026-03-31T14:00:00+00:00,51865.2,51949.72,51780.2,51892.21,5569
2026-03-31T14:30:00+00:00,51892.21,51934.72,51445.22,51519.72,5468
2026-03-31T15:00:00+00:00,51519.72,51817.22,51519.72,51614.7,4363
2026-03-31T15:30:00+00:00,51614.7,51694.72,51530.2,51560.22,4186
2026-03-31T16:00:00+00:00,51560.22,51794.72,51535.2,51719.71,2676
2026-03-31T16:30:00+00:00,51719.71,52714.72,51685.2,52397.22,17839
2026-03-31T17:00:00+00:00,52397.22,52609.72,52334.7,52470.2,10587
2026-03-31T17:30:00+00:00,52470.2,52679.72,52455.2,52500.21,6524
2026-03-31T18:00:00+00:00,52500.21,52684.72,52500.21,52620.2,3641
2026-03-31T18:30:00+00:00,52620.2,52739.72,52580.2,52717.21,2356
2026-03-31T19:00:00+00:00,52717.21,52822.21,52625.2,52772.2,1778
2026-03-31T19:30:00+00:00,52772.2,52969.72,52770.2,52912.21,2276
2026-03-31T20:00:00+00:00,52912.21,53044.72,52895.2,53025.22,766
2026-03-31T20:30:00+00:00,53025.22,53025.22,52815.2,52837.21,367
2026-03-31T22:00:00+00:00,52847.21,52985.21,52847.21,52955.2,108
2026-03-31T22:30:00+00:00,52955.2,52997.21,52945.2,52974.71,89
2026-03-31T23:00:00+00:00,52974.71,52999.71,52895.21,52919.71,208.74069791885643
2026-03-31T23:30:00+00:00,52919.71,53175.22,52730.21,53175.22,1069
2026-04-01T00:00:00+00:00,53175.22,53195.22,52700.2,52750.21,3003
2026-04-01T00:30:00+00:00,52750.21,53009.7,52630.2,53004.71,2249
2026-04-01T01:00:00+00:00,53004.71,53029.72,52675.22,53005.2,3372
2026-04-01T01:30:00+00:00,53005.2,53099.71,52925.2,53087.21,1781
2026-04-01T02:00:00+00:00,53087.21,53229.72,53050.2,53075.2,1487
2026-04-01T02:30:00+00:00,53075.2,53089.71,53010.2,53049.72,946
2026-04-01T03:00:00+00:00,53049.72,53144.72,53015.22,53105.2,764
2026-04-01T03:30:00+00:00,53105.2,53324.71,53095.21,53274.71,1411
2026-04-01T04:00:00+00:00,53274.71,53392.2,53270.2,53354.72,690
2026-04-01T04:30:00+00:00,53354.72,53399.72,53265.2,53310.2,833
2026-04-01T05:00:00+00:00,53310.2,53484.72,53310.2,53474.71,1026
2026-04-01T05:30:00+00:00,53474.71,53582.22,53445.2,53484.71,1225
2026-04-01T06:00:00+00:00,53484.71,53759.7,53455.21,53734.71,1519
2026-04-01T06:30:00+00:00,53734.71,54087.22,53695.2,54009.72,1740
2026-04-01T07:00:00+00:00,54009.72,54049.72,53887.21,53952.2,920
2026-04-01T07:30:00+00:00,53952.2,54129.72,53705.2,53724.7,1449
2026-04-01T08:00:00+00:00,53724.7,53984.71,53550.2,53869.72,2867
2026-04-01T08:30:00+00:00,53869.72,53889.72,53620.22,53834.71,2277
2026-04-01T09:00:00+00:00,53834.71,53904.7,53544.7,53637.2,1981
2026-04-01T09:30:00+00:00,53637.2,53817.21,53625.21,53739.7,1906
2026-04-01T10:00:00+00:00,53739.7,53807.21,53640.22,53704.71,1956
2026-04-01T10:30:00+00:00,53704.71,53889.72,53664.7,53854.72,1368
2026-04-01T11:00:00+00:00,53854.72,54027.2,53839.7,54009.72,1126
2026-04-01T11:30:00+00:00,54009.72,54167.21,53992.22,54089.7,1438
2026-04-01T12:00:00+00:00,54089.7,54112.22,53895.2,53915.21,1034
2026-04-01T12:30:00+00:00,53915.21,54380.21,53775.2,53810.2,4867
2026-04-01T13:00:00+00:00,53810.2,53939.72,53685.22,53907.21,2740
2026-04-01T13:30:00+00:00,53907.21,54114.71,53775.21,53985.21,5649
2026-04-01T14:00:00+00:00,53985.21,54174.71,53970.2,54095.2,5767
2026-04-01T14:30:00+00:00,54095.2,54267.22,53935.22,54222.2,4998
2026-04-01T15:00:00+00:00,54222.2,54304.7,54154.7,54217.22,2182
2026-04-01T15:30:00+00:00,54217.22,54544.72,54202.2,54519.7,1681
2026-04-01T16:00:00+00:00,54519.7,54564.72,54419.7,54432.2,1265
2026-04-01T16:30:00+00:00,54432.2,54509.71,54402.2,54504.7,683
2026-04-01T17:00:00+00:00,54504.7,54582.22,54492.21,54522.21,803
2026-04-01T17:30:00+00:00,54522.21,54537.2,54317.21,54317.21,952
2026-04-01T18:00:00+00:00,54317.21,54332.21,53929.72,53969.71,3001
2026-04-01T18:30:00+00:00,53969.71,54069.72,53880.2,53959.71,2040
2026-04-01T19:00:00+00:00,53959.71,54194.71,53945.21,54169.72,1110
2026-04-01T19:30:00+00:00,54169.72,54222.2,54010.21,54102.2,1593
2026-04-01T20:00:00+00:00,54102.2,54124.72,54010.2,54027.2,328
2026-04-01T20:30:00+00:00,54027.2,54162.21,54027.2,54115.22,242.8882163797995
2026-04-01T22:00:00+00:00,54115.22,54190.22,54069.7,54160.22,88
2026-04-01T22:30:00+00:00,54160.22,54184.7,54090.22,54175.22,94
2026-04-01T23:00:00+00:00,54175.22,54307.21,54140.2,54272.71,198.5848317358452
2026-04-01T23:30:00+00:00,54272.71,54322.2,54037.72,54122.7,769
2026-04-02T00:00:00+00:00,54122.7,54212.72,53907.7,53927.72,3343
2026-04-02T00:30:00+00:00,53927.72,54177.7,53877.7,54117.7,2823
2026-04-02T01:00:00+00:00,54117.7,54157.71,53167.71,53202.7,10570
2026-04-02T01:30:00+00:00,53202.7,53262.7,52767.7,52932.72,8758
2026-04-02T02:00:00+00:00,52932.72,53077.22,52667.7,52692.2,5459
2026-04-02T02:30:00+00:00,52692.2,52772.21,52592.7,52712.72,2454
2026-04-02T03:00:00+00:00,52712.72,52712.72,52542.7,52639.7,1523
2026-04-02T03:30:00+00:00,52639.7,52707.22,52432.7,52462.72,2343
2026-04-02T04:00:00+00:00,52462.72,52642.22,52417.72,52437.21,2202
2026-04-02T04:30:00+00:00,52437.21,52452.22,52367.72,52392.7,1077
2026-04-02T05:00:00+00:00,52392.7,52497.2,52347.71,52442.71,1505
2026-04-02T05:30:00+00:00,52442.71,52492.22,52217.72,52222.7,1633
2026-04-02T06:00:00+00:00,52222.7,52469.7,52222.7,52432.2,2080
2026-04-02T06:30:00+00:00,52432.2,52434.72,52212.72,52362.22,1584
2026-04-02T07:00:00+00:00,52362.22,52569.71,52322.71,52552.7,1162
2026-04-02T07:30:00+00:00,52552.7,52702.21,52497.7,52667.22,957
2026-04-02T08:00:00+00:00,52667.22,52709.7,52532.21,52574.72,1556
2026-04-02T08:30:00+00:00,52574.72,52644.71,52529.72,52582.21,1129
2026-04-02T09:00:00+00:00,52582.21,52617.21,52464.72,52567.2,1135
2026-04-02T09:30:00+00:00,52567.2,52597.21,52407.21,52454.72,1237
2026-04-02T10:00:00+00:00,52454.72,52474.71,52314.7,52319.72,1693
2026-04-02T10:30:00+00:00,52319.72,52457.21,52297.22,52419.7,1635
2026-04-02T11:00:00+00:00,52419.7,52444.71,52237.2,52244.72,2024
2026-04-02T11:30:00+00:00,52244.72,52314.72,52189.7,52189.7,1482
2026-04-02T12:00:00+00:00,52189.7,52292.22,52079.71,52247.71,1712
2026-04-02T12:30:00+00:00,52247.71,52309.72,52202.21,52212.2,1685
2026-04-02T13:00:00+00:00,52212.2,52307.21,52162.71,52249.71,2241
2026-04-02T13:30:00+00:00,52249.71,52619.7,52089.7,52614.7,6334
2026-04-02T14:00:00+00:00,52614.7,52772.22,52554.7,52694.72,5288
2026-04-02T14:30:00+00:00,52694.72,53512.21,52679.7,53159.7,12442
2026-04-02T15:00:00+00:00,53159.7,53239.72,52962.21,53077.2,6703
2026-04-02T15:30:00+00:00,53077.2,53197.2,52917.71,53029.72,4891
2026-04-02T16:00:00+00:00,53029.72,53109.72,52897.22,52984.71,3208
2026-04-02T16:30:00+00:00,52984.71,53182.2,52967.2,53057.22,2923
2026-04-02T17:00:00+00:00,53057.22,53232.2,53007.71,53189.689999999995,2471.091469618029
2026-04-02T17:30:00+00:00,53189.689999999995,53202.21,53027.189999999995,53084.71,1960
2026-04-02T18:00:00+00:00,53084.71,53187.2,53084.71,53137.189999999995,1618
2026-04-02T18:30:00+00:00,53137.189999999995,53237.21,53112.21,53197.189999999995,1166
2026-04-02T19:00:00+00:00,53197.189999999995,53284.7,53194.689999999995,53222.21,1066
2026-04-02T19:30:00+00:00,53222.21,53259.7,53157.21,53244.71,1474
2026-04-02T20:00:00+00:00,53244.71,53264.71,53160.2,53214.7,415.06431149513287
2026-04-02T20:30:00+00:00,53214.7,53219.7,53040.189999999995,53049.7,327
2026-04-02T22:00:00+00:00,53049.71,53175.2,53035.2,53165.21,119
2026-04-02T22:30:00+00:00,53165.21,53224.72,53165.21,53185.21,23
2026-04-02T23:00:00+00:00,53185.21,53185.21,53065.2,53085.22,94.06022105871617
2026-04-02T23:30:00+00:00,53085.22,53224.71,52940.2,53005.2,561
2026-04-03T00:00:00+00:00,53005.2,53389.7,53005.2,53345.2,2789
2026-04-03T00:30:00+00:00,53345.2,53345.2,52995.21,53140.21,1467
2026-04-03T01:00:00+00:00,53140.21,53180.21,52955.2,53169.71,792
2026-04-03T01:30:00+00:00,53169.71,53174.7,53045.22,53074.71,503
2026-04-03T02:00:00+00:00,53074.71,53094.71,52895.2,52904.71,651
2026-04-03T02:30:00+00:00,52904.71,53017.2,52840.21,52965.21,615
2026-04-03T03:00:00+00:00,52965.21,53064.72,52965.21,53004.71,248
2026-04-03T03:30:00+00:00,53004.71,53034.7,52880.2,52985.22,736
2026-04-03T04:00:00+00:00,52985.22,53130.21,52965.2,53040.21,403
2026-04-03T04:30:00+00:00,53040.21,53074.72,52940.2,53019.72,437
2026-04-03T05:00:00+00:00,53019.72,53129.72,52990.21,53059.7,478
2026-04-03T05:30:00+00:00,53059.7,53149.71,53055.21,53092.21,574
2026-04-03T06:00:00+00:00,53092.21,53172.21,53004.72,53084.7,872
2026-04-03T06:30:00+00:00,53084.7,53107.22,52914.71,52987.22,779
2026-04-03T07:00:00+00:00,52987.22,53014.71,52920.22,52972.21,211
2026-04-03T07:30:00+00:00,52972.21,53107.22,52964.7,53029.72,329
2026-04-03T08:00:00+00:00,53029.72,53117.22,52945.21,52972.22,481
2026-04-03T08:30:00+00:00,52972.22,53014.7,52954.72,52989.7,242
2026-04-03T09:00:00+00:00,52989.7,53009.7,52964.7,52979.72,317
2026-04-03T09:30:00+00:00,52979.72,53009.72,52972.22,52989.71,153
2026-04-03T10:00:00+00:00,52989.71,52994.72,52939.72,52947.2,283
2026-04-03T10:30:00+00:00,52947.2,53012.22,52929.71,52999.72,233
2026-04-03T11:00:00+00:00,52999.72,53077.22,52942.2,53072.2,415
2026-04-03T11:30:00+00:00,53072.2,53237.22,53062.22,53237.22,542
2026-04-03T12:00:00+00:00,53237.22,53359.7,53140.2,53215.21,1086
2026-04-03T12:30:00+00:00,53215.21,53405.2,53094.7,53140.22,2415
2026-04-03T13:00:00+00:00,53140.22,53183.01000000001,53099.7,53163.91,576.048083530217
2026-04-03T13:30:00+00:00,53163.91,53203.4,53128.61000000001,53187.00000000001,156.70292701027188
2026-04-03T14:00:00+00:00,53187.00000000001,53197.3,53158.80000000001,53184.9,115.13126073749075
2026-04-03T14:30:00+00:00,53184.9,53210.9,53164.70000000001,53171.400000000016,103.65750775147218
2026-04-03T15:00:00+00:00,53171.400000000016,53190.9,53126.60000000001,53177.3,178.53076972532546
2026-04-03T15:30:00+00:00,53177.3,53180.700000000004,53148.9,53166.8,145.2234204166928
2026-04-03T16:00:00+00:00,53166.8,53188.19999999999,53164.7,53188.19999999999,132.29918553806596
2026-04-03T16:30:00+00:00,53181.5,53181.5,53160.4,53166.7,265.03575922920675
2026-04-03T17:00:00+00:00,53172.7,53175.899999999994,53157.4,53175.899999999994,257.29768037126746
2026-04-03T17:30:00+00:00,53175.899999999994,53216.5,53097.5,53208.5,1217.971713415502
2026-04-03T18:00:00+00:00,53208.5,53218.5,53204.1,53205.1,315.5293034065803
2026-04-03T18:30:00+00:00,53206.8,53225.899999999994,53201.9,53217,291.15728429936013
2026-04-03T19:00:00+00:00,53217,53234.600000000006,53199.5,53222.399999999994,602.9787019492862
2026-04-03T19:30:00+00:00,53222.399999999994,53233.799999999996,53218.99999999999,53233.799999999996,523.9787739765897
2026-04-03T20:00:00+00:00,53233.799999999996,53238.1,53201.600000000006,53211.7,946.4489445899474
2026-04-03T20:30:00+00:00,53211.7,53227.09999999999,53188.49999999999,53210.899999999994,615.5441029751187
2026-04-05T22:00:00+00:00,53167.21,53167.21,52580.2,52785.21,662
2026-04-05T22:30:00+00:00,52785.21,52874.71,52740.2,52820.22,434
2026-04-05T23:00:00+00:00,52820.22,52924.72,52760.2,52825.22,398.2083333333333
2026-04-05T23:30:00+00:00,52825.22,53155.22,52825.2,53155.22,616
2026-04-06T00:00:00+00:00,53155.22,53565.22,53140.21,53285.21,1962
2026-04-06T00:30:00+00:00,53285.21,53679.72,53275.22,53667.2,1248
2026-04-06T01:00:00+00:00,53667.2,53784.72,53605.2,53720.2,1031
2026-04-06T01:30:00+00:00,53720.2,53789.72,53560.2,53610.2,837
2026-04-06T02:00:00+00:00,53610.2,54034.72,53585.2,54004.71,1687
2026-04-06T02:30:00+00:00,54004.71,54009.71,53650.22,53662.21,968
2026-04-06T03:00:00+00:00,53662.21,53674.72,53445.21,53559.71,1435
2026-04-06T03:30:00+00:00,53559.71,53762.22,53540.22,53752.2,1053
2026-04-06T04:00:00+00:00,53752.2,53829.7,53720.22,53759.71,917
2026-04-06T04:30:00+00:00,53759.71,53864.72,53740.2,53824.72,642
2026-04-06T05:00:00+00:00,53824.72,53859.72,53745.21,53754.72,734
2026-04-06T05:30:00+00:00,53754.72,53764.72,53520.22,53584.71,1170
2026-04-06T06:00:00+00:00,53584.71,53654.71,53394.71,53422.22,1327
2026-04-06T06:30:00+00:00,53422.22,53639.7,53334.7,53532.21,1362
2026-04-06T07:00:00+00:00,53532.21,53609.72,53445.2,53544.72,734
2026-04-06T07:30:00+00:00,53544.72,53844.7,53539.7,53842.2,848
2026-04-06T08:00:00+00:00,53842.2,53907.22,53774.7,53867.2,1471
2026-04-06T08:30:00+00:00,53867.2,54019.72,53844.71,53942.2,838
2026-04-06T09:00:00+00:00,53942.2,54074.72,53935.22,54039.71,906
2026-04-06T09:30:00+00:00,54039.71,54087.21,53820.2,53844.71,845
2026-04-06T10:00:00+00:00,53844.71,53947.21,53804.71,53862.21,763
2026-04-06T10:30:00+00:00,53862.21,53884.71,53664.7,53779.71,978
2026-04-06T11:00:00+00:00,53779.71,53829.72,53699.7,53732.2,816
2026-04-06T11:30:00+00:00,53732.2,53762.22,53659.71,53664.7,550
2026-04-06T12:00:00+00:00,53664.7,53712.22,53619.7,53662.22,658
2026-04-06T12:30:00+00:00,53662.22,53792.22,53662.2,53674.72,756
2026-04-06T13:00:00+00:00,53674.72,53697.22,53529.7,53539.72,1113
2026-04-06T13:30:00+00:00,53539.72,53794.72,53539.72,53740.2,2496
2026-04-06T14:00:00+00:00,53740.2,53849.72,53537.21,53699.71,2223
2026-04-06T14:30:00+00:00,53699.71,53752.21,53537.2,53597.21,2183
2026-04-06T15:00:00+00:00,53597.21,53664.72,53569.72,53614.72,1762
2026-04-06T15:30:00+00:00,53614.72,53767.22,53549.72,53744.72,1116
2026-04-06T16:00:00+00:00,53744.72,53792.22,53707.2,53774.7,681
2026-04-06T16:30:00+00:00,53774.7,53892.21,53749.72,53769.72,873
2026-04-06T17:00:00+00:00,53769.72,53782.2,53500.21,53772.22,1697
2026-04-06T17:30:00+00:00,53772.22,53832.22,53730.2,53735.22,623
2026-04-06T18:00:00+00:00,53735.22,53954.7,53729.7,53919.7,1378
2026-04-06T18:30:00+00:00,53919.7,53959.72,53837.2,53897.22,794
2026-04-06T19:00:00+00:00,53897.22,53912.22,53784.7,53797.2,559
2026-04-06T19:30:00+00:00,53797.2,53907.2,53779.71,53889.7,811
2026-04-06T20:00:00+00:00,53889.7,53939.7,53867.22,53904.7,248
2026-04-06T20:30:00+00:00,53904.7,53904.7,53859.7,53882.21,227
2026-04-06T22:00:00+00:00,53867.21,53959.72,53800.2,53865.2,182
2026-04-06T22:30:00+00:00,53865.2,53894.71,53815.2,53839.7,153
2026-04-06T23:00:00+00:00,53839.7,53894.72,53808.2,53817.7,127.10262797301239
2026-04-06T23:30:00+00:00,53817.7,53823.2,53633.2,53642.71,568.6292861157954
2026-04-07T00:00:00+00:00,53642.71,53893.2,53518.22,53738.2,2199
2026-04-07T00:30:00+00:00,53738.2,53828.22,53613.2,53652.72,1757
2026-04-07T01:00:00+00:00,53652.72,53713.21,53463.2,53583.22,2101
2026-04-07T01:30:00+00:00,53583.22,53592.72,53218.21,53263.22,2002
2026-04-07T02:00:00+00:00,53263.22,53297.7,53158.2,53292.71,1805
2026-04-07T02:30:00+00:00,53292.71,53360.22,53278.2,53327.71,836
2026-04-07T03:00:00+00:00,53327.71,53337.71,53213.22,53277.7,798
2026-04-07T03:30:00+00:00,53277.7,53362.72,53233.21,53278.21,1183
2026-04-07T04:00:00+00:00,53278.21,53357.72,53123.21,53292.72,1423
2026-04-07T04:30:00+00:00,53292.72,53447.72,53288.2,53342.71,1179
2026-04-07T05:00:00+00:00,53342.71,53440.21,53288.21,53352.7,988
2026-04-07T05:30:00+00:00,53352.7,53522.72,53313.2,53503.22,1270
2026-04-07T06:00:00+00:00,53503.22,53552.71,53438.21,53475.2,1256
2026-04-07T06:30:00+00:00,53475.2,53542.71,53355.22,53480.21,1109
2026-04-07T07:00:00+00:00,53480.21,53545.21,53383.2,53397.7,1113
2026-04-07T07:30:00+00:00,53397.7,53507.71,53387.7,53500.22,811
2026-04-07T08:00:00+00:00,53500.22,53995.21,53500.22,53855.22,4372
2026-04-07T08:30:00+00:00,53855.22,53952.72,53827.71,53865.22,2670
2026-04-07T09:00:00+00:00,53865.22,53955.21,53805.22,53917.72,1984
2026-04-07T09:30:00+00:00,53917.72,53960.2,53800.2,53890.22,1683
2026-04-07T10:00:00+00:00,53890.22,53937.72,53613.2,53732.71,2906
2026-04-07T10:30:00+00:00,53732.71,53750.21,53362.7,53412.7,2581
2026-04-07T11:00:00+00:00,53412.7,53507.7,53347.7,53350.2,1982
2026-04-07T11:30:00+00:00,53350.2,53387.7,53247.71,53335.21,1451
2026-04-07T12:00:00+00:00,53335.21,53488.22,53143.21,53488.22,2567
2026-04-07T12:30:00+00:00,53488.22,53582.71,53305.2,53387.7,1856
2026-04-07T13:00:00+00:00,53387.7,53485.21,53362.7,53422.72,1837
2026-04-07T13:30:00+00:00,53422.72,53510.21,53127.7,53132.72,3215
2026-04-07T14:00:00+00:00,53132.72,53212.72,52853.21,53172.71,3522
2026-04-07T14:30:00+00:00,53172.71,53252.72,52928.2,52932.72,1801
2026-04-07T15:00:00+00:00,52932.72,53077.7,52747.7,53067.71,2273
2026-04-07T15:30:00+00:00,53067.71,53132.72,52952.7,53057.72,1896
2026-04-07T16:00:00+00:00,53057.72,53382.72,53057.72,53227.72,2609
2026-04-07T16:30:00+00:00,53227.72,53330.22,53178.2,53233.22,1528
2026-04-07T17:00:00+00:00,53233.22,53327.71,53183.2,53227.72,1000
2026-04-07T17:30:00+00:00,53227.72,53468.2,53227.72,53337.7,1396
2026-04-07T18:00:00+00:00,53337.7,53397.72,53283.2,53357.7,1246
2026-04-07T18:30:00+00:00,53357.7,53387.72,53147.71,53192.72,1046
2026-04-07T19:00:00+00:00,53192.72,53667.71,53148.22,53468.2,3291
2026-04-07T19:30:00+00:00,53468.2,53888.22,53423.22,53865.2,3963
2026-04-07T20:00:00+00:00,53865.2,53972.7,53803.2,53872.7,1316
2026-04-07T20:30:00+00:00,53872.7,54007.7,53872.7,53932.71,896
2026-04-07T22:00:00+00:00,53924.71,54630.21,53924.71,54595.22,829
2026-04-07T22:30:00+00:00,54595.22,56050.21,54510.2,55910.22,1566
2026-04-07T23:00:00+00:00,55910.22,56344.71,55750.2,56000.22,1353
2026-04-07T23:30:00+00:00,56000.22,56215.22,55690.21,56120.2,3030
2026-04-08T00:00:00+00:00,56120.2,56429.71,55750.21,55805.22,5017
2026-04-08T00:30:00+00:00,55805.22,56069.71,55610.2,55970.2,4927
2026-04-08T01:00:00+00:00,55970.2,56079.71,55750.21,55960.2,3999
2026-04-08T01:30:00+00:00,55960.2,56254.72,55875.21,56239.72,2897
2026-04-08T02:00:00+00:00,56239.72,56322.2,56070.2,56084.7,1613
2026-04-08T02:30:00+00:00,56084.7,56209.7,56030.2,56180.22,1122
2026-04-08T03:00:00+00:00,56180.22,56249.72,56090.2,56094.7,712
2026-04-08T03:30:00+00:00,56094.7,56209.71,56070.2,56085.2,1350
2026-04-08T04:00:00+00:00,56085.2,56294.71,56085.2,56255.22,1010
2026-04-08T04:30:00+00:00,56255.22,56374.72,56250.2,56314.71,949
2026-04-08T05:00:00+00:00,56314.71,56329.72,56160.2,56294.71,1249
2026-04-08T05:30:00+00:00,56294.71,56444.72,56280.2,56409.7,2090
2026-04-08T06:00:00+00:00,56409.7,56442.2,56307.2,56409.72,2024
2026-04-08T06:30:00+00:00,56409.72,56432.2,56259.72,56299.72,1617
2026-04-08T07:00:00+00:00,56299.72,56497.21,56145.21,56409.71,1879
2026-04-08T07:30:00+00:00,56409.71,56432.22,56327.21,56364.71,1488
2026-04-08T08:00:00+00:00,56364.71,56424.72,56237.2,56332.22,2698
2026-04-08T08:30:00+00:00,56332.22,56527.22,56197.2,56522.22,2200
2026-04-08T09:00:00+00:00,56522.22,56649.72,56490.21,56569.7,1426
2026-04-08T09:30:00+00:00,56569.7,56649.72,56405.22,56557.22,1836
2026-04-08T10:00:00+00:00,56557.22,56717.21,56489.71,56712.2,1605
2026-04-08T10:30:00+00:00,56712.2,56817.22,56709.71,56787.2,1037
2026-04-08T11:00:00+00:00,56787.2,56987.22,56712.2,56934.7,1878
2026-04-08T11:30:00+00:00,56934.7,56967.22,56814.7,56959.71,1803
2026-04-08T12:00:00+00:00,56959.71,57079.72,56807.2,56977.2,3752
2026-04-08T12:30:00+00:00,56977.2,57207.22,56967.2,57142.21,2122
2026-04-08T13:00:00+00:00,57142.21,57262.2,57082.22,57157.21,1932
2026-04-08T13:30:00+00:00,57157.21,57242.2,57005.22,57137.22,7588
2026-04-08T14:00:00+00:00,57137.22,57192.22,56895.2,56912.22,4776
2026-04-08T14:30:00+00:00,56912.22,56954.71,56534.72,56664.71,5181
2026-04-08T15:00:00+00:00,56664.71,56797.21,56597.22,56717.2,3598
2026-04-08T15:30:00+00:00,56717.2,56902.22,56712.2,56884.7,2135
2026-04-08T16:00:00+00:00,56884.7,56967.22,56845.22,56877.2,1594
2026-04-08T16:30:00+00:00,56877.2,56977.21,56844.71,56962.2,868
2026-04-08T17:00:00+00:00,56962.2,56992.22,56822.2,56862.22,1623
2026-04-08T17:30:00+00:00,56862.22,56939.7,56810.21,56919.72,1536
2026-04-08T18:00:00+00:00,56919.72,57002.21,56717.21,56804.7,4062
2026-04-08T18:30:00+00:00,56804.7,56869.71,56592.2,56604.7,2205
2026-04-08T19:00:00+00:00,56604.7,56747.21,56587.2,56672.21,2476
2026-04-08T19:30:00+00:00,56672.21,56992.22,56669.71,56984.72,2473
2026-04-08T20:00:00+00:00,56984.72,57049.71,56955.21,56970.2,546
2026-04-08T20:30:00+00:00,56970.2,56987.22,56900.2,56929.71,352
2026-04-08T22:00:00+00:00,56929.71,56945.21,56725.2,56777.22,278
2026-04-08T22:30:00+00:00,56777.22,56850.22,56730.2,56735.22,180
2026-04-08T23:00:00+00:00,56735.22,56834.7,56725.2,56725.21,206
2026-04-08T23:30:00+00:00,56725.21,56770.22,56355.21,56380.22,1081
2026-04-09T00:00:00+00:00,56380.22,56434.71,56085.2,56199.72,2872
2026-04-09T00:30:00+00:00,56199.72,56314.71,56000.2,56029.71,2690
2026-04-09T01:00:00+00:00,56029.71,56102.2,55902.2,55919.72,2378
2026-04-09T01:30:00+00:00,55919.72,56084.72,55860.2,56069.71,2239
2026-04-09T02:00:00+00:00,56069.71,56114.71,55990.21,56024.7,1490
2026-04-09T02:30:00+00:00,56024.7,56119.72,55990.2,56004.71,926
2026-04-09T03:00:00+00:00,56004.71,56049.71,55905.2,55939.72,657
2026-04-09T03:30:00+00:00,55939.72,56037.2,55845.2,55854.71,1417
2026-04-09T04:00:00+00:00,55854.71,55934.71,55799.71,55849.7,991
2026-04-09T04:30:00+00:00,55849.7,55954.7,55825.2,55869.71,1073
2026-04-09T05:00:00+00:00,55869.71,56014.71,55840.21,56009.72,1813
2026-04-09T05:30:00+00:00,56009.72,56099.72,55955.22,56049.71,1050
2026-04-09T06:00:00+00:00,56049.71,56064.72,55887.2,56004.72,1342
2026-04-09T06:30:00+00:00,56004.72,56345.21,55810.2,56125.22,2134
2026-04-09T07:00:00+00:00,56125.22,56152.2,55820.2,55825.2,887
2026-04-09T07:30:00+00:00,55825.2,55879.7,55700.2,55809.72,931
2026-04-09T08:00:00+00:00,55809.72,55924.71,55685.21,55805.22,1541
2026-04-09T08:30:00+00:00,55805.22,55999.7,55805.2,55854.71,1406
2026-04-09T09:00:00+00:00,55854.71,55989.7,55805.21,55974.71,1337
2026-04-09T09:30:00+00:00,55974.71,55994.71,55904.71,55989.7,929
2026-04-09T10:00:00+00:00,55989.7,56024.72,55915.2,56002.21,1409
2026-04-09T10:30:00+00:00,56002.21,56014.7,55890.22,55904.72,1234
2026-04-09T11:00:00+00:00,55904.72,55954.7,55830.22,55877.2,1482
2026-04-09T11:30:00+00:00,55877.2,56049.72,55874.72,56029.71,1508
2026-04-09T12:00:00+00:00,56029.71,56092.21,56019.7,56080.2,963
2026-04-09T12:30:00+00:00,56080.2,56104.72,55945.22,55999.72,2189
2026-04-09T13:00:00+00:00,55999.72,56054.71,55927.22,56049.72,1250
2026-04-09T13:30:00+00:00,56049.72,56212.2,56014.71,56117.21,4961
2026-04-09T14:00:00+00:00,56117.21,56142.22,55804.71,55867.21,3666
2026-04-09T14:30:00+00:00,55867.21,56062.2,55845.2,56039.72,3033
2026-04-09T15:00:00+00:00,56039.72,56279.7,55962.2,56149.7,2825
2026-04-09T15:30:00+00:00,56149.7,56582.21,56134.71,56557.22,6507
2026-04-09T16:00:00+00:00,56557.22,56709.72,56547.21,56654.72,3330
2026-04-09T16:30:00+00:00,56654.72,56662.22,56520.2,56629.7,1929
2026-04-09T17:00:00+00:00,56629.7,56739.72,56604.7,56697.22,1571
2026-04-09T17:30:00+00:00,56697.22,56784.72,56649.71,56714.7,1267
2026-04-09T18:00:00+00:00,56714.7,56717.22,56504.71,56519.71,2648
2026-04-09T18:30:00+00:00,56519.71,56574.72,56449.72,56557.22,914
2026-04-09T19:00:00+00:00,56557.22,56674.72,56549.7,56637.21,507
2026-04-09T19:30:00+00:00,56637.21,56689.72,56550.21,56599.71,880
2026-04-09T20:00:00+00:00,56599.71,56614.7,56534.7,56594.71,303
2026-04-09T20:30:00+00:00,56594.71,56634.7,56590.22,56609.72,250.56105061343973
2026-04-09T22:00:00+00:00,56609.72,56637.74,56568.26,56568.26,160
2026-04-09T22:30:00+00:00,56568.26,56583.24,56478.24,56488.24,238
2026-04-09T23:00:00+00:00,56488.24,56582.76,56463.24,56478.25,156.22309278350514
2026-04-09T23:30:00+00:00,56478.25,56723.26,56408.24,56542.74,780
2026-04-10T00:00:00+00:00,56542.74,56832.75,56483.25,56803.25,2214
2026-04-10T00:30:00+00:00,56803.25,56908.26,56708.25,56788.26,1286
2026-04-10T01:00:00+00:00,56788.26,56908.24,56688.24,56862.76,996
2026-04-10T01:30:00+00:00,56862.76,56952.75,56823.24,56888.24,996
2026-04-10T02:00:00+00:00,56888.24,56897.76,56653.26,56752.76,678
2026-04-10T02:30:00+00:00,56752.76,56820.25,56738.25,56763.26,373
2026-04-10T03:00:00+00:00,56763.26,56805.25,56722.74,56732.75,390
2026-04-10T03:30:00+00:00,56732.75,56920.24,56732.75,56865.25,951
2026-04-10T04:00:00+00:00,56865.25,56997.74,56853.24,56965.26,571
2026-04-10T04:30:00+00:00,56965.26,57002.75,56943.24,56965.24,344
2026-04-10T05:00:00+00:00,56965.24,57027.76,56953.25,56977.75,449
2026-04-10T05:30:00+00:00,56977.75,57032.75,56928.24,56935.26,433
2026-04-10T06:00:00+00:00,56935.26,56962.75,56865.26,56910.24,691
2026-04-10T06:30:00+00:00,56910.24,56957.75,56742.76,56750.24,790
2026-04-10T07:00:00+00:00,56750.24,56862.74,56742.75,56827.75,589
2026-04-10T07:30:00+00:00,56827.75,56887.76,56813.24,56842.76,513
2026-04-10T08:00:00+00:00,56842.76,56952.75,56782.76,56947.75,1149
2026-04-10T08:30:00+00:00,56947.75,56960.26,56702.74,56702.76,960
2026-04-10T09:00:00+00:00,56702.76,57000.25,56702.76,56920.24,2374
2026-04-10T09:30:00+00:00,56920.24,56992.76,56857.76,56982.76,1194
2026-04-10T10:00:00+00:00,56982.76,57140.26,56925.24,57107.74,1005
2026-04-10T10:30:00+00:00,57107.74,57155.26,57070.24,57085.24,810
2026-04-10T11:00:00+00:00,57085.24,57147.75,57075.24,57112.75,788
2026-04-10T11:30:00+00:00,57112.75,57135.26,57030.24,57055.26,622
2026-04-10T12:00:00+00:00,57055.26,57153.24,57042.75,57093.24,892
2026-04-10T12:30:00+00:00,57093.24,57228.25,57088.26,57135.26,1498
2026-04-10T13:00:00+00:00,57135.26,57235.26,57112.74,57190.25,857
2026-04-10T13:30:00+00:00,57190.25,57242.76,57110.24,57228.26,3137
2026-04-10T14:00:00+00:00,57228.26,57402.74,57173.24,57362.76,1449
2026-04-10T14:30:00+00:00,57362.76,57395.26,57202.74,57290.25,1659
2026-04-10T15:00:00+00:00,57290.25,57400.25,57247.74,57300.25,1064
2026-04-10T15:30:00+00:00,57300.25,57335.26,57095.24,57112.75,1918
2026-04-10T16:00:00+00:00,57112.75,57190.26,57087.74,57127.74,1269
2026-04-10T16:30:00+00:00,57127.74,57170.26,57045.25,57165.24,1686
2026-04-10T17:00:00+00:00,57165.24,57175.24,57090.25,57115.24,830
2026-04-10T17:30:00+00:00,57115.24,57252.76,57090.26,57232.76,801.3752108874143
2026-04-10T18:00:00+00:00,57232.76,57292.76,57170.24,57262.75,928
2026-04-10T18:30:00+00:00,57262.75,57302.76,57247.74,57282.75,559
2026-04-10T19:00:00+00:00,57282.75,57332.76,57272.74,57302.76,472
2026-04-10T19:30:00+00:00,57302.76,57317.75,57242.75,57305.24,698
2026-04-10T20:00:00+00:00,57305.24,57375.25,57292.76,57362.74,231
2026-04-10T20:30:00+00:00,57362.74,57405.26,57362.74,57385.25,105.29922589725545
2026-04-12T22:00:00+00:00,57387.75,57387.75,55855.71,55895.21,835
2026-04-12T22:30:00+00:00,55895.21,56130.23,55845.71,56095.23,434
2026-04-12T23:00:00+00:00,56095.23,56135.23,56035.73,56110.22,299
2026-04-12T23:30:00+00:00,56110.22,56395.22,56035.72,56335.71,1026
2026-04-13T00:00:00+00:00,56335.71,56782.73,56285.71,56525.71,3301
2026-04-13T00:30:00+00:00,56525.71,56660.71,56420.71,56520.73,2337
2026-04-13T01:00:00+00:00,56520.73,56630.21,56480.72,56525.72,1397
2026-04-13T01:30:00+00:00,56525.72,56640.21,56420.71,56492.71,1120
2026-04-13T02:00:00+00:00,56492.71,56522.73,56350.73,56405.73,1022
2026-04-13T02:30:00+00:00,56405.73,56455.22,56355.71,56445.73,445
2026-04-13T03:00:00+00:00,56445.73,56457.72,56260.71,56372.72,482
2026-04-13T03:30:00+00:00,56372.72,56400.23,56290.71,56320.23,875
2026-04-13T04:00:00+00:00,56320.23,56345.23,56250.71,56325.22,757
2026-04-13T04:30:00+00:00,56325.22,56575.23,56320.71,56505.23,578
2026-04-13T05:00:00+00:00,56505.23,56535.23,56440.71,56495.73,565
2026-04-13T05:30:00+00:00,56495.73,56530.22,56460.71,56495.21,658
2026-04-13T06:00:00+00:00,56495.21,56612.71,56470.22,56527.71,915
2026-04-13T06:30:00+00:00,56527.71,56597.71,56420.22,56445.21,753
2026-04-13T07:00:00+00:00,56445.21,56572.71,56445.21,56570.22,679
2026-04-13T07:30:00+00:00,56570.22,56617.72,56517.72,56610.23,633
2026-04-13T08:00:00+00:00,56610.23,56760.23,56595.21,56695.21,1200
2026-04-13T08:30:00+00:00,56695.21,56740.22,56557.72,56597.72,856
2026-04-13T09:00:00+00:00,56597.72,56705.22,56597.72,56670.23,1062
2026-04-13T09:30:00+00:00,56670.23,56715.22,56605.22,56612.72,585
2026-04-13T10:00:00+00:00,56612.72,56650.22,56570.23,56620.22,597
2026-04-13T10:30:00+00:00,56620.22,56677.72,56587.71,56675.21,645
2026-04-13T11:00:00+00:00,56675.21,56782.72,56535.21,56547.73,1255
2026-04-13T11:30:00+00:00,56547.73,56585.23,56365.22,56375.21,1337
2026-04-13T12:00:00+00:00,56375.21,56517.71,56320.72,56502.72,1164
2026-04-13T12:30:00+00:00,56502.72,56535.22,56415.22,56482.72,1226
2026-04-13T13:00:00+00:00,56482.72,56617.73,56482.71,56612.73,849
2026-04-13T13:30:00+00:00,56612.73,56997.73,56572.72,56970.73,4130
2026-04-13T14:00:00+00:00,56970.73,57012.72,56855.73,56997.73,3119
2026-04-13T14:30:00+00:00,56997.73,57072.71,56950.22,57042.72,1609
2026-04-13T15:00:00+00:00,57042.72,57042.72,56907.73,56937.73,1827
2026-04-13T15:30:00+00:00,56937.73,57042.72,56902.71,56950.21,1658
2026-04-13T16:00:00+00:00,56950.21,57182.72,56897.71,57147.73,2521
2026-04-13T16:30:00+00:00,57147.73,57307.71,57125.22,57227.72,2573
2026-04-13T17:00:00+00:00,57227.72,57330.21,57217.72,57300.23,640
2026-04-13T17:30:00+00:00,57300.23,57325.23,57272.71,57292.72,453
2026-04-13T18:00:00+00:00,57292.72,57377.71,57292.72,57322.73,443
2026-04-13T18:30:00+00:00,57322.73,57492.71,57312.71,57482.72,645
2026-04-13T19:00:00+00:00,57482.72,57537.72,57460.21,57537.72,385
2026-04-13T19:30:00+00:00,57537.72,57615.23,57480.21,57587.73,843
2026-04-13T20:00:00+00:00,57587.73,57665.23,57587.73,57645.21,325
2026-04-13T20:30:00+00:00,57645.21,57680.23,57610.72,57615.73,255
2026-04-13T22:00:00+00:00,57615.73,57756.09,57615.73,57686.09,156
2026-04-13T22:30:00+00:00,57686.09,57720.61,57661.09,57701.09,84
2026-04-13T23:00:00+00:00,57701.09,57760.6,57671.09,57676.1,191
2026-04-13T23:30:00+00:00,57676.1,57695.61,57426.09,57451.1,723
2026-04-14T00:00:00+00:00,57451.1,57835.59,57391.1,57821.1,2365
2026-04-14T00:30:00+00:00,57821.1,57950.59,57816.1,57898.09,1282
2026-04-14T01:00:00+00:00,57898.09,57993.1,57806.09,57815.6,1117
2026-04-14T01:30:00+00:00,57815.6,58010.59,57746.1,57930.59,976
2026-04-14T02:00:00+00:00,57930.59,58013.11,57891.1,57898.1,762
2026-04-14T02:30:00+00:00,57898.1,57908.1,57843.09,57855.61,403
2026-04-14T03:00:00+00:00,57855.61,57858.09,57816.11,57838.1,265
2026-04-14T03:30:00+00:00,57838.1,57933.11,57831.11,57886.09,812
2026-04-14T04:00:00+00:00,57886.09,57983.09,57886.09,57916.11,471
2026-04-14T04:30:00+00:00,57916.11,57925.61,57745.6,57828.11,559
2026-04-14T05:00:00+00:00,57828.11,57903.1,57786.09,57885.6,516
2026-04-14T05:30:00+00:00,57885.6,57890.61,57796.11,57815.61,599
2026-04-14T06:00:00+00:00,57815.61,57875.6,57781.09,57855.61,768
2026-04-14T06:30:00+00:00,57855.61,58000.6,57838.09,57965.59,615
2026-04-14T07:00:00+00:00,57965.59,58140.6,57920.6,58123.11,1266
2026-04-14T07:30:00+00:00,58123.11,58183.11,58070.61,58145.61,789
2026-04-14T08:00:00+00:00,58145.61,58230.61,58095.59,58198.11,1360
2026-04-14T08:30:00+00:00,58198.11,58240.61,58078.09,58170.59,892
2026-04-14T09:00:00+00:00,58170.59,58225.6,58038.11,58045.59,939
2026-04-14T09:30:00+00:00,58045.59,58053.09,57935.6,57960.6,749
2026-04-14T10:00:00+00:00,57960.6,58018.09,57935.6,57973.11,828
2026-04-14T10:30:00+00:00,57973.11,57978.11,57845.61,57883.1,842
2026-04-14T11:00:00+00:00,57883.1,58050.61,57863.1,58043.1,683
2026-04-14T11:30:00+00:00,58043.1,58200.6,58020.6,58130.59,1109
2026-04-14T12:00:00+00:00,58130.59,58205.59,58096.09,58196.09,947
2026-04-14T12:30:00+00:00,58196.09,58265.61,58108.11,58153.11,1168
2026-04-14T13:00:00+00:00,58153.11,58238.11,58138.09,58205.6,758
2026-04-14T13:30:00+00:00,58205.6,58350.61,58183.09,58333.09,2824
2026-04-14T14:00:00+00:00,58333.09,58503.1,58333.09,58478.1,1551
2026-04-14T14:30:00+00:00,58478.1,58573.09,58450.61,58538.09,965
2026-04-14T15:00:00+00:00,58538.09,58550.61,58433.1,58523.1,1197
2026-04-14T15:30:00+00:00,58523.1,58600.6,58503.09,58570.6,771
2026-04-14T16:00:00+00:00,58570.6,58648.11,58563.11,58638.1,449
2026-04-14T16:30:00+00:00,58638.1,58638.1,58563.1,58578.09,425
2026-04-14T17:00:00+00:00,58578.09,58705.61,58568.09,58690.59,433
2026-04-14T17:30:00+00:00,58690.59,58715.61,58670.59,58683.09,308
2026-04-14T18:00:00+00:00,58683.09,58738.11,58603.1,58663.1,959
2026-04-14T18:30:00+00:00,58663.1,58718.11,58658.11,58713.1,488
2026-04-14T19:00:00+00:00,58713.1,58798.11,58713.09,58798.09,347
2026-04-14T19:30:00+00:00,58798.09,58813.11,58725.61,58780.6,612
2026-04-14T20:00:00+00:00,58780.6,58808.11,58755.6,58758.09,221
2026-04-14T20:30:00+00:00,58758.09,58790.6,58695.6,58751.11,285
2026-04-14T22:00:00+00:00,58751.11,58804.44,58734.93,58794.44,104
2026-04-14T22:30:00+00:00,58794.44,58794.45,58704.93,58709.94,65
2026-04-14T23:00:00+00:00,58709.94,58779.43,58674.93,58709.94,111.90094836670178
2026-04-14T23:30:00+00:00,58709.94,58826.95,58629.93,58679.95,782
2026-04-15T00:00:00+00:00,58679.95,58699.94,58494.93,58544.43,1587
2026-04-15T00:30:00+00:00,58544.43,58619.44,58449.43,58569.93,1116
2026-04-15T01:00:00+00:00,58569.93,58614.45,58444.94,58464.44,806
2026-04-15T01:30:00+00:00,58464.44,58469.45,58294.93,58366.95,989
2026-04-15T02:00:00+00:00,58366.95,58369.45,58179.95,58224.43,826
2026-04-15T02:30:00+00:00,58224.43,58286.93,58194.94,58259.94,261
2026-04-15T03:00:00+00:00,58259.94,58304.45,58239.94,58264.94,262
2026-04-15T03:30:00+00:00,58264.94,58509.44,58259.93,58449.44,888
2026-04-15T04:00:00+00:00,58449.44,58454.44,58334.94,58404.43,350
2026-04-15T04:30:00+00:00,58404.43,58454.43,58379.94,58444.43,337
2026-04-15T05:00:00+00:00,58444.43,58579.43,58184.95,58224.45,1299
2026-04-15T05:30:00+00:00,58224.45,58234.45,58074.95,58219.95,865
2026-04-15T06:00:00+00:00,58219.95,58264.45,58154.93,58216.95,675
2026-04-15T06:30:00+00:00,58216.95,58299.45,58209.94,58249.45,603
2026-04-15T07:00:00+00:00,58249.45,58334.43,58244.43,58266.93,460
2026-04-15T07:30:00+00:00,58266.93,58329.44,58209.93,58321.94,522
2026-04-15T08:00:00+00:00,58321.94,58331.95,58189.43,58301.93,1014
2026-04-15T08:30:00+00:00,58301.93,58356.93,58276.93,58346.93,819
2026-04-15T09:00:00+00:00,58346.93,58374.45,58164.44,58201.95,1662
2026-04-15T09:30:00+00:00,58201.95,58241.95,58164.43,58206.93,751
2026-04-15T10:00:00+00:00,58206.93,58286.95,58094.93,58119.43,1526
2026-04-15T10:30:00+00:00,58119.43,58269.45,58099.44,58239.95,972
2026-04-15T11:00:00+00:00,58239.95,58274.45,58226.93,58241.94,444
2026-04-15T11:30:00+00:00,58241.94,58419.95,58229.93,58269.43,1168
2026-04-15T12:00:00+00:00,58269.43,58284.45,58149.93,58189.94,663
2026-04-15T12:30:00+00:00,58189.94,58281.95,58179.45,58261.95,425
2026-04-15T13:00:00+00:00,58261.95,58344.43,58241.94,58331.94,536
2026-04-15T13:30:00+00:00,58331.94,58351.93,58191.95,58299.43,2150
2026-04-15T14:00:00+00:00,58299.43,58401.95,58256.93,58386.95,1244
2026-04-15T14:30:00+00:00,58386.95,58394.45,58264.44,58331.93,1160
2026-04-15T15:00:00+00:00,58331.93,58436.93,58296.93,58406.95,1121
2026-04-15T15:30:00+00:00,58406.95,58416.94,58356.93,58366.93,697
2026-04-15T16:00:00+00:00,58366.93,58461.95,58361.94,58386.95,406
2026-04-15T16:30:00+00:00,58386.95,58391.94,58256.93,58311.95,1278
2026-04-15T17:00:00+00:00,58311.95,58371.95,58296.93,58349.43,671
2026-04-15T17:30:00+00:00,58349.43,58379.44,58299.43,58326.94,407
2026-04-15T18:00:00+00:00,58326.94,58439.44,58289.93,58381.94,1332
2026-04-15T18:30:00+00:00,58381.94,58481.95,58376.94,58466.95,379
2026-04-15T19:00:00+00:00,58466.95,58549.45,58461.93,58549.45,334
2026-04-15T19:30:00+00:00,58549.45,58569.44,58489.94,58509.44,368
2026-04-15T20:00:00+00:00,58509.44,58524.45,58474.93,58494.93,144.1355039968805
2026-04-15T20:30:00+00:00,58494.93,58566.93,58494.93,58546.93,111.7079295154185
2026-04-15T22:00:00+00:00,58541.93,58577.16,58492.65,58532.66,58
2026-04-15T22:30:00+00:00,58532.66,58597.15,58532.66,58577.16,61
2026-04-15T23:00:00+00:00,58577.16,58579.66,58537.66,58542.66,78.6983948535404
2026-04-15T23:30:00+00:00,58542.66,58692.16,58517.65,58577.64,330
2026-04-16T00:00:00+00:00,58577.64,59117.16,58562.66,58847.64,2073
2026-04-16T00:30:00+00:00,58847.64,59072.16,58827.66,59032.14,1361
2026-04-16T01:00:00+00:00,59032.14,59197.15,58932.66,59087.15,1421
2026-04-16T01:30:00+00:00,59087.15,59252.15,59067.64,59247.16,1134
2026-04-16T02:00:00+00:00,59247.16,59602.15,59242.64,59567.65,1328
2026-04-16T02:30:00+00:00,59567.65,59624.65,59522.65,59592.16,521
2026-04-16T03:00:00+00:00,59592.16,59652.16,59552.14,59577.14,350
2026-04-16T03:30:00+00:00,59577.14,59614.65,59422.64,59492.14,993
2026-04-16T04:00:00+00:00,59492.14,59502.16,59347.65,59372.14,649
2026-04-16T04:30:00+00:00,59372.14,59444.66,59342.65,59439.64,388
2026-04-16T05:00:00+00:00,59439.64,59582.15,59402.64,59572.15,577
2026-04-16T05:30:00+00:00,59572.15,59667.16,59542.64,59572.14,643
2026-04-16T06:00:00+00:00,59572.14,59727.15,59547.64,59667.15,880
2026-04-16T06:30:00+00:00,59667.15,59689.65,59489.66,59512.15,869
2026-04-16T07:00:00+00:00,59512.15,59514.65,59412.15,59467.16,577
2026-04-16T07:30:00+00:00,59467.16,59467.16,59359.66,59382.14,478
2026-04-16T08:00:00+00:00,59382.14,59404.64,59252.14,59289.66,1203
2026-04-16T08:30:00+00:00,59289.66,59307.16,59224.65,59299.66,707
2026-04-16T09:00:00+00:00,59299.66,59377.16,59297.16,59337.16,585
2026-04-16T09:30:00+00:00,59337.16,59387.14,59319.66,59369.65,424
2026-04-16T10:00:00+00:00,59369.65,59427.15,59324.64,59327.14,457
2026-04-16T10:30:00+00:00,59327.14,59332.14,59177.14,59224.66,826
2026-04-16T11:00:00+00:00,59224.66,59257.16,59194.66,59247.16,742
2026-04-16T11:30:00+00:00,59247.16,59284.65,59212.15,59254.64,637
2026-04-16T12:00:00+00:00,59254.64,59274.66,59132.14,59162.66,685
2026-04-16T12:30:00+00:00,59162.66,59212.16,59124.64,59184.65,538
2026-04-16T13:00:00+00:00,59184.65,59232.15,59164.64,59224.65,594
2026-04-16T13:30:00+00:00,59224.65,59239.66,58867.16,58992.15,3341
2026-04-16T14:00:00+00:00,58992.15,59132.16,58944.64,59004.64,3080
2026-04-16T14:30:00+00:00,59004.64,59134.66,58987.15,59099.65,2048
2026-04-16T15:00:00+00:00,59099.65,59274.64,59099.65,59142.14,1428
2026-04-16T15:30:00+00:00,59142.14,59299.66,59117.16,59274.66,2088
2026-04-16T16:00:00+00:00,59274.66,59324.66,59234.64,59249.65,559
2026-04-16T16:30:00+00:00,59249.65,59259.64,59077.15,59149.66,1935
2026-04-16T17:00:00+00:00,59149.66,59179.65,59087.14,59134.64,1310
2026-04-16T17:30:00+00:00,59134.64,59182.16,59082.14,59124.66,999
2026-04-16T18:00:00+00:00,59124.66,59187.14,59074.64,59092.15,1420
2026-04-16T18:30:00+00:00,59092.15,59179.66,59092.15,59174.66,949
2026-04-16T19:00:00+00:00,59174.66,59219.66,59164.65,59197.14,692
2026-04-16T19:30:00+00:00,59197.14,59289.65,59192.14,59262.15,697
2026-04-16T20:00:00+00:00,59262.15,59282.14,59212.15,59247.16,236.60982814178303
2026-04-16T20:30:00+00:00,59247.16,59312.14,59242.64,59309.64,140
2026-04-16T22:00:00+00:00,59319.64,59526.95,59319.64,59472.44,114
2026-04-16T22:30:00+00:00,59472.44,59486.93,59422.45,59442.44,58
2026-04-16T23:00:00+00:00,59442.44,59446.94,59337.44,59366.94,132.48663892081584
2026-04-16T23:30:00+00:00,59366.94,59441.95,59257.43,59331.95,479
2026-04-17T00:00:00+00:00,59331.95,59421.94,59082.44,59142.45,2055
2026-04-17T00:30:00+00:00,59142.45,59156.95,59017.43,59036.95,1243
2026-04-17T01:00:00+00:00,59036.95,59121.94,58926.94,59016.94,1122
2026-04-17T01:30:00+00:00,59016.94,59071.94,58947.44,59041.93,707
2026-04-17T02:00:00+00:00,59041.93,59066.95,58962.43,58972.43,549
2026-04-17T02:30:00+00:00,58972.43,59071.95,58972.43,59021.94,297
2026-04-17T03:00:00+00:00,59021.94,59031.94,58962.43,58986.94,321
2026-04-17T03:30:00+00:00,58986.94,59024.45,58882.43,59001.95,790
2026-04-17T04:00:00+00:00,59001.95,59066.95,58977.43,59041.94,442
2026-04-17T04:30:00+00:00,59041.94,59041.94,58952.43,58976.93,297
2026-04-17T05:00:00+00:00,58976.93,59034.45,58952.43,58976.95,430
2026-04-17T05:30:00+00:00,58976.95,58976.95,58909.43,58934.43,607
2026-04-17T06:00:00+00:00,58934.43,58939.43,58669.43,58674.44,867
2026-04-17T06:30:00+00:00,58674.44,58746.95,58556.95,58731.94,990
2026-04-17T07:00:00+00:00,58731.94,58851.95,58731.94,58816.94,489
2026-04-17T07:30:00+00:00,58816.94,58884.45,58772.43,58836.93,399
2026-04-17T08:00:00+00:00,58836.93,58869.43,58724.43,58816.93,895
2026-04-17T08:30:00+00:00,58816.93,58959.45,58811.93,58956.95,541
2026-04-17T09:00:00+00:00,58956.95,58959.44,58869.45,58939.45,450
2026-04-17T09:30:00+00:00,58939.45,59011.94,58916.94,58989.45,581
2026-04-17T10:00:00+00:00,58989.45,58989.45,58939.44,58966.93,552
2026-04-17T10:30:00+00:00,58966.93,58989.45,58904.45,58979.43,434
2026-04-17T11:00:00+00:00,58979.43,59014.43,58959.43,58974.43,382
2026-04-17T11:30:00+00:00,58974.43,59039.45,58974.43,59011.93,464
2026-04-17T12:00:00+00:00,59011.93,59186.95,59004.45,59144.45,1134
2026-04-17T12:30:00+00:00,59144.45,59819.45,59134.44,59786.95,4588
2026-04-17T13:00:00+00:00,59786.95,59919.44,59654.45,59732.43,3068
2026-04-17T13:30:00+00:00,59732.43,59859.45,59544.43,59764.45,4337
2026-04-17T14:00:00+00:00,59764.45,59846.93,59697.45,59804.43,2013
2026-04-17T14:30:00+00:00,59804.43,60054.45,59784.43,59886.95,1972
2026-04-17T15:00:00+00:00,59886.95,59914.43,59734.44,59829.43,2142
2026-04-17T15:30:00+00:00,59829.43,59901.93,59787.43,59811.93,1515
2026-04-17T16:00:00+00:00,59811.93,59886.95,59784.44,59859.45,729
2026-04-17T16:30:00+00:00,59859.45,59906.95,59844.43,59889.43,443
2026-04-17T17:00:00+00:00,59889.43,59904.43,59552.43,59637.44,2256
2026-04-17T17:30:00+00:00,59637.44,59769.45,59592.43,59739.45,815.6717171717172
2026-04-17T18:00:00+00:00,59739.45,59759.43,59644.43,59694.43,1280
2026-04-17T18:30:00+00:00,59694.43,59759.44,59664.95,59716.95,908
2026-04-17T19:00:00+00:00,59716.95,59739.45,59676.93,59701.95,570
2026-04-17T19:30:00+00:00,59701.95,59799.43,59701.95,59771.93,703
2026-04-17T20:00:00+00:00,59771.93,59804.45,59714.93,59726.95,241
2026-04-17T20:30:00+00:00,59726.95,59746.94,59708.93,59711.44,88.94112554112554
2026-04-19T22:00:00+00:00,59721.94,59721.94,58657.45,58862.44,735
2026-04-19T22:30:00+00:00,58862.44,59012.45,58857.43,58942.43,230
2026-04-19T23:00:00+00:00,58942.43,59006.95,58932.43,58952.45,235
2026-04-19T23:30:00+00:00,58952.45,59172.44,58812.44,58942.44,922
2026-04-20T00:00:00+00:00,58942.44,59057.45,58777.44,58902.45,2620
2026-04-20T00:30:00+00:00,58902.45,59031.94,58822.43,59012.45,1594
2026-04-20T01:00:00+00:00,59012.45,59111.95,58932.43,58982.45,1224
2026-04-20T01:30:00+00:00,58982.45,59164.45,58959.44,59127.43,891
2026-04-20T02:00:00+00:00,59127.43,59161.94,59057.43,59096.93,420
2026-04-20T02:30:00+00:00,59096.93,59104.45,59017.44,59074.44,257
2026-04-20T03:00:00+00:00,59074.44,59111.95,59026.95,59082.43,334
2026-04-20T03:30:00+00:00,59082.43,59216.94,59082.43,59126.93,787
2026-04-20T04:00:00+00:00,59126.93,59126.93,58907.43,58916.93,801
2026-04-20T04:30:00+00:00,58916.93,59041.94,58872.44,58974.45,596
2026-04-20T05:00:00+00:00,58974.45,59039.43,58912.44,58932.45,616
2026-04-20T05:30:00+00:00,58932.45,58971.95,58822.43,58876.93,811
2026-04-20T06:00:00+00:00,58876.93,58924.43,58779.45,58846.95,947
2026-04-20T06:30:00+00:00,58846.95,58986.94,58797.44,58934.44,1132
2026-04-20T07:00:00+00:00,58934.44,59036.94,58916.94,58944.43,1073
2026-04-20T07:30:00+00:00,58944.43,58956.95,58632.44,58766.95,1241
2026-04-20T08:00:00+00:00,58766.95,58896.95,58651.93,58881.95,1657
2026-04-20T08:30:00+00:00,58881.95,58961.95,58824.43,58916.95,1116
2026-04-20T09:00:00+00:00,58916.95,58964.45,58859.43,58874.45,681
2026-04-20T09:30:00+00:00,58874.45,58919.45,58842.43,58854.45,442
2026-04-20T10:00:00+00:00,58854.45,58956.95,58829.44,58899.45,860
2026-04-20T10:30:00+00:00,58899.45,58904.45,58774.43,58789.44,550
2026-04-20T11:00:00+00:00,58789.44,58819.45,58721.93,58791.93,790
2026-04-20T11:30:00+00:00,58791.93,58914.43,58776.94,58894.43,994
2026-04-20T12:00:00+00:00,58894.43,58961.95,58859.45,58926.93,1245
2026-04-20T12:30:00+00:00,58926.93,58979.45,58866.94,58944.45,840
2026-04-20T13:00:00+00:00,58944.45,59141.94,58892.44,59136.95,1892
2026-04-20T13:30:00+00:00,59136.95,59181.95,59006.94,59156.93,2568
2026-04-20T14:00:00+00:00,59156.93,59164.45,59034.43,59141.94,1762
2026-04-20T14:30:00+00:00,59141.94,59166.93,58797.43,58956.95,3013
2026-04-20T15:00:00+00:00,58956.95,59161.95,58877.43,59141.93,2351
2026-04-20T15:30:00+00:00,59141.93,59166.95,59006.93,59041.94,985
2026-04-20T16:00:00+00:00,59041.94,59059.45,58981.94,59021.94,670
2026-04-20T16:30:00+00:00,59021.94,59069.43,58989.44,59034.45,738
2026-04-20T17:00:00+00:00,59034.45,59086.95,59014.44,59059.43,790
2026-04-20T17:30:00+00:00,59059.43,59141.94,59039.43,59094.44,634
2026-04-20T18:00:00+00:00,59094.44,59164.45,59061.94,59126.93,718
2026-04-20T18:30:00+00:00,59126.93,59194.44,59076.94,59179.43,428
2026-04-20T19:00:00+00:00,59179.43,59224.44,59169.43,59174.45,264
2026-04-20T19:30:00+00:00,59174.45,59231.93,59141.94,59226.93,467
2026-04-20T20:00:00+00:00,59226.93,59229.44,59192.43,59221.93,116.61273553127839
2026-04-20T20:30:00+00:00,59221.93,59326.94,59209.44,59269.43,302
2026-04-20T22:00:00+00:00,59274.43,59354.42,59274.4,59344.4,68
2026-04-20T22:30:00+00:00,59344.4,59378.92,59314.42,59374.42,47
2026-04-20T23:00:00+00:00,59374.42,59384.41,59331.91,59348.91,61.00941147485623
2026-04-20T23:30:00+00:00,59348.91,59348.91,59056.91,59071.92,420
2026-04-21T00:00:00+00:00,59071.92,59446.92,59071.92,59316.92,1403
2026-04-21T00:30:00+00:00,59316.92,59568.92,59256.9,59521.91,1332
2026-04-21T01:00:00+00:00,59521.91,59581.42,59366.9,59576.9,774
2026-04-21T01:30:00+00:00,59576.9,59628.91,59441.91,59481.42,617
2026-04-21T02:00:00+00:00,59481.42,59651.41,59436.9,59641.4,593
2026-04-21T02:30:00+00:00,59641.4,59661.41,59556.4,59566.41,464
2026-04-21T03:00:00+00:00,59566.41,59578.92,59456.9,59503.91,322
2026-04-21T03:30:00+00:00,59503.91,59598.91,59476.91,59571.4,428
2026-04-21T04:00:00+00:00,59571.4,59651.42,59571.4,59631.41,273
2026-04-21T04:30:00+00:00,59631.41,59658.92,59506.9,59511.4,236
2026-04-21T05:00:00+00:00,59511.4,59611.42,59496.41,59573.91,346
2026-04-21T05:30:00+00:00,59573.91,59573.91,59376.9,59411.9,449
2026-04-21T06:00:00+00:00,59411.9,59428.92,59321.4,59363.92,604
2026-04-21T06:30:00+00:00,59363.92,59401.42,59268.9,59308.9,515
2026-04-21T07:00:00+00:00,59308.9,59366.4,59248.91,59348.92,530
2026-04-21T07:30:00+00:00,59348.92,59408.91,59266.41,59331.4,499
2026-04-21T08:00:00+00:00,59331.4,59381.42,59178.91,59366.92,1044
2026-04-21T08:30:00+00:00,59366.92,59408.92,59331.91,59343.9,585
2026-04-21T09:00:00+00:00,59343.9,59346.42,59241.9,59303.92,476
2026-04-21T09:30:00+00:00,59303.92,59401.42,59286.92,59346.42,481
2026-04-21T10:00:00+00:00,59346.42,59381.41,59291.9,59301.42,331
2026-04-21T10:30:00+00:00,59301.42,59396.42,59291.91,59376.41,281
2026-04-21T11:00:00+00:00,59376.41,59396.42,59226.91,59311.4,1004
2026-04-21T11:30:00+00:00,59311.4,59356.4,59201.42,59203.9,481
2026-04-21T12:00:00+00:00,59203.9,59216.42,59091.91,59176.91,783
2026-04-21T12:30:00+00:00,59176.91,59228.9,58996.91,59053.9,1758
2026-04-21T13:00:00+00:00,59053.9,59083.92,59016.4,59026.4,923
2026-04-21T13:30:00+00:00,59026.4,59173.9,58968.91,59171.42,2415
2026-04-21T14:00:00+00:00,59171.42,59193.92,59096.41,59113.92,1578
2026-04-21T14:30:00+00:00,59113.92,59128.92,58803.9,58823.9,1873
2026-04-21T15:00:00+00:00,58823.9,58968.92,58726.41,58866.4,3752
2026-04-21T15:30:00+00:00,58866.4,58908.92,58741.4,58838.92,2691
2026-04-21T16:00:00+00:00,58838.92,58956.41,58796.42,58806.4,1504
2026-04-21T16:30:00+00:00,58806.4,58898.91,58733.9,58733.9,1010
2026-04-21T17:00:00+00:00,58733.9,58783.91,58423.9,58556.4,3166
2026-04-21T17:30:00+00:00,58556.4,58858.91,58556.4,58721.4,3003
2026-04-21T18:00:00+00:00,58721.4,58798.92,58616.91,58658.92,1765
2026-04-21T18:30:00+00:00,58658.92,58843.92,58606.41,58746.41,1970
2026-04-21T19:00:00+00:00,58746.41,58901.42,58686.92,58893.91,2245
2026-04-21T19:30:00+00:00,58893.91,58911.41,58286.4,58456.41,6057
2026-04-21T20:00:00+00:00,58456.41,58886.92,58381.9,58776.41,2654
2026-04-21T20:30:00+00:00,58776.41,58846.41,58741.9,58821.41,428
2026-04-21T22:00:00+00:00,58818.91,58900.53,58777.53,58860.01,173
2026-04-21T22:30:00+00:00,58860.01,58892.52,58790.52,58810.53,107
2026-04-21T23:00:00+00:00,58810.53,58905.03,58805.51,58870.52,145.53596914175506
2026-04-21T23:30:00+00:00,58870.52,59142.53,58848.02,59068.03,687.7256490134995
2026-04-22T00:00:00+00:00,59068.03,59423.02,59038.01,59352.53,2495
2026-04-22T00:30:00+00:00,59352.53,59540.02,59318.01,59468.03,1535
2026-04-22T01:00:00+00:00,59468.03,59510.02,59343.01,59407.52,1276
2026-04-22T01:30:00+00:00,59407.52,59642.53,59388.01,59587.51,962
2026-04-22T02:00:00+00:00,59587.51,59732.52,59587.51,59675.01,588
2026-04-22T02:30:00+00:00,59675.01,59692.53,59632.53,59632.53,356
2026-04-22T03:00:00+00:00,59632.53,59672.53,59592.51,59642.53,312
2026-04-22T03:30:00+00:00,59642.53,59680.03,59502.52,59547.51,626
2026-04-22T04:00:00+00:00,59547.51,59607.52,59458.01,59463.03,529
2026-04-22T04:30:00+00:00,59463.03,59495.02,59257.53,59265.01,542
2026-04-22T05:00:00+00:00,59265.01,59620.02,59262.53,59490.01,1811
2026-04-22T05:30:00+00:00,59490.01,59572.52,59463.02,59548.01,635
2026-04-22T06:00:00+00:00,59548.01,59622.53,59523.01,59580.03,630
2026-04-22T06:30:00+00:00,59580.03,59752.51,59568.02,59730.01,796
2026-04-22T07:00:00+00:00,59730.01,59820.03,59722.51,59772.51,591
2026-04-22T07:30:00+00:00,59772.51,59772.53,59665.02,59717.52,656
2026-04-22T08:00:00+00:00,59717.52,59747.53,59517.51,59522.51,1327
2026-04-22T08:30:00+00:00,59522.51,59552.52,59390.02,59527.52,1271
2026-04-22T09:00:00+00:00,59527.52,59692.53,59507.53,59682.53,1138
2026-04-22T09:30:00+00:00,59682.53,59692.51,59482.51,59540.01,828
2026-04-22T10:00:00+00:00,59540.01,59592.53,59405.02,59557.51,1378
2026-04-22T10:30:00+00:00,59557.51,59610.02,59482.51,59500.03,583
2026-04-22T11:00:00+00:00,59500.03,59525.01,59422.51,59452.53,977
2026-04-22T11:30:00+00:00,59452.53,59510.03,59418.01,59500.03,825
2026-04-22T12:00:00+00:00,59500.03,59632.51,59500.02,59530.02,1036
2026-04-22T12:30:00+00:00,59530.02,59565.01,59432.53,59450.02,1420
2026-04-22T13:00:00+00:00,59450.02,59582.53,59422.52,59532.53,2123
2026-04-22T13:30:00+00:00,59532.53,59552.53,59375.01,59437.53,2891
2026-04-22T14:00:00+00:00,59437.53,59570.03,59397.51,59545.01,1786
2026-04-22T14:30:00+00:00,59545.01,59617.52,59410.01,59442.52,2226
2026-04-22T15:00:00+00:00,59442.52,59502.52,59390.01,59475.01,1766
2026-04-22T15:30:00+00:00,59475.01,59540.03,59415.03,59505.03,1200
2026-04-22T16:00:00+00:00,59505.03,59660.02,59470.01,59560.01,1075
2026-04-22T16:30:00+00:00,59560.01,59605.03,59525.01,59552.51,945
2026-04-22T17:00:00+00:00,59552.51,59715.03,59545.01,59665.03,1236
2026-04-22T17:30:00+00:00,59665.03,59740.02,59657.52,59717.51,584
2026-04-22T18:00:00+00:00,59717.51,59720.01,59587.51,59617.52,594
2026-04-22T18:30:00+00:00,59617.52,59705.02,59615.01,59645.03,421
2026-04-22T19:00:00+00:00,59645.03,59710.01,59515.01,59700.02,1342
2026-04-22T19:30:00+00:00,59700.02,59845.03,59690.03,59832.53,1070
2026-04-22T20:00:00+00:00,59832.53,59880.03,59783.01,59812.51,518
2026-04-22T20:30:00+00:00,59812.51,59867.52,59768.03,59802.51,284
2026-04-22T22:00:00+00:00,59805.01,59835.95,59778.45,59796.44,83
2026-04-22T22:30:00+00:00,59796.44,59880.94,59761.44,59806.43,81
2026-04-22T23:00:00+00:00,59806.43,59820.93,59768.93,59783.93,116.9319409358516
2026-04-22T23:30:00+00:00,59783.93,60008.45,59683.95,59938.94,719
2026-04-23T00:00:00+00:00,59938.94,60225.94,59183.93,59908.93,6563
2026-04-23T00:30:00+00:00,59908.93,60030.93,59783.94,60018.95,2080
2026-04-23T01:00:00+00:00,60018.95,60048.44,59413.93,59453.93,1838
2026-04-23T01:30:00+00:00,59453.93,59543.94,59230.95,59240.94,2262
2026-04-23T02:00:00+00:00,59240.94,59243.45,58943.94,58983.43,2939
2026-04-23T02:30:00+00:00,58983.43,59048.45,58883.93,58943.44,1945
2026-04-23T03:00:00+00:00,58943.44,59003.43,58803.93,58848.45,1429
2026-04-23T03:30:00+00:00,58848.45,59018.45,58658.93,58998.44,3001
2026-04-23T04:00:00+00:00,58998.44,59085.93,58893.93,58983.45,1509
2026-04-23T04:30:00+00:00,58983.45,59108.45,58968.95,59028.44,898
2026-04-23T05:00:00+00:00,59028.44,59128.45,59023.93,59068.45,1255
2026-04-23T05:30:00+00:00,59068.45,59210.95,59038.93,59198.93,1315
2026-04-23T06:00:00+00:00,59198.93,59308.45,59165.93,59175.95,1170
2026-04-23T06:30:00+00:00,59175.95,59193.45,59060.93,59118.44,759
2026-04-23T07:00:00+00:00,59118.44,59188.45,59073.44,59093.44,722
2026-04-23T07:30:00+00:00,59093.44,59188.44,59013.94,59155.95,799
2026-04-23T08:00:00+00:00,59155.95,59230.95,59053.43,59158.45,1729
2026-04-23T08:30:00+00:00,59158.45,59165.93,58935.95,58960.94,1515
2026-04-23T09:00:00+00:00,58960.94,58990.95,58780.94,58963.44,1802
2026-04-23T09:30:00+00:00,58963.44,59025.95,58890.93,58933.45,1143
2026-04-23T10:00:00+00:00,58933.45,58960.95,58828.45,58903.45,1170
2026-04-23T10:30:00+00:00,58903.45,59043.45,58893.43,59023.45,1127
2026-04-23T11:00:00+00:00,59023.45,59065.94,58903.93,58955.95,1169
2026-04-23T11:30:00+00:00,58955.95,59173.45,58873.43,59135.94,1740
2026-04-23T12:00:00+00:00,59135.94,59273.45,59123.43,59183.45,1607
2026-04-23T12:30:00+00:00,59183.45,59245.95,59033.93,59168.44,2204
2026-04-23T13:00:00+00:00,59168.44,59238.43,59088.93,59225.93,1261
2026-04-23T13:30:00+00:00,59225.93,59378.43,59205.93,59290.95,2461
2026-04-23T14:00:00+00:00,59290.95,59390.94,59175.95,59348.44,2745
2026-04-23T14:30:00+00:00,59348.44,59450.93,59330.93,59425.94,1684
2026-04-23T15:00:00+00:00,59425.94,59445.95,59360.94,59413.43,1181
2026-04-23T15:30:00+00:00,59413.43,59425.94,59228.43,59328.44,2076
2026-04-23T16:00:00+00:00,59328.44,59370.95,59268.43,59350.94,1352
2026-04-23T16:30:00+00:00,59350.94,59415.95,59333.45,59375.93,1025
2026-04-23T17:00:00+00:00,59375.93,59393.45,58753.94,58778.44,7746
2026-04-23T17:30:00+00:00,58778.44,58928.45,58320.93,58830.93,9612
2026-04-23T18:00:00+00:00,58830.93,58998.44,58790.95,58975.95,4767
2026-04-23T18:30:00+00:00,58975.95,59060.95,58740.93,58810.94,2413
2026-04-23T19:00:00+00:00,58810.94,58920.93,58743.43,58870.93,2315
2026-04-23T19:30:00+00:00,58870.93,58950.95,58735.93,58928.44,2756
2026-04-23T20:00:00+00:00,58928.44,58968.43,58798.93,58868.45,588
2026-04-23T20:30:00+00:00,58868.45,58908.43,58813.93,58868.44,278
2026-04-23T22:00:00+00:00,58865.94,58907.94,58827.95,58862.94,147
2026-04-23T22:30:00+00:00,58862.94,58907.46,58862.94,58887.46,91
2026-04-23T23:00:00+00:00,58887.46,58992.44,58872.94,58962.96,138.27337877805985
2026-04-23T23:30:00+00:00,58962.96,59402.44,58922.45,59397.94,759
2026-04-24T00:00:00+00:00,59397.94,59647.45,59277.94,59642.45,3667
2026-04-24T00:30:00+00:00,59642.45,59717.46,59457.95,59542.44,2708
2026-04-24T01:00:00+00:00,59542.44,59587.46,59337.95,59572.44,2198
2026-04-24T01:30:00+00:00,59572.44,59599.96,59407.94,59549.95,2568
2026-04-24T02:00:00+00:00,59549.95,59562.46,59312.95,59347.46,2423
2026-04-24T02:30:00+00:00,59347.46,59442.45,59307.94,59367.96,1537
2026-04-24T03:00:00+00:00,59367.96,59412.46,59317.95,59352.45,1380
2026-04-24T03:30:00+00:00,59352.45,59534.96,59322.95,59379.96,2421
2026-04-24T04:00:00+00:00,59379.96,59567.45,59332.95,59514.96,1323
2026-04-24T04:30:00+00:00,59514.96,59642.45,59482.95,59622.46,793
2026-04-24T05:00:00+00:00,59622.46,59667.46,59587.94,59622.46,875
2026-04-24T05:30:00+00:00,59622.46,59737.44,59622.46,59707.95,621
2026-04-24T06:00:00+00:00,59707.95,59769.96,59617.95,59649.95,1049
2026-04-24T06:30:00+00:00,59649.95,59747.45,59584.94,59629.96,756
2026-04-24T07:00:00+00:00,59629.96,59742.45,59614.94,59702.46,559
2026-04-24T07:30:00+00:00,59702.46,59702.46,59567.96,59684.96,582
2026-04-24T08:00:00+00:00,59684.96,59822.46,59542.45,59622.46,2593
2026-04-24T08:30:00+00:00,59622.46,59634.96,59492.46,59544.96,1854
2026-04-24T09:00:00+00:00,59544.96,59597.45,59362.94,59417.44,1949
2026-04-24T09:30:00+00:00,59417.44,59524.96,59404.95,59464.96,1047
2026-04-24T10:00:00+00:00,59464.96,59614.96,59459.95,59604.95,913
2026-04-24T10:30:00+00:00,59604.95,59619.96,59574.96,59592.44,571
2026-04-24T11:00:00+00:00,59592.44,60069.94,59587.45,60064.95,5657
2026-04-24T11:30:00+00:00,60064.95,60092.46,59847.45,59882.46,1494
2026-04-24T12:00:00+00:00,59882.46,59982.46,59852.94,59902.46,1678
2026-04-24T12:30:00+00:00,59902.46,59904.95,59622.94,59717.45,1290
2026-04-24T13:00:00+00:00,59717.45,59812.45,59709.94,59739.96,1337
2026-04-24T13:30:00+00:00,59739.96,59864.95,59607.44,59662.46,5236
2026-04-24T14:00:00+00:00,59662.46,59802.45,59584.94,59664.95,5331
2026-04-24T14:30:00+00:00,59664.95,59762.45,59632.44,59744.96,2938
2026-04-24T15:00:00+00:00,59744.96,59799.95,59699.94,59779.94,1597
2026-04-24T15:30:00+00:00,59779.94,60107.44,59757.94,60044.94,4430
2026-04-24T16:00:00+00:00,60044.94,60054.95,59907.45,59974.94,1299
2026-04-24T16:30:00+00:00,59974.94,60037.44,59904.94,59984.96,1205
2026-04-24T17:00:00+00:00,59984.96,60004.96,59904.95,59939.94,1154
2026-04-24T17:30:00+00:00,59939.94,60084.95,59919.94,59997.45,1190.573668882085
2026-04-24T18:00:00+00:00,59997.45,59997.46,59884.94,59912.44,705
2026-04-24T18:30:00+00:00,59912.44,59934.95,59897.44,59922.45,455
2026-04-24T19:00:00+00:00,59922.45,59997.46,59922.45,59967.46,517
2026-04-24T19:30:00+00:00,59967.46,60012.46,59927.44,59997.44,735
2026-04-24T20:00:00+00:00,59997.44,60032.44,59920.44,59947.46,358
2026-04-24T20:30:00+00:00,59947.46,59992.45,59944.94,59989.96,89
2026-04-26T22:00:00+00:00,59987.46,60006.03,59676.04,59811.02,405
2026-04-26T22:30:00+00:00,59811.02,59845.54,59801.02,59841.04,95
2026-04-26T23:00:00+00:00,59841.04,60000.53,59823.04,59901.02,238
2026-04-26T23:30:00+00:00,59901.02,60115.52,59816.02,60110.53,801
2026-04-27T00:00:00+00:00,60110.53,60186.04,59631.02,59720.54,3423
2026-04-27T00:30:00+00:00,59720.54,60130.54,59691.02,60106.03,3040
2026-04-27T01:00:00+00:00,60106.03,60450.54,60081.02,60445.52,3169
2026-04-27T01:30:00+00:00,60445.52,60655.53,60416.02,60566.02,2044
2026-04-27T02:00:00+00:00,60566.02,60680.54,60546.03,60598.03,1276
2026-04-27T02:30:00+00:00,60598.03,60635.54,60546.03,60590.52,626
2026-04-27T03:00:00+00:00,60590.52,60715.54,60571.03,60713.02,933
2026-04-27T03:30:00+00:00,60713.02,60875.54,60676.03,60810.54,2374
2026-04-27T04:00:00+00:00,60810.54,60900.54,60706.03,60880.53,1234
2026-04-27T04:30:00+00:00,60880.53,60930.52,60766.02,60805.53,1069
2026-04-27T05:00:00+00:00,60805.53,60840.53,60681.03,60695.52,1527
2026-04-27T05:30:00+00:00,60695.52,60700.53,60481.04,60483.03,1771
2026-04-27T06:00:00+00:00,60483.03,60620.54,60426.04,60615.52,1680
2026-04-27T06:30:00+00:00,60615.52,60625.53,60131.02,60225.52,1693
2026-04-27T07:00:00+00:00,60225.52,60315.54,60151.04,60245.52,756
2026-04-27T07:30:00+00:00,60245.52,60295.53,60171.02,60273.04,548
2026-04-27T08:00:00+00:00,60273.04,60333.03,60155.53,60263.02,1901
2026-04-27T08:30:00+00:00,60263.02,60390.54,60248.02,60335.52,812
2026-04-27T09:00:00+00:00,60335.52,60383.04,60293.02,60343.02,681
2026-04-27T09:30:00+00:00,60343.02,60398.03,60318.02,60325.52,431
2026-04-27T10:00:00+00:00,60325.52,60393.04,60300.53,60350.54,442
2026-04-27T10:30:00+00:00,60350.54,60528.02,60338.02,60495.52,664
2026-04-27T11:00:00+00:00,60495.52,60603.04,60468.03,60585.54,747
2026-04-27T11:30:00+00:00,60585.54,60608.04,60508.02,60543.02,487
2026-04-27T12:00:00+00:00,60543.02,60558.04,60368.04,60410.52,950
2026-04-27T12:30:00+00:00,60410.52,60440.54,60315.53,60333.03,1287
2026-04-27T13:00:00+00:00,60333.03,60368.02,60283.02,60368.02,1486
2026-04-27T13:30:00+00:00,60368.02,60488.03,60088.02,60315.53,4312
2026-04-27T14:00:00+00:00,60315.53,60315.53,60163.02,60168.03,3125
2026-04-27T14:30:00+00:00,60168.03,60260.53,60056.04,60081.04,1567
2026-04-27T15:00:00+00:00,60081.04,60100.54,59968.02,60033.04,1896
2026-04-27T15:30:00+00:00,60033.04,60118.04,60033.02,60095.52,1207
2026-04-27T16:00:00+00:00,60095.52,60115.54,60065.52,60090.53,713
2026-04-27T16:30:00+00:00,60090.53,60143.03,60058.03,60078.03,470
2026-04-27T17:00:00+00:00,60078.03,60118.04,60020.52,60108.02,796
2026-04-27T17:30:00+00:00,60108.02,60170.53,60075.54,60078.02,514
2026-04-27T18:00:00+00:00,60078.02,60130.53,60053.02,60128.04,337
2026-04-27T18:30:00+00:00,60128.04,60130.53,60053.04,60070.53,239
2026-04-27T19:00:00+00:00,60070.53,60190.54,60048.02,60188.03,363
2026-04-27T19:30:00+00:00,60188.03,60218.04,60138.04,60183.03,614
2026-04-27T20:00:00+00:00,60183.03,60188.04,60146.02,60170.52,144
2026-04-27T20:30:00+00:00,60170.52,60230.52,60161.04,60166.04,183
2026-04-27T22:00:00+00:00,60166.04,60321.79,60166.04,60296.79,130
2026-04-27T22:30:00+00:00,60296.79,60391.29,60296.79,60301.8,83
2026-04-27T23:00:00+00:00,60301.8,60366.29,60301.8,60331.31,162
2026-04-27T23:30:00+00:00,60331.31,60446.81,60246.8,60341.79,1340
2026-04-28T00:00:00+00:00,60341.79,60471.31,60091.79,60181.8,4157
2026-04-28T00:30:00+00:00,60181.8,60446.79,60121.79,60346.8,2383
2026-04-28T01:00:00+00:00,60346.8,60351.8,60181.79,60236.79,2269
2026-04-28T01:30:00+00:00,60236.79,60391.3,60176.79,60236.79,2313
2026-04-28T02:00:00+00:00,60236.79,60303.79,60126.79,60256.29,1793
2026-04-28T02:30:00+00:00,60256.29,60256.29,60141.79,60156.79,777
2026-04-28T03:00:00+00:00,60156.79,60181.31,60036.79,60161.8,1297
2026-04-28T03:30:00+00:00,60161.8,60181.31,59926.79,59991.81,2388
2026-04-28T04:00:00+00:00,59991.81,60026.79,59901.8,59966.8,1144
2026-04-28T04:30:00+00:00,59966.8,60036.31,59931.79,59996.3,949
2026-04-28T05:00:00+00:00,59996.3,60041.3,59841.79,59886.79,1185
2026-04-28T05:30:00+00:00,59886.79,59891.31,59721.8,59871.81,1480
2026-04-28T06:00:00+00:00,59871.81,59961.29,59811.8,59926.31,1408
2026-04-28T06:30:00+00:00,59926.31,59988.8,59846.29,59916.3,1197
2026-04-28T07:00:00+00:00,59916.3,59936.3,59851.79,59896.81,755
2026-04-28T07:30:00+00:00,59896.81,60076.3,59896.81,60051.79,740
2026-04-28T08:00:00+00:00,60051.79,60098.79,59866.8,60098.79,1622
2026-04-28T08:30:00+00:00,60098.79,60106.3,59996.79,60058.8,840
2026-04-28T09:00:00+00:00,60058.8,60061.31,59906.79,59926.81,1236
2026-04-28T09:30:00+00:00,59926.81,59951.29,59776.31,59811.31,1358
2026-04-28T10:00:00+00:00,59811.31,59878.79,59748.81,59766.29,1030
2026-04-28T10:30:00+00:00,59766.29,59793.8,59663.79,59701.31,947
2026-04-28T11:00:00+00:00,59701.31,59728.8,59388.8,59418.8,1977
2026-04-28T11:30:00+00:00,59418.8,59428.81,59231.8,59296.3,2119
2026-04-28T12:00:00+00:00,59296.3,59431.3,59148.8,59166.31,3490
2026-04-28T12:30:00+00:00,59166.31,59208.81,58993.8,59193.79,2540
2026-04-28T13:00:00+00:00,59193.79,59208.79,58993.79,59051.29,2263
2026-04-28T13:30:00+00:00,59051.29,59376.31,58968.8,59186.79,4812
2026-04-28T14:00:00+00:00,59186.79,59243.8,59086.81,59131.29,3074
2026-04-28T14:30:00+00:00,59131.29,59161.3,58858.8,59031.31,5125
2026-04-28T15:00:00+00:00,59031.31,59111.3,58921.8,59028.81,3002
2026-04-28T15:30:00+00:00,59028.81,59028.81,58906.3,58968.8,2297
2026-04-28T16:00:00+00:00,58968.8,59041.31,58953.8,58978.79,1425
2026-04-28T16:30:00+00:00,58978.79,59016.31,58916.29,58978.79,1469
2026-04-28T17:00:00+00:00,58978.79,59026.29,58918.8,58988.81,988
2026-04-28T17:30:00+00:00,58988.81,59098.81,58988.81,59071.3,721
2026-04-28T18:00:00+00:00,59071.3,59143.81,59026.3,59136.3,933
2026-04-28T18:30:00+00:00,59136.3,59178.81,59098.81,59131.29,637
2026-04-28T19:00:00+00:00,59131.29,59203.81,59108.79,59113.8,618
2026-04-28T19:30:00+00:00,59113.8,59116.31,59053.79,59101.3,851
2026-04-28T20:00:00+00:00,59101.3,59121.29,59041.81,59081.29,416
2026-04-28T20:30:00+00:00,59081.29,59081.29,58978.79,58993.8,338.6825795644891
2026-04-28T22:00:00+00:00,58998.8,59098.51,58954.01,59076.02,124
2026-04-28T22:30:00+00:00,59076.02,59088.52,59044,59069.02,60
2026-04-28T23:00:00+00:00,59069.02,59096.01,59039,59089.01,72.8161739244816
2026-04-28T23:30:00+00:00,59089.01,59296.01,59089,59296.01,665
2026-04-29T00:00:00+00:00,59296.01,59393.51,59274.01,59348.51,1125
2026-04-29T00:30:00+00:00,59348.51,59418.52,59279,59298.51,717
2026-04-29T01:00:00+00:00,59298.51,59303.52,59084,59238.52,2463
2026-04-29T01:30:00+00:00,59238.52,59378.52,59224,59313.51,1612
2026-04-29T02:00:00+00:00,59313.51,59433.52,59311,59394.01,692
2026-04-29T02:30:00+00:00,59394.01,59408.52,59328.5,59378.52,805
2026-04-29T03:00:00+00:00,59378.52,59441,59359,59426,689
2026-04-29T03:30:00+00:00,59426,59433.52,59358.5,59413.52,451
2026-04-29T04:00:00+00:00,59413.52,59501.02,59411.02,59443.51,474
2026-04-29T04:30:00+00:00,59443.51,59493.52,59439.02,59463.52,357
2026-04-29T05:00:00+00:00,59463.52,59468.52,59359.01,59416.01,594
2026-04-29T05:30:00+00:00,59416.01,59466.02,59399.02,59428.51,606
2026-04-29T06:00:00+00:00,59428.51,59488.51,59283.51,59343.51,888
2026-04-29T06:30:00+00:00,59343.51,59363.51,59204.02,59216,726
2026-04-29T07:00:00+00:00,59216,59308.5,59181,59231,872
2026-04-29T07:30:00+00:00,59231,59248.51,59056,59106,1202
2026-04-29T08:00:00+00:00,59106,59226.02,59019,59161.02,2594
2026-04-29T08:30:00+00:00,59161.02,59168.52,59016.02,59101.02,1731
2026-04-29T09:00:00+00:00,59101.02,59223.52,59069.02,59191,1589
2026-04-29T09:30:00+00:00,59191,59251.02,59056,59106,1533
2026-04-29T10:00:00+00:00,59106,59341.02,59063.52,59298.52,1393
2026-04-29T10:30:00+00:00,59298.52,59328.5,59256,59283.52,995
2026-04-29T11:00:00+00:00,59283.52,59316.02,59241.01,59296.02,1122
2026-04-29T11:30:00+00:00,59296.02,59373.51,59218.51,59261.02,1227
2026-04-29T12:00:00+00:00,59261.02,59313.52,59228.52,59249.01,1285
2026-04-29T12:30:00+00:00,59249.01,59258.5,59118.5,59158.52,1489
2026-04-29T13:00:00+00:00,59158.52,59218.51,59058.5,59083.51,1668
2026-04-29T13:30:00+00:00,59083.51,59121.01,58916,59058.51,4770
2026-04-29T14:00:00+00:00,59058.51,59156.01,59006,59116.02,2640
2026-04-29T14:30:00+00:00,59116.02,59206,59076,59141.02,1622
2026-04-29T15:00:00+00:00,59141.02,59156.02,58968.5,59031.02,2069
2026-04-29T15:30:00+00:00,59031.02,59058.52,58803.5,58928.5,4205
2026-04-29T16:00:00+00:00,58928.5,59031.01,58871,58896.01,2466
2026-04-29T16:30:00+00:00,58896.01,58896.01,58756.02,58788.51,1742
2026-04-29T17:00:00+00:00,58788.51,58853.52,58728.51,58833.52,1843
2026-04-29T17:30:00+00:00,58833.52,58933.52,58811.02,58864.03,1687.0324487928485
2026-04-29T18:00:00+00:00,58864.03,58874.03999999999,58679.03999999999,58758.53,2437
2026-04-29T18:30:00+00:00,58758.53,58853.53,58588.53,58848.52,4697
2026-04-29T19:00:00+00:00,58848.52,58978.53,58791.03,58841.03,2385
2026-04-29T19:30:00+00:00,58841.03,58893.52,58736.02,58886.03999999999,2006
2026-04-29T20:00:00+00:00,58886.03999999999,59036.03999999999,58558.53,58744.02,5116
2026-04-29T20:30:00+00:00,58744.02,58773.53999999999,58578.52,58611.02,1424
2026-04-29T22:00:00+00:00,58611,58912.18,58595.18,58865.17,305
2026-04-29T22:30:00+00:00,58865.17,59022.17,58855.18,58970.19,169
2026-04-29T23:00:00+00:00,58970.19,59077.19,58947.67,59052.68,210.60519028083155
2026-04-29T23:30:00+00:00,59052.68,59242.67,58982.67,59162.17,1355
2026-04-30T00:00:00+00:00,59162.17,59414.69,59092.68,59267.68,3820
2026-04-30T00:30:00+00:00,59267.68,59487.19,59137.67,59352.67,2359
2026-04-30T01:00:00+00:00,59352.67,59367.19,59117.68,59237.18,2438
2026-04-30T01:30:00+00:00,59237.18,59347.17,59092.68,59287.68,1926
2026-04-30T02:00:00+00:00,59287.68,59472.19,59252.68,59277.68,1487
2026-04-30T02:30:00+00:00,59277.68,59342.17,58947.67,59152.18,3992
2026-04-30T03:00:00+00:00,59152.18,59224.67,59042.67,59077.18,1679
2026-04-30T03:30:00+00:00,59077.18,59252.18,59022.69,59234.69,1996
2026-04-30T04:00:00+00:00,59234.69,59242.19,58972.68,59022.69,2268
2026-04-30T04:30:00+00:00,59022.69,59112.19,58917.67,59062.18,2185
2026-04-30T05:00:00+00:00,59062.18,59284.69,59062.18,59167.18,1939
2026-04-30T05:30:00+00:00,59167.18,59262.18,59152.68,59164.69,1596
2026-04-30T06:00:00+00:00,59164.69,59252.18,59097.17,59222.19,2352
2026-04-30T06:30:00+00:00,59222.19,59542.19,59222.18,59414.68,1979
2026-04-30T07:00:00+00:00,59414.68,59627.18,59387.17,59604.69,1447
2026-04-30T07:30:00+00:00,59604.69,59652.18,59347.67,59477.67,1328
2026-04-30T08:00:00+00:00,59477.67,59584.68,59367.18,59464.67,2850
2026-04-30T08:30:00+00:00,59464.67,59517.17,59247.67,59277.19,2020
2026-04-30T09:00:00+00:00,59277.19,59317.17,59114.67,59289.69,2206
2026-04-30T09:30:00+00:00,59289.69,59444.68,59219.67,59257.18,2411
2026-04-30T10:00:00+00:00,59257.18,59309.69,59142.67,59174.68,1827
2026-04-30T10:30:00+00:00,59174.68,59194.67,58807.19,58924.68,3892
2026-04-30T11:00:00+00:00,58924.68,59212.19,58857.19,59202.19,2978
2026-04-30T11:30:00+00:00,59202.19,59207.19,59039.69,59167.19,2046
2026-04-30T12:00:00+00:00,59167.19,59339.69,59112.18,59312.68,1161
2026-04-30T12:30:00+00:00,59312.68,59344.69,59222.67,59309.67,1492
2026-04-30T13:00:00+00:00,59309.67,59354.69,59229.69,59257.18,1775
2026-04-30T13:30:00+00:00,59257.18,59274.69,59092.19,59159.67,4491
2026-04-30T14:00:00+00:00,59159.67,59414.69,59134.67,59367.17,4413
2026-04-30T14:30:00+00:00,59367.17,59549.69,59304.69,59507.68,3633
2026-04-30T15:00:00+00:00,59507.68,59572.18,59457.17,59489.68,2250
2026-04-30T15:30:00+00:00,59489.68,59552.18,59379.67,59479.69,1828
2026-04-30T16:00:00+00:00,59479.69,59492.18,59424.68,59484.67,1143
2026-04-30T16:30:00+00:00,59484.67,59519.69,59419.67,59452.18,1016
2026-04-30T17:00:00+00:00,59452.18,59554.69,59452.18,59539.68,1090
2026-04-30T17:30:00+00:00,59539.68,59672.18,59537.17,59659.69,1199
2026-04-30T18:00:00+00:00,59659.69,59739.67,59659.69,59719.67,609
2026-04-30T18:30:00+00:00,59719.67,59777.19,59719.67,59732.18,459
2026-04-30T19:00:00+00:00,59732.18,59844.67,59727.17,59822.17,705
2026-04-30T19:30:00+00:00,59822.17,59859.67,59762.68,59777.19,898
2026-04-30T20:00:00+00:00,59777.19,59807.19,59722.67,59747.17,802.8312416949652
2026-04-30T20:30:00+00:00,59747.17,59767.19,59702.17,59709.69,655
2026-04-30T22:00:00+00:00,59717.19,59882.23,59717.19,59764.73,198
2026-04-30T22:30:00+00:00,59764.73,59794.72,59692.71,59752.72,180
2026-04-30T23:00:00+00:00,59752.72,59767.23,59647.71,59712.71,203
2026-04-30T23:30:00+00:00,59712.71,59842.73,59637.73,59657.71,955.9385889745787
2026-05-01T00:00:00+00:00,59657.71,59707.72,59377.71,59527.72,2882
2026-05-01T00:30:00+00:00,59527.72,59642.23,59432.71,59522.72,1920
2026-05-01T01:00:00+00:00,59522.72,59622.23,59482.71,59552.73,1586
2026-05-01T01:30:00+00:00,59552.73,59707.23,59517.71,59687.72,1148
2026-05-01T02:00:00+00:00,59687.72,59732.22,59647.71,59699.73,618
2026-05-01T02:30:00+00:00,59699.73,59719.71,59637.71,59657.72,327
2026-05-01T03:00:00+00:00,59657.72,59702.23,59642.72,59662.71,387
2026-05-01T03:30:00+00:00,59662.71,59729.71,59607.71,59642.72,649
2026-05-01T04:00:00+00:00,59642.72,59717.22,59612.71,59647.23,661
2026-05-01T04:30:00+00:00,59647.23,59692.23,59617.71,59672.21,412
2026-05-01T05:00:00+00:00,59672.21,59717.23,59627.21,59682.71,634
2026-05-01T05:30:00+00:00,59682.71,59694.71,59597.23,59597.72,581
2026-05-01T06:00:00+00:00,59597.72,59622.22,59432.23,59459.73,770
2026-05-01T06:30:00+00:00,59459.73,59509.72,59067.72,59202.23,1177
2026-05-01T07:00:00+00:00,59202.23,59407.22,59192.72,59357.22,681
2026-05-01T07:30:00+00:00,59357.22,59379.71,59274.73,59327.21,501
2026-05-01T08:00:00+00:00,59327.21,59339.73,59192.71,59222.21,798
2026-05-01T08:30:00+00:00,59222.21,59244.73,59177.23,59232.22,488
2026-05-01T09:00:00+00:00,59232.22,59284.72,59167.23,59284.72,475
2026-05-01T09:30:00+00:00,59284.72,59287.23,59217.21,59234.71,584
2026-05-01T10:00:00+00:00,59234.71,59252.22,59204.72,59222.21,386
2026-05-01T10:30:00+00:00,59222.21,59239.71,59164.72,59232.23,379
2026-05-01T11:00:00+00:00,59232.23,59249.73,59132.22,59157.22,556
2026-05-01T11:30:00+00:00,59157.22,59184.73,59134.72,59182.23,385
2026-05-01T12:00:00+00:00,59182.23,59347.23,59152.22,59307.23,1287
2026-05-01T12:30:00+00:00,59307.23,59317.22,59074.71,59082.23,762
2026-05-01T13:00:00+00:00,59082.23,59199.73,59072.23,59194.72,561
2026-05-01T13:30:00+00:00,59194.72,59417.72,59127.73,59407.73,3148
2026-05-01T14:00:00+00:00,59407.73,59547.23,59347.71,59469.73,1737
2026-05-01T14:30:00+00:00,59469.73,59477.22,59337.23,59382.72,1743
2026-05-01T15:00:00+00:00,59382.72,59474.71,59277.71,59459.71,1167
2026-05-01T15:30:00+00:00,59459.71,59582.22,59432.71,59507.22,1177
2026-05-01T16:00:00+00:00,59507.22,59522.23,59297.71,59322.21,1410
2026-05-01T16:30:00+00:00,59322.21,59389.71,59297.72,59379.71,903
2026-05-01T17:00:00+00:00,59379.71,59474.73,59377.21,59469.73,611
2026-05-01T17:30:00+00:00,59469.73,59539.72,59459.73,59514.72,715.6840050202204
2026-05-01T18:00:00+00:00,59514.72,59522.23,59389.71,59487.23,780
2026-05-01T18:30:00+00:00,59487.23,59509.72,59374.71,59417.21,700
2026-05-01T19:00:00+00:00,59417.21,59562.21,59392.22,59547.21,470
2026-05-01T19:30:00+00:00,59547.21,59554.73,59372.71,59387.23,769
2026-05-01T20:00:00+00:00,59387.23,59387.23,59292.71,59297.72,373
2026-05-01T20:30:00+00:00,59297.72,59312.23,59277.71,59277.71,115
2026-05-03T22:00:00+00:00,59277.71,59741.09,59277.71,59541.07,420
2026-05-03T22:30:00+00:00,59541.07,59696.09,59536.07,59576.09,337
2026-05-03T23:00:00+00:00,59576.09,59665.58,59526.07,59606.07,438
2026-05-03T23:30:00+00:00,59606.07,59703.07,59431.08,59436.09,1110
2026-05-04T00:00:00+00:00,59436.09,59545.59,59321.07,59510.57,2686
2026-05-04T00:30:00+00:00,59510.57,59720.58,59501.08,59686.07,1544
2026-05-04T01:00:00+00:00,59686.07,59805.59,59601.07,59761.08,1699
2026-05-04T01:30:00+00:00,59761.08,59895.58,59746.08,59850.57,932
2026-05-04T02:00:00+00:00,59850.57,59860.58,59711.08,59721.08,1004
2026-05-04T02:30:00+00:00,59721.08,59863.08,59716.07,59811.07,528
2026-05-04T03:00:00+00:00,59811.07,59895.59,59811.07,59825.58,468
2026-05-04T03:30:00+00:00,59825.58,59845.59,59676.07,59761.08,1494
2026-05-04T04:00:00+00:00,59761.08,59825.59,59741.08,59815.58,664
2026-05-04T04:30:00+00:00,59815.58,59865.58,59796.07,59841.09,315
2026-05-04T05:00:00+00:00,59841.09,59980.57,59831.07,59891.08,724
2026-05-04T05:30:00+00:00,59891.08,59965.58,59881.07,59931.08,414
2026-05-04T06:00:00+00:00,59931.08,59960.59,59873.07,59873.07,1103
2026-05-04T06:30:00+00:00,59873.07,59918.09,59723.08,59758.07,1129
2026-05-04T07:00:00+00:00,59758.07,59900.58,59703.09,59845.58,942
2026-05-04T07:30:00+00:00,59845.58,59870.59,59770.58,59775.58,635
2026-05-04T08:00:00+00:00,59775.58,59820.59,59636.08,59708.07,1682
2026-05-04T08:30:00+00:00,59708.07,59755.58,59663.07,59670.57,860
2026-05-04T09:00:00+00:00,59670.57,59745.59,59653.07,59705.57,852
2026-05-04T09:30:00+00:00,59705.57,59765.58,59688.08,59688.08,662
2026-05-04T10:00:00+00:00,59688.08,59700.58,59095.59,59335.59,7685
2026-05-04T10:30:00+00:00,59335.59,59688.08,59301.07,59543.08,3524
2026-05-04T11:00:00+00:00,59543.08,59695.59,59511.08,59615.59,1879
2026-05-04T11:30:00+00:00,59615.59,59640.57,59501.09,59610.58,1605
2026-05-04T12:00:00+00:00,59610.58,59825.57,59610.58,59800.59,1867
2026-05-04T12:30:00+00:00,59800.59,59840.57,59723.08,59768.09,1220
2026-05-04T13:00:00+00:00,59768.09,59855.58,59605.59,59740.59,2980
2026-05-04T13:30:00+00:00,59740.59,59893.09,59698.07,59873.08,3277
2026-05-04T14:00:00+00:00,59873.08,60010.58,59765.58,59925.57,2296
2026-05-04T14:30:00+00:00,59925.57,59970.59,59758.07,59773.07,1567
2026-05-04T15:00:00+00:00,59773.07,59803.08,59366.07,59540.58,5755
2026-05-04T15:30:00+00:00,59540.58,59583.09,59365.57,59465.59,4751
2026-05-04T16:00:00+00:00,59465.59,59575.59,59241.07,59433.07,4553
2026-05-04T16:30:00+00:00,59433.07,59458.09,59291.07,59316.08,1707
2026-05-04T17:00:00+00:00,59316.08,59560.58,59311.07,59541.08,2020
2026-05-04T17:30:00+00:00,59541.08,59545.57,59436.08,59463.08,606
2026-05-04T18:00:00+00:00,59463.08,59515.59,59311.07,59366.09,869
2026-05-04T18:30:00+00:00,59366.09,59395.57,59281.07,59310.58,793
2026-05-04T19:00:00+00:00,59310.58,59433.07,59286.07,59380.58,1336
2026-05-04T19:30:00+00:00,59380.58,59470.59,59371.07,59458.08,937
2026-05-04T20:00:00+00:00,59458.08,59468.07,59411.07,59440.58,352
2026-05-04T20:30:00+00:00,59440.58,59471.07,59401.08,59463.58,215.67235796290845
2026-05-04T22:00:00+00:00,59455.58,59542.26,59455.58,59502.28,249
2026-05-04T22:30:00+00:00,59502.28,59507.27,59372.26,59407.28,152
2026-05-04T23:00:00+00:00,59407.28,59452.27,59377.26,59427.27,159.70169912818514
2026-05-04T23:30:00+00:00,59427.27,59492.28,59322.27,59342.26,711
2026-05-05T00:00:00+00:00,59342.26,59516.77,59282.26,59347.28,1852
2026-05-05T00:30:00+00:00,59347.28,59471.77,59317.26,59422.28,1345
2026-05-05T01:00:00+00:00,59422.28,59461.78,59357.28,59372.26,1340
2026-05-05T01:30:00+00:00,59372.26,59496.78,59352.26,59447.28,1638
2026-05-05T02:00:00+00:00,59447.28,59541.78,59427.26,59527.26,721
2026-05-05T02:30:00+00:00,59527.26,59571.77,59492.27,59521.77,725
2026-05-05T03:00:00+00:00,59521.77,59601.77,59497.27,59589.27,468
2026-05-05T03:30:00+00:00,59589.27,59626.78,59582.26,59586.78,374.35838361674894
2026-05-05T04:00:00+00:00,59586.78,59646.78,59581.76,59616.78,397
2026-05-05T04:30:00+00:00,59616.78,59626.78,59547.27,59561.77,391
2026-05-05T05:00:00+00:00,59561.77,59571.77,59502.26,59507.28,477
2026-05-05T05:30:00+00:00,59507.28,59641.78,59502.26,59629.26,771
2026-05-05T06:00:00+00:00,59629.26,59696.78,59532.28,59551.76,1297
2026-05-05T06:30:00+00:00,59551.76,59676.78,59542.26,59664.28,610
2026-05-05T07:00:00+00:00,59664.28,59841.78,59646.78,59801.78,914
2026-05-05T07:30:00+00:00,59801.78,59906.78,59696.77,59721.76,1337
2026-05-05T08:00:00+00:00,59721.76,59866.76,59686.78,59801.78,1544
2026-05-05T08:30:00+00:00,59801.78,59824.28,59741.76,59769.28,1122
2026-05-05T09:00:00+00:00,59769.28,59799.27,59701.78,59766.77,1050
2026-05-05T09:30:00+00:00,59766.77,59864.27,59761.76,59804.26,834
2026-05-05T10:00:00+00:00,59804.26,59841.78,59794.27,59836.78,535
2026-05-05T10:30:00+00:00,59836.78,59966.76,59764.26,59829.27,840
2026-05-05T11:00:00+00:00,59829.27,59936.78,59761.76,59909.27,1258
2026-05-05T11:30:00+00:00,59909.27,60001.77,59901.77,59969.26,713
2026-05-05T12:00:00+00:00,59969.26,60141.78,59927.28,60126.78,1573
2026-05-05T12:30:00+00:00,60126.78,60146.78,60019.27,60034.26,660
2026-05-05T13:00:00+00:00,60034.26,60134.28,60034.26,60089.26,794
2026-05-05T13:30:00+00:00,60089.26,60269.28,60049.27,60222.28,2176
2026-05-05T14:00:00+00:00,60222.28,60389.27,60137.26,60354.27,3551
2026-05-05T14:30:00+00:00,60354.27,60361.78,60282.26,60351.77,1241
2026-05-05T15:00:00+00:00,60351.77,60439.28,60329.26,60429.28,1029
2026-05-05T15:30:00+00:00,60429.28,60549.27,60391.78,60509.28,970
2026-05-05T16:00:00+00:00,60509.28,60569.27,60474.28,60521.78,588
2026-05-05T16:30:00+00:00,60521.78,60544.28,60479.27,60524.26,440
2026-05-05T17:00:00+00:00,60524.26,60584.27,60509.26,60579.26,330
2026-05-05T17:30:00+00:00,60579.26,60651.77,60579.26,60629.26,510
2026-05-05T18:00:00+00:00,60629.26,60666.78,60611.78,60631.78,284
2026-05-05T18:30:00+00:00,60631.78,60659.28,60614.26,60629.27,195
2026-05-05T19:00:00+00:00,60629.27,60676.76,60601.78,60601.78,381
2026-05-05T19:30:00+00:00,60601.78,60624.28,60531.78,60594.26,593
2026-05-05T20:00:00+00:00,60594.26,60681.78,60542.26,60681.78,624
2026-05-05T20:30:00+00:00,60681.78,60721.76,60657.26,60711.76,402
2026-05-05T22:00:00+00:00,60711.76,60770.47,60628.49,60753.47,237
2026-05-05T22:30:00+00:00,60753.47,61045.49,60748.47,61043.48,681
2026-05-05T23:00:00+00:00,61043.48,61198.48,60968.49,61137.97,489
2026-05-05T23:30:00+00:00,61137.97,61228.48,60983.47,60993.49,1230
2026-05-06T00:00:00+00:00,60993.49,61417.99,60958.47,61283.47,3338
2026-05-06T00:30:00+00:00,61283.47,61382.99,61063.48,61183.49,2268
2026-05-06T01:00:00+00:00,61183.49,61413.49,61163.47,61317.97,1936
2026-05-06T01:30:00+00:00,61317.97,61352.98,61158.47,61203.48,1696
2026-05-06T02:00:00+00:00,61203.48,61207.97,61003.47,61032.97,1753
2026-05-06T02:30:00+00:00,61032.97,61092.98,60993.47,61048.47,630
2026-05-06T03:00:00+00:00,61048.47,61157.97,61048.47,61103.47,717
2026-05-06T03:30:00+00:00,61103.47,61192.97,61103.47,61173.49,748
2026-05-06T04:00:00+00:00,61173.49,61267.99,61153.47,61167.97,996
2026-05-06T04:30:00+00:00,61167.97,61190.49,60958.47,61083.47,2704
2026-05-06T05:00:00+00:00,61083.47,61142.99,61008.49,61118.49,898
2026-05-06T05:30:00+00:00,61118.49,61207.99,61088.47,61200.49,646
2026-05-06T06:00:00+00:00,61200.49,61297.97,61198.47,61265.47,836
2026-05-06T06:30:00+00:00,61265.47,61325.49,61212.97,61287.98,580
2026-05-06T07:00:00+00:00,61287.98,61332.99,61202.98,61277.99,612
2026-05-06T07:30:00+00:00,61277.99,61342.99,61233.49,61307.97,638
2026-05-06T08:00:00+00:00,61307.97,61522.98,61293.48,61440.48,1990
2026-05-06T08:30:00+00:00,61440.48,62002.99,61440.48,61932.99,4367
2026-05-06T09:00:00+00:00,61932.99,61997.99,61798.47,61912.99,2955
2026-05-06T09:30:00+00:00,61912.99,62092.99,61892.98,62030.48,2030
2026-05-06T10:00:00+00:00,62030.48,62170.47,62002.97,62067.97,1947
2026-05-06T10:30:00+00:00,62067.97,62262.99,62058.47,62197.98,2783
2026-05-06T11:00:00+00:00,62197.98,62345.48,62172.98,62260.49,2171
2026-05-06T11:30:00+00:00,62260.49,62290.47,62038.48,62057.98,2377
2026-05-06T12:00:00+00:00,62057.98,62062.98,61713.47,61877.97,3628
2026-05-06T12:30:00+00:00,61877.97,61902.98,61802.97,61832.98,1775
2026-05-06T13:00:00+00:00,61832.98,61835.48,61568.49,61725.49,3428
2026-05-06T13:30:00+00:00,61725.49,61835.48,61642.99,61782.98,4043
2026-05-06T14:00:00+00:00,61782.98,61810.49,61552.98,61655.47,4086
2026-05-06T14:30:00+00:00,61655.47,61835.47,61640.47,61795.48,3221
2026-05-06T15:00:00+00:00,61795.48,61895.48,61752.97,61847.98,1624
2026-05-06T15:30:00+00:00,61847.98,61865.48,61697.97,61792.98,1526
2026-05-06T16:00:00+00:00,61792.98,61822.98,61747.97,61790.47,770
2026-05-06T16:30:00+00:00,61790.47,61820.48,61600.48,61670.47,1342
2026-05-06T17:00:00+00:00,61670.47,61775.49,61650.47,61747.97,867
2026-05-06T17:30:00+00:00,61747.97,61815.49,61737.99,61812.97,513
2026-05-06T18:00:00+00:00,61812.97,61935.47,61812.97,61910.48,597
2026-05-06T18:30:00+00:00,61910.48,61962.99,61910.48,61927.98,416
2026-05-06T19:00:00+00:00,61927.98,62035.48,61925.47,62012.99,507
2026-05-06T19:30:00+00:00,62012.99,62115.49,61982.97,62055.48,911
2026-05-06T20:00:00+00:00,62055.48,62322.99,62055.48,62292.97,865
2026-05-06T20:30:00+00:00,62292.97,62302.99,62063.47,62097.99,482
2026-05-06T22:00:00+00:00,62097.99,62134.18,61974.66,61984.67,213
2026-05-06T22:30:00+00:00,61984.67,61989.18,61839.66,61859.66,138
2026-05-06T23:00:00+00:00,61859.66,61956.689999999995,61779.67,61827.18,306.05833750625936
2026-05-06T23:30:00+00:00,61827.18,62031.68,61692.18,61862.189999999995,1808
2026-05-07T00:00:00+00:00,61862.189999999995,62097.2,61817.18,61912.189999999995,5855
2026-05-07T00:30:00+00:00,61912.189999999995,62214.189999999995,61902.18,62206.7,3492
2026-05-07T01:00:00+00:00,62206.7,62541.7,62092.18,62516.68,2394
2026-05-07T01:30:00+00:00,62516.68,62856.7,62502.2,62792.189999999995,2384
2026-05-07T02:00:00+00:00,62792.189999999995,62976.7,62787.189999999995,62957.18,1748
2026-05-07T02:30:00+00:00,62957.18,62969.2,62757.18,62814.189999999995,1110
2026-05-07T03:00:00+00:00,62814.189999999995,62876.689999999995,62752.189999999995,62836.689999999995,730
2026-05-07T03:30:00+00:00,62836.689999999995,62991.68,62807.189999999995,62891.689999999995,1491
2026-05-07T04:00:00+00:00,62891.689999999995,62931.68,62837.18,62902.189999999995,1275
2026-05-07T04:30:00+00:00,62902.189999999995,63159.189999999995,62837.18,63121.7,1427
2026-05-07T05:00:00+00:00,63121.7,63236.7,63117.2,63204.18,1591
2026-05-07T05:30:00+00:00,63204.18,63221.7,63052.18,63059.18,1230
2026-05-07T06:00:00+00:00,63059.18,63126.7,62946.68,63051.689999999995,1885
2026-05-07T06:30:00+00:00,63051.689999999995,63169.189999999995,62961.68,63062.189999999995,1524
2026-05-07T07:00:00+00:00,63062.189999999995,63341.68,63017.18,63286.689999999995,1636
2026-05-07T07:30:00+00:00,63286.689999999995,63339.189999999995,63201.689999999995,63279.189999999995,1033
2026-05-07T08:00:00+00:00,63279.189999999995,63344.18,63007.18,63106.7,2437
2026-05-07T08:30:00+00:00,63106.7,63131.689999999995,62926.68,63014.2,1604
2026-05-07T09:00:00+00:00,63014.2,63049.189999999995,62961.7,63041.689999999995,1510
2026-05-07T09:30:00+00:00,63041.689999999995,63129.189999999995,62921.689999999995,62941.689999999995,1453
2026-05-07T10:00:00+00:00,62941.689999999995,62996.7,62884.18,62911.68,1054
2026-05-07T10:30:00+00:00,62911.68,62944.189999999995,62854.18,62869.189999999995,1100
2026-05-07T11:00:00+00:00,62869.189999999995,62884.2,62709.18,62721.68,1641
2026-05-07T11:30:00+00:00,62721.68,62779.189999999995,62679.18,62751.7,968
2026-05-07T12:00:00+00:00,62751.7,62916.689999999995,62734.189999999995,62916.689999999995,1049
2026-05-07T12:30:00+00:00,62916.689999999995,62946.68,62799.18,62851.68,1087
2026-05-07T13:00:00+00:00,62851.68,62854.2,62736.68,62804.189999999995,1085
2026-05-07T13:30:00+00:00,62804.189999999995,62809.2,62439.18,62519.189999999995,3349
2026-05-07T14:00:00+00:00,62519.189999999995,62636.7,62489.189999999995,62529.18,2585
2026-05-07T14:30:00+00:00,62529.18,62706.7,62529.18,62669.18,1577
2026-05-07T15:00:00+00:00,62669.18,62674.2,62441.689999999995,62506.68,2760
2026-05-07T15:30:00+00:00,62506.68,62576.68,62396.689999999995,62431.7,2349
2026-05-07T16:00:00+00:00,62431.7,62459.2,62227.18,62404.18,3645
2026-05-07T16:30:00+00:00,62404.18,62439.18,62259.18,62309.189999999995,2196
2026-05-07T17:00:00+00:00,62309.189999999995,62356.689999999995,62034.2,62139.18,4354
2026-05-07T17:30:00+00:00,62139.18,62324.189999999995,62101.7,62316.7,4794
2026-05-07T18:00:00+00:00,62316.7,62366.689999999995,62219.18,62234.189999999995,2247
2026-05-07T18:30:00+00:00,62234.189999999995,62291.68,62062.2,62281.68,3581
2026-05-07T19:00:00+00:00,62281.68,62311.7,62112.18,62202.2,2549
2026-05-07T19:30:00+00:00,62202.2,62331.7,62147.189999999995,62196.689999999995,2164
2026-05-07T20:00:00+00:00,62196.689999999995,62426.7,62161.68,62227.2,1407
2026-05-07T20:30:00+00:00,62227.2,62266.689999999995,62022.18,62094.2,2137
2026-05-07T22:00:00+00:00,62106.68,62229.06,61954.04,62199.04,439
2026-05-07T22:30:00+00:00,62199.04,62209.06,62104.06,62164.05,186
2026-05-07T23:00:00+00:00,62164.05,62243.55,62134.04,62214.05,202.90908240965211
2026-05-07T23:30:00+00:00,62214.05,62443.56,61989.04,62434.05,1299
2026-05-08T00:00:00+00:00,62434.05,62714.05,62309.06,62519.04,4296
2026-05-08T00:30:00+00:00,62519.04,62688.55,62479.04,62628.55,3519
2026-05-08T01:00:00+00:00,62628.55,62773.55,62559.04,62573.56,2939
2026-05-08T01:30:00+00:00,62573.56,62583.55,62384.04,62419.05,2322
2026-05-08T02:00:00+00:00,62419.05,62448.56,62159.05,62203.54,2615
2026-05-08T02:30:00+00:00,62203.54,62383.56,62109.06,62273.54,2676
2026-05-08T03:00:00+00:00,62273.54,62338.55,62249.04,62314.06,1295
2026-05-08T03:30:00+00:00,62314.06,62513.56,62309.06,62478.54,2623
2026-05-08T04:00:00+00:00,62478.54,62571.06,62409.04,62519.06,1871
2026-05-08T04:30:00+00:00,62519.06,62583.55,62369.04,62508.54,2010
2026-05-08T05:00:00+00:00,62508.54,62646.06,62508.54,62599.06,1820
2026-05-08T05:30:00+00:00,62599.06,62731.06,62584.05,62664.05,1671
2026-05-08T06:00:00+00:00,62664.05,62741.06,62596.04,62673.54,1807
2026-05-08T06:30:00+00:00,62673.54,62828.56,62621.04,62821.04,1624
2026-05-08T07:00:00+00:00,62821.04,62853.54,62744.05,62793.55,1173
2026-05-08T07:30:00+00:00,62793.55,62856.05,62719.04,62831.06,763
2026-05-08T08:00:00+00:00,62831.06,62991.06,62798.55,62906.05,1861
2026-05-08T08:30:00+00:00,62906.05,62976.06,62876.05,62903.55,1187
2026-05-08T09:00:00+00:00,62903.55,63068.56,62893.55,63003.56,941
2026-05-08T09:30:00+00:00,63003.56,63011.05,62718.55,62796.04,1318
2026-05-08T10:00:00+00:00,62796.04,62866.05,62786.04,62826.05,1020
2026-05-08T10:30:00+00:00,62826.05,62868.56,62659.05,62778.55,1111
2026-05-08T11:00:00+00:00,62778.55,62921.04,62763.56,62838.56,1072
2026-05-08T11:30:00+00:00,62838.56,62896.06,62808.55,62891.04,870
2026-05-08T12:00:00+00:00,62891.04,62933.56,62849.05,62924.04,864
2026-05-08T12:30:00+00:00,62924.04,63083.56,62903.54,62969.05,2178
2026-05-08T13:00:00+00:00,62969.05,63083.55,62921.05,63083.54,2027
2026-05-08T13:30:00+00:00,63083.54,63433.55,63021.04,63403.56,4012
2026-05-08T14:00:00+00:00,63403.56,63423.56,63141.04,63153.55,3249
2026-05-08T14:30:00+00:00,63153.55,63236.05,63106.04,63176.04,2001
2026-05-08T15:00:00+00:00,63176.04,63236.06,63101.06,63198.55,1759
2026-05-08T15:30:00+00:00,63198.55,63286.06,63131.06,63261.04,2044
2026-05-08T16:00:00+00:00,63261.04,63356.06,63261.04,63341.05,1121
2026-05-08T16:30:00+00:00,63341.05,63413.56,63296.04,63356.06,997
2026-05-08T17:00:00+00:00,63356.06,63581.06,63336.04,63511.04,1218
2026-05-08T17:30:00+00:00,63511.04,63611.04,63503.54,63556.04,725.596707392835
2026-05-08T18:00:00+00:00,63556.04,63706.05,63546.04,63611.04,1435
2026-05-08T18:30:00+00:00,63611.04,63623.56,63466.04,63491.04,1028
2026-05-08T19:00:00+00:00,63491.04,63613.56,63483.54,63538.55,850
2026-05-08T19:30:00+00:00,63538.55,63658.56,63521.06,63651.06,1195
2026-05-08T20:00:00+00:00,63651.06,63696.04,63606.55,63631.05,499
2026-05-08T20:30:00+00:00,63631.05,63656.06,63616.54,63631.56,91
2026-05-10T22:00:00+00:00,63634.06,63667.93,63317.91,63422.91,408
2026-05-10T22:30:00+00:00,63422.91,63547.43,63392.91,63482.92,166
2026-05-10T23:00:00+00:00,63482.92,63752.41,63457.91,63674.93,406
2026-05-10T23:30:00+00:00,63674.93,63807.43,63432.91,63442.92,1494
2026-05-11T00:00:00+00:00,63442.92,63497.93,63222.91,63317.92,4469
2026-05-11T00:30:00+00:00,63317.92,63352.42,63012.91,63042.91,3266
2026-05-11T01:00:00+00:00,63042.91,63152.41,62757.43,62762.41,3491
2026-05-11T01:30:00+00:00,62762.41,62772.43,62532.42,62574.93,2580
2026-05-11T02:00:00+00:00,62574.93,62629.92,62472.91,62537.43,2000
2026-05-11T02:30:00+00:00,62537.43,62564.92,62467.92,62497.91,1269
2026-05-11T03:00:00+00:00,62497.91,62574.91,62427.92,62557.91,1657
2026-05-11T03:30:00+00:00,62557.91,62702.41,62487.91,62647.93,1877
2026-05-11T04:00:00+00:00,62647.93,62752.43,62567.91,62742.42,1066
2026-05-11T04:30:00+00:00,62742.42,62797.42,62597.41,62627.43,831
2026-05-11T05:00:00+00:00,62627.43,62644.93,62492.91,62507.41,1381
2026-05-11T05:30:00+00:00,62507.41,62572.41,62477.91,62482.93,1441
2026-05-11T06:00:00+00:00,62482.93,62534.91,62419.93,62509.91,1428
2026-05-11T06:30:00+00:00,62509.91,62509.93,62342.42,62497.41,1235
2026-05-11T07:00:00+00:00,62497.41,62647.43,62477.41,62529.92,991
2026-05-11T07:30:00+00:00,62529.92,62679.93,62527.41,62659.91,801
2026-05-11T08:00:00+00:00,62659.91,62672.41,62452.93,62507.43,1794
2026-05-11T08:30:00+00:00,62507.43,62557.43,62489.93,62499.91,1052
2026-05-11T09:00:00+00:00,62499.91,62657.43,62474.91,62627.43,919
2026-05-11T09:30:00+00:00,62627.43,62727.43,62612.42,62612.43,786
2026-05-11T10:00:00+00:00,62612.43,62657.43,62567.42,62584.91,946
2026-05-11T10:30:00+00:00,62584.91,62602.42,62499.92,62542.42,979
2026-05-11T11:00:00+00:00,62542.42,62677.41,62539.91,62669.93,873
2026-05-11T11:30:00+00:00,62669.93,62717.43,62537.42,62604.93,1079
2026-05-11T12:00:00+00:00,62604.93,62634.93,62532.41,62629.92,1275
2026-05-11T12:30:00+00:00,62629.92,62679.93,62507.93,62649.92,1665
2026-05-11T13:00:00+00:00,62649.92,62749.93,62649.91,62747.42,1173
2026-05-11T13:30:00+00:00,62747.42,62859.92,62729.93,62764.91,2512
2026-05-11T14:00:00+00:00,62764.91,62797.43,62644.91,62654.91,1765
2026-05-11T14:30:00+00:00,62654.91,62799.91,62517.42,62744.92,2918
2026-05-11T15:00:00+00:00,62744.92,62839.93,62692.41,62834.93,1233
2026-05-11T15:30:00+00:00,62834.93,62904.93,62764.92,62849.93,1430
2026-05-11T16:00:00+00:00,62849.93,62889.93,62834.91,62852.42,604
2026-05-11T16:30:00+00:00,62852.42,62869.93,62677.42,62772.43,1426
2026-05-11T17:00:00+00:00,62772.43,62837.43,62767.91,62829.91,691
2026-05-11T17:30:00+00:00,62829.91,62904.93,62827.41,62862.43,531
2026-05-11T18:00:00+00:00,62862.43,62934.93,62859.92,62909.91,544
2026-05-11T18:30:00+00:00,62909.91,62929.93,62804.91,62809.91,814
2026-05-11T19:00:00+00:00,62809.91,62857.43,62762.43,62782.43,1395
2026-05-11T19:30:00+00:00,62782.43,62922.43,62764.91,62922.43,1117
2026-05-11T20:00:00+00:00,62922.43,62929.91,62742.92,62852.43,766
2026-05-11T20:30:00+00:00,62852.43,62899.93,62832.92,62887.42,329
2026-05-11T22:00:00+00:00,62887.42,62968.88,62859.39,62968.88,68
2026-05-11T22:30:00+00:00,62968.88,63058.88,62963.88,63018.89,104
2026-05-11T23:00:00+00:00,63018.89,63023.87,62894.39,62904.37,238.97119145744105
2026-05-11T23:30:00+00:00,62904.37,62948.89,62694.37,62839.37,913
2026-05-12T00:00:00+00:00,62839.37,62978.88,62774.37,62929.38,4459
2026-05-12T00:30:00+00:00,62929.38,63238.89,62919.39,63183.89,2083
2026-05-12T01:00:00+00:00,63183.89,63213.89,62629.37,62718.89,3477
2026-05-12T01:30:00+00:00,62718.89,62771.37,62179.38,62439.37,6822
2026-05-12T02:00:00+00:00,62439.37,62811.37,62394.38,62793.88,3696
2026-05-12T02:30:00+00:00,62793.88,62903.89,62733.88,62879.37,1351
2026-05-12T03:00:00+00:00,62879.37,62948.89,62764.38,62813.87,1118
2026-05-12T03:30:00+00:00,62813.87,62923.89,62694.37,62734.38,2085
2026-05-12T04:00:00+00:00,62734.38,62869.37,62724.38,62814.37,1647
2026-05-12T04:30:00+00:00,62814.37,62898.87,62599.37,62599.37,1785
2026-05-12T05:00:00+00:00,62599.37,62788.89,62589.37,62769.37,2706
2026-05-12T05:30:00+00:00,62769.37,62813.89,62629.37,62724.38,2182
2026-05-12T06:00:00+00:00,62724.38,62858.88,62654.38,62681.37,2895
2026-05-12T06:30:00+00:00,62681.37,62768.87,62516.39,62541.37,1423
2026-05-12T07:00:00+00:00,62541.37,62678.87,62388.88,62616.38,1484
2026-05-12T07:30:00+00:00,62616.38,62651.39,62563.87,62576.38,1041
2026-05-12T08:00:00+00:00,62576.38,62653.88,62438.89,62648.89,2419
2026-05-12T08:30:00+00:00,62648.89,62721.37,62616.37,62663.89,1449
2026-05-12T09:00:00+00:00,62663.89,62681.37,62556.37,62583.88,1484
2026-05-12T09:30:00+00:00,62583.88,62711.37,62568.88,62601.39,1881
2026-05-12T10:00:00+00:00,62601.39,62693.89,62588.88,62608.89,899
2026-05-12T10:30:00+00:00,62608.89,62631.39,62483.87,62513.89,1118
2026-05-12T11:00:00+00:00,62513.89,62578.88,62386.37,62488.87,2019
2026-05-12T11:30:00+00:00,62488.87,62523.89,62426.39,62433.87,1098
2026-05-12T12:00:00+00:00,62433.87,62436.38,62326.38,62374.38,1309
2026-05-12T12:30:00+00:00,62374.38,62641.38,62324.37,62596.38,2417
2026-05-12T13:00:00+00:00,62596.38,62621.39,62431.38,62516.38,1590
2026-05-12T13:30:00+00:00,62516.38,62581.37,62291.38,62331.38,4630
2026-05-12T14:00:00+00:00,62331.38,62481.38,62246.37,62291.38,4595
2026-05-12T14:30:00+00:00,62291.38,62298.87,62016.38,62041.38,4391
2026-05-12T15:00:00+00:00,62041.38,62076.38,61801.38,61886.39,3539
2026-05-12T15:30:00+00:00,61886.39,62016.39,61881.39,61911.37,2683
2026-05-12T16:00:00+00:00,61911.37,62001.39,61866.37,61898.89,2333
2026-05-12T16:30:00+00:00,61898.89,61901.39,61763.87,61821.38,2192
2026-05-12T17:00:00+00:00,61821.38,62066.37,61811.37,61966.38,2161
2026-05-12T17:30:00+00:00,61966.38,62033.88,61951.37,62023.88,1424
2026-05-12T18:00:00+00:00,62023.88,62161.38,62008.89,62136.38,1468
2026-05-12T18:30:00+00:00,62136.38,62236.39,62131.38,62166.39,1184
2026-05-12T19:00:00+00:00,62166.39,62333.88,62163.87,62306.38,1219
2026-05-12T19:30:00+00:00,62306.38,62506.39,62306.38,62483.88,1583
2026-05-12T20:00:00+00:00,62483.88,62486.37,62386.38,62439.38,699
2026-05-12T20:30:00+00:00,62439.38,62498.89,62429.38,62496.38,329
2026-05-12T22:00:00+00:00,62496.38,62709.94,62485.43,62515.42,208
2026-05-12T22:30:00+00:00,62515.42,62610.43,62500.42,62560.42,171
2026-05-12T23:00:00+00:00,62560.42,62610.44,62445.42,62450.43,242.47956187895213
2026-05-12T23:30:00+00:00,62450.43,62450.43,62225.42,62275.43,998
2026-05-13T00:00:00+00:00,62275.43,62759.92,62250.43,62510.42,5502
2026-05-13T00:30:00+00:00,62510.42,62679.93,62440.43,62465.44,3943
2026-05-13T01:00:00+00:00,62465.44,62845.44,62460.42,62840.42,3103
2026-05-13T01:30:00+00:00,62840.42,63139.94,62805.42,62950.43,2887
2026-05-13T02:00:00+00:00,62950.43,62970.44,62780.42,62939.92,2173
2026-05-13T02:30:00+00:00,62939.92,62964.94,62865.42,62880.44,1046
2026-05-13T03:00:00+00:00,62880.44,62964.94,62840.42,62964.94,902
2026-05-13T03:30:00+00:00,62964.94,63237.44,62955.43,63149.92,1697
2026-05-13T04:00:00+00:00,63149.92,63247.44,63085.44,63214.92,1189
2026-05-13T04:30:00+00:00,63214.92,63329.94,63205.44,63269.92,1235
2026-05-13T05:00:00+00:00,63269.92,63384.92,63240.42,63270.44,1019
2026-05-13T05:30:00+00:00,63270.44,63324.93,63220.44,63275.43,1211
2026-05-13T06:00:00+00:00,63275.43,63317.43,63162.43,63297.42,999
2026-05-13T06:30:00+00:00,63297.42,63412.42,63204.94,63274.93,721
2026-05-13T07:00:00+00:00,63274.93,63289.92,63132.44,63169.94,496
2026-05-13T07:30:00+00:00,63169.94,63304.94,63144.92,63302.43,389
2026-05-13T08:00:00+00:00,63302.43,63334.92,63129.92,63299.92,1063
2026-05-13T08:30:00+00:00,63299.92,63314.92,63129.92,63154.94,816
2026-05-13T09:00:00+00:00,63154.94,63204.92,63009.92,63009.94,1172
2026-05-13T09:30:00+00:00,63009.94,63062.44,62952.43,63052.42,894
2026-05-13T10:00:00+00:00,63052.42,63087.42,62879.92,62914.93,1067
2026-05-13T10:30:00+00:00,62914.93,62977.44,62874.93,62927.43,766
2026-05-13T11:00:00+00:00,62927.43,62969.93,62875.43,62944.93,718
2026-05-13T11:30:00+00:00,62944.93,63044.93,62934.93,63022.44,743
2026-05-13T12:00:00+00:00,63022.44,63062.44,62897.44,62940.42,1094
2026-05-13T12:30:00+00:00,62940.42,62940.44,62704.93,62779.93,2323
2026-05-13T13:00:00+00:00,62779.93,62912.42,62779.92,62897.44,978
2026-05-13T13:30:00+00:00,62897.44,63094.94,62822.43,63082.44,4156
2026-05-13T14:00:00+00:00,63082.44,63139.93,62947.44,62992.44,3091
2026-05-13T14:30:00+00:00,62992.44,63102.44,62972.42,63077.42,1717
2026-05-13T15:00:00+00:00,63077.42,63112.43,63042.42,63097.44,1050
2026-05-13T15:30:00+00:00,63097.44,63222.43,63057.42,63094.93,1082
2026-05-13T16:00:00+00:00,63094.93,63297.44,63077.43,63252.43,1356
2026-05-13T16:30:00+00:00,63252.43,63282.44,63205.42,63242.42,780
2026-05-13T17:00:00+00:00,63242.42,63352.44,63242.42,63332.44,557
2026-05-13T17:30:00+00:00,63332.44,63342.43,63249.92,63254.93,410.90165427227197
2026-05-13T18:00:00+00:00,63254.93,63389.92,63254.92,63369.92,711
2026-05-13T18:30:00+00:00,63369.92,63389.94,63314.93,63339.94,789
2026-05-13T19:00:00+00:00,63339.94,63449.94,63332.43,63409.94,521
2026-05-13T19:30:00+00:00,63409.94,63459.94,63369.92,63407.42,769
2026-05-13T20:00:00+00:00,63407.42,63437.44,63347.92,63427.43,299.8775905770091
2026-05-13T20:30:00+00:00,63427.43,63482.42,63422.92,63472.92,189
2026-05-13T22:00:00+00:00,63470.42,63566.39,63446.39,63501.38,208
2026-05-13T22:30:00+00:00,63501.38,63600.87,63501.37,63595.89,154
2026-05-13T23:00:00+00:00,63595.89,63613.39,63528.87,63538.89,301.6124920668747
2026-05-13T23:30:00+00:00,63538.89,63728.38,63458.88,63708.89,1066
2026-05-14T00:00:00+00:00,63708.89,63708.89,63463.87,63578.37,4344
2026-05-14T00:30:00+00:00,63578.37,63843.39,63548.87,63748.89,2877
2026-05-14T01:00:00+00:00,63748.89,63810.87,63608.87,63810.87,2675
2026-05-14T01:30:00+00:00,63810.87,63843.38,63528.87,63533.87,2621
2026-05-14T02:00:00+00:00,63533.87,63633.38,63408.89,63473.88,2120
2026-05-14T02:30:00+00:00,63473.88,63543.38,63358.87,63413.87,1153
2026-05-14T03:00:00+00:00,63413.87,63478.39,63383.87,63458.87,878
2026-05-14T03:30:00+00:00,63458.87,63485.87,63313.87,63353.87,1855
2026-05-14T04:00:00+00:00,63353.87,63468.39,63268.87,63348.87,1655
2026-05-14T04:30:00+00:00,63348.87,63418.39,63093.87,63113.88,1427
2026-05-14T05:00:00+00:00,63113.88,63148.39,62868.87,62918.87,2966
2026-05-14T05:30:00+00:00,62918.87,62978.87,62733.87,62898.38,2895
2026-05-14T06:00:00+00:00,62898.38,62938.39,62670.87,62678.37,1412
2026-05-14T06:30:00+00:00,62678.37,62823.38,62658.89,62768.38,1206
2026-05-14T07:00:00+00:00,62768.38,62820.88,62713.87,62750.89,811
2026-05-14T07:30:00+00:00,62750.89,62855.89,62628.89,62648.89,806
2026-05-14T08:00:00+00:00,62648.89,62818.38,62533.87,62788.88,1744
2026-05-14T08:30:00+00:00,62788.88,62853.37,62713.88,62803.38,1085
2026-05-14T09:00:00+00:00,62803.38,62838.37,62703.39,62725.88,1115
2026-05-14T09:30:00+00:00,62725.88,62785.88,62583.87,62730.87,1340
2026-05-14T10:00:00+00:00,62730.87,62905.88,62723.37,62868.39,1663
2026-05-14T10:30:00+00:00,62868.39,62963.39,62848.87,62935.89,1169
2026-05-14T11:00:00+00:00,62935.89,63003.39,62898.37,62930.89,812
2026-05-14T11:30:00+00:00,62930.89,63038.39,62923.38,62985.87,758
2026-05-14T12:00:00+00:00,62985.87,63050.89,62913.87,62913.89,760
2026-05-14T12:30:00+00:00,62913.89,62958.39,62863.37,62898.39,888
2026-05-14T13:00:00+00:00,62898.39,62903.38,62800.87,62818.38,868
2026-05-14T13:30:00+00:00,62818.38,62910.89,62668.88,62705.89,3710
2026-05-14T14:00:00+00:00,62705.89,62973.38,62673.38,62920.88,2750
2026-05-14T14:30:00+00:00,62920.88,62998.38,62908.38,62920.89,1429
2026-05-14T15:00:00+00:00,62920.89,63005.88,62910.87,62975.89,957
2026-05-14T15:30:00+00:00,62975.89,63013.39,62920.89,62950.89,752
2026-05-14T16:00:00+00:00,62950.89,63050.88,62925.89,62948.37,809
2026-05-14T16:30:00+00:00,62948.37,62993.38,62868.38,62935.87,1741
2026-05-14T17:00:00+00:00,62935.87,62975.89,62765.89,62823.37,2151
2026-05-14T17:30:00+00:00,62823.37,62940.88,62808.37,62913.38,1139
2026-05-14T18:00:00+00:00,62913.38,62948.37,62795.87,62905.89,1622
2026-05-14T18:30:00+00:00,62905.89,62963.39,62865.89,62955.89,756
2026-05-14T19:00:00+00:00,62955.89,63090.88,62955.87,63040.87,650
2026-05-14T19:30:00+00:00,63040.87,63075.89,62995.87,63035.88,861
2026-05-14T20:00:00+00:00,63035.88,63118.39,62993.87,63013.37,626
2026-05-14T20:30:00+00:00,63013.37,63060.88,63008.87,63035.88,270
2026-05-14T22:00:00+00:00,63028.38,63064.9,62947.89,63002.39,160
2026-05-14T22:30:00+00:00,63002.39,63127.41,62972.91,63077.89,135
2026-05-14T23:00:00+00:00,63077.89,63097.41,62982.9,63022.9,133.10359333917614
2026-05-14T23:30:00+00:00,63022.9,63102.41,62827.89,62957.91,1160
2026-05-15T00:00:00+00:00,62957.91,63267.4,62892.9,63002.41,3986
2026-05-15T00:30:00+00:00,63002.41,63002.41,62412.89,62557.39,4456
2026-05-15T01:00:00+00:00,62557.39,62582.41,62127.89,62157.41,4102
2026-05-15T01:30:00+00:00,62157.41,62372.41,61897.9,61927.9,4535
2026-05-15T02:00:00+00:00,61927.9,62037.4,61762.91,61887.4,3509
2026-05-15T02:30:00+00:00,61887.4,62167.41,61852.91,62077.91,1818
2026-05-15T03:00:00+00:00,62077.91,62107.4,61997.89,62042.89,899
2026-05-15T03:30:00+00:00,62042.89,62062.41,61832.91,61897.39,2122
2026-05-15T04:00:00+00:00,61897.39,61899.89,61632.91,61757.89,1612
2026-05-15T04:30:00+00:00,61757.89,61822.39,61602.9,61612.89,1815
2026-05-15T05:00:00+00:00,61612.89,61617.91,61452.89,61482.9,1681
2026-05-15T05:30:00+00:00,61482.9,61507.4,60972.89,61007.89,2375
2026-05-15T06:00:00+00:00,61007.89,61469.91,60967.89,61464.89,3212
2026-05-15T06:30:00+00:00,61464.89,62082.41,61432.4,61912.4,3091
2026-05-15T07:00:00+00:00,61912.4,62102.41,61887.41,61989.89,1400
2026-05-15T07:30:00+00:00,61989.89,62007.4,61817.9,61899.89,1180
2026-05-15T08:00:00+00:00,61899.89,61952.41,61467.4,61487.39,3487
2026-05-15T08:30:00+00:00,61487.39,61849.9,61412.39,61849.9,3256
2026-05-15T09:00:00+00:00,61849.9,61907.41,61667.41,61814.91,2694
2026-05-15T09:30:00+00:00,61814.91,61834.89,61577.39,61682.4,3040
2026-05-15T10:00:00+00:00,61682.4,61932.41,61637.9,61839.9,2456
2026-05-15T10:30:00+00:00,61839.9,62144.91,61747.39,62112.4,3777
2026-05-15T11:00:00+00:00,62112.4,62177.39,61879.91,61889.91,1907
2026-05-15T11:30:00+00:00,61889.91,61909.89,61739.89,61749.91,1712
2026-05-15T12:00:00+00:00,61749.91,61772.41,61659.89,61712.89,2364
2026-05-15T12:30:00+00:00,61712.89,61839.91,61644.89,61807.41,1920
2026-05-15T13:00:00+00:00,61807.41,61882.4,61719.91,61879.91,1613
2026-05-15T13:30:00+00:00,61879.91,61902.39,61584.89,61722.41,6934
2026-05-15T14:00:00+00:00,61722.41,62084.91,61659.91,61934.89,6624
2026-05-15T14:30:00+00:00,61934.89,62029.89,61854.89,61944.89,4862
2026-05-15T15:00:00+00:00,61944.89,61994.91,61829.9,61959.9,3303
2026-05-15T15:30:00+00:00,61959.9,62039.9,61742.39,61834.91,3946
2026-05-15T16:00:00+00:00,61834.91,61962.41,61784.89,61929.89,2547
2026-05-15T16:30:00+00:00,61929.89,61987.41,61854.89,61924.9,1556
2026-05-15T17:00:00+00:00,61924.9,62097.39,61904.89,62047.4,1300
2026-05-15T17:30:00+00:00,62047.4,62077.39,61984.91,62012.420000000006,997.5920927780707
2026-05-15T18:00:00+00:00,62012.420000000006,62079.920000000006,61904.91,61937.420000000006,1721
2026-05-15T18:30:00+00:00,61937.420000000006,61942.420000000006,61794.9,61924.9,1649
2026-05-15T19:00:00+00:00,61924.9,61937.420000000006,61809.9,61849.91,1338
2026-05-15T19:30:00+00:00,61849.91,61894.91,61730.420000000006,61799.920000000006,1377
2026-05-15T20:00:00+00:00,61799.920000000006,61799.920000000006,61580.4,61645.420000000006,1110
2026-05-15T20:30:00+00:00,61645.420000000006,61679.920000000006,61630.4,61652.4,159
2026-05-17T22:00:00+00:00,61654.89,61841.74,61557.25,61697.25,526
2026-05-17T22:30:00+00:00,61697.25,61747.26,61572.25,61662.24,502
2026-05-17T23:00:00+00:00,61662.24,61752.24,61442.25,61477.25,752
2026-05-17T23:30:00+00:00,61477.25,61767.25,61402.26,61717.26,2526
2026-05-18T00:00:00+00:00,61717.26,61787.25,61007.25,61172.26,10089
2026-05-18T00:30:00+00:00,61172.26,61267.26,60877.24,61157.24,9239
2026-05-18T01:00:00+00:00,61157.24,61222.24,60457.25,60582.26,9083
2026-05-18T01:30:00+00:00,60582.26,60871.74,60392.25,60742.24,7285
2026-05-18T02:00:00+00:00,60742.24,60949.26,60622.24,60891.75,3611
2026-05-18T02:30:00+00:00,60891.75,60891.75,60702.24,60736.76,2450
2026-05-18T03:00:00+00:00,60736.76,60914.26,60727.25,60832.25,2215
2026-05-18T03:30:00+00:00,60832.25,60996.74,60657.25,60937.24,4091
2026-05-18T04:00:00+00:00,60937.24,61141.76,60877.24,60926.74,2300
2026-05-18T04:30:00+00:00,60926.74,61102.25,60867.24,60961.74,2044
2026-05-18T05:00:00+00:00,60961.74,61051.76,60827.25,61006.74,2233
2026-05-18T05:30:00+00:00,61006.74,61171.74,60957.24,60972.26,2703
2026-05-18T06:00:00+00:00,60972.26,60981.75,60772.24,60829.26,2751
2026-05-18T06:30:00+00:00,60829.26,60871.74,60544.24,60871.74,2184
2026-05-18T07:00:00+00:00,60871.74,61026.76,60772.24,61006.75,1261
2026-05-18T07:30:00+00:00,61006.75,61086.76,60807.24,60856.76,1581
2026-05-18T08:00:00+00:00,60856.76,61206.75,60856.76,61166.74,1905
2026-05-18T08:30:00+00:00,61166.74,61231.75,61081.75,61191.74,1181
2026-05-18T09:00:00+00:00,61191.74,61221.76,61057.24,61114.25,1126
2026-05-18T09:30:00+00:00,61114.25,61174.25,61077.24,61141.76,1467
2026-05-18T10:00:00+00:00,61141.76,61166.76,60956.74,61029.26,1490
2026-05-18T10:30:00+00:00,61029.26,61076.76,60871.76,61001.76,1322
2026-05-18T11:00:00+00:00,61001.76,61016.76,60791.74,60936.74,1520
2026-05-18T11:30:00+00:00,60936.74,61506.74,60922.25,61259.25,4416
2026-05-18T12:00:00+00:00,61259.25,61374.26,61236.76,61326.75,1769
2026-05-18T12:30:00+00:00,61326.75,61811.76,61306.74,61764.25,4203
2026-05-18T13:00:00+00:00,61764.25,61806.75,61674.26,61746.75,2039
2026-05-18T13:30:00+00:00,61746.75,61766.76,61394.25,61632.24,6468
2026-05-18T14:00:00+00:00,61632.24,61636.76,61359.25,61486.76,5418
2026-05-18T14:30:00+00:00,61486.76,61501.75,61211.74,61376.76,5864
2026-05-18T15:00:00+00:00,61376.76,61449.25,61107.24,61131.76,5377
2026-05-18T15:30:00+00:00,61131.76,61336.76,61107.24,61276.74,2741
2026-05-18T16:00:00+00:00,61276.74,61389.24,61024.26,61096.75,2927
2026-05-18T16:30:00+00:00,61096.75,61394.26,61031.74,61266.75,2578
2026-05-18T17:00:00+00:00,61266.75,61321.75,61177.24,61267.26,1940
2026-05-18T17:30:00+00:00,61267.26,61311.74,61192.24,61266.76,1498
2026-05-18T18:00:00+00:00,61266.76,61276.74,60912.24,61009.24,2474
2026-05-18T18:30:00+00:00,61009.24,61076.76,60842.24,60891.74,1904
2026-05-18T19:00:00+00:00,60891.74,61421.76,60867.24,61142.25,4525
2026-05-18T19:30:00+00:00,61142.25,61536.75,61132.24,61522.25,2282
2026-05-18T20:00:00+00:00,61522.25,61546.76,61442.26,61467.25,565
2026-05-18T20:30:00+00:00,61467.25,61486.74,61422.24,61469.25,344
2026-05-18T22:00:00+00:00,61469.25,61633.24,61469.25,61568.74,206
2026-05-18T22:30:00+00:00,61568.74,61613.22,61548.72,61603.73,152
2026-05-18T23:00:00+00:00,61603.73,61640.72,61548.72,61583.22,317
2026-05-18T23:30:00+00:00,61583.22,61593.24,61253.73,61278.73,1722
2026-05-19T00:00:00+00:00,61278.73,61458.74,61013.72,61288.74,7256
2026-05-19T00:30:00+00:00,61288.74,61498.24,60863.73,60918.74,5136
2026-05-19T01:00:00+00:00,60918.74,61108.23,60648.72,60818.72,6404
2026-05-19T01:30:00+00:00,60818.72,61033.22,60683.72,60783.72,4764
2026-05-19T02:00:00+00:00,60783.72,60783.72,60448.74,60488.21000000001,4444
2026-05-19T02:30:00+00:00,60488.21000000001,60610.71000000001,60443.71000000001,60538.23,2502
2026-05-19T03:00:00+00:00,60538.23,60678.23,60453.23,60658.73,2010
2026-05-19T03:30:00+00:00,60658.73,60813.23,60488.71000000001,60538.71000000001,3382
2026-05-19T04:00:00+00:00,60538.71000000001,60548.73,60283.71000000001,60393.740000000005,4062
2026-05-19T04:30:00+00:00,60393.740000000005,60683.23,60393.72000000001,60618.73,3123
2026-05-19T05:00:00+00:00,60618.73,60683.22000000001,60391.22000000001,60631.240000000005,3517
2026-05-19T05:30:00+00:00,60631.240000000005,60675.740000000005,60441.23000000001,60476.240000000005,3030
2026-05-19T06:00:00+00:00,60476.240000000005,60760.710000000014,60396.22000000001,60698.210000000014,3185
2026-05-19T06:30:00+00:00,60698.210000000014,60908.210000000014,60610.710000000014,60843.210000000014,1855
2026-05-19T07:00:00+00:00,60843.210000000014,61018.20000000001,60820.72000000001,60948.210000000014,1215
2026-05-19T07:30:00+00:00,60948.210000000014,61095.740000000005,60828.22000000001,61048.72000000001,1152
2026-05-19T08:00:00+00:00,61048.72000000001,61140.73000000001,60688.22000000001,60713.23000000001,3108
2026-05-19T08:30:00+00:00,60713.23000000001,60815.72000000001,60690.73000000001,60698.22000000001,1627
2026-05-19T09:00:00+00:00,60698.22000000001,60698.23000000001,60353.22000000001,60390.72000000001,2442
2026-05-19T09:30:00+00:00,60390.72000000001,60475.72000000001,60205.72000000001,60435.72000000001,3200
2026-05-19T10:00:00+00:00,60435.72000000001,60483.240000000005,60395.72000000001,60448.22000000001,1562
2026-05-19T10:30:00+00:00,60448.22000000001,60530.740000000005,60245.740000000005,60488.240000000005,3319
2026-05-19T11:00:00+00:00,60488.240000000005,60530.73000000001,60350.72000000001,60428.23000000001,1895
2026-05-19T11:30:00+00:00,60428.23000000001,60483.23000000001,60300.73000000001,60308.240000000005,1766
2026-05-19T12:00:00+00:00,60308.240000000005,60448.22000000001,60248.22000000001,60428.23000000001,2199
2026-05-19T12:30:00+00:00,60428.23000000001,60530.740000000005,60428.23000000001,60463.22000000001,1893
2026-05-19T13:00:00+00:00,60463.22000000001,60505.72000000001,60201.22000000001,60221.240000000005,3087
2026-05-19T13:30:00+00:00,60221.240000000005,60558.23000000001,60205.73000000001,60451.22000000001,9178
2026-05-19T14:00:00+00:00,60451.22000000001,60493.240000000005,59945.740000000005,60090.73000000001,7254
2026-05-19T14:30:00+00:00,60090.73000000001,60283.22000000001,60060.740000000005,60283.22000000001,5910
2026-05-19T15:00:00+00:00,60283.22000000001,60408.240000000005,60243.22000000001,60268.240000000005,3998
2026-05-19T15:30:00+00:00,60268.240000000005,60418.240000000005,60258.22000000001,60373.240000000005,3500
2026-05-19T16:00:00+00:00,60373.240000000005,60713.240000000005,60370.73000000001,60695.73000000001,3395
2026-05-19T16:30:00+00:00,60695.73000000001,60913.240000000005,60693.22000000001,60905.73000000001,2511
2026-05-19T17:00:00+00:00,60905.73000000001,60988.240000000005,60891.23000000001,60923.240000000005,1679
2026-05-19T17:30:00+00:00,60923.240000000005,60948.23000000001,60805.72000000001,60905.72000000001,1959
2026-05-19T18:00:00+00:00,60905.72000000001,60978.240000000005,60795.72000000001,60813.23000000001,1855
2026-05-19T18:30:00+00:00,60813.23000000001,60888.240000000005,60698.22000000001,60748.23000000001,2065
2026-05-19T19:00:00+00:00,60748.23000000001,60920.740000000005,60725.740000000005,60793.22000000001,2237
2026-05-19T19:30:00+00:00,60793.22000000001,60818.240000000005,60575.72000000001,60655.72000000001,2413
2026-05-19T20:00:00+00:00,60655.72000000001,60660.73000000001,60536.22000000001,60605.73000000001,660
2026-05-19T20:30:00+00:00,60605.73000000001,60613.240000000005,60535.72000000001,60555.740000000005,341
2026-05-19T22:00:00+00:00,60553.24,60634.72,60525.22,60555.2,202
2026-05-19T22:30:00+00:00,60555.2,60672.21,60550.21,60632.22,224
2026-05-19T23:00:00+00:00,60632.22,60722.22,60615.2,60670.21,236
2026-05-19T23:30:00+00:00,60670.21,60854.71,60445.2,60465.2,1507
2026-05-20T00:00:00+00:00,60465.2,60485.22,59315.21,59670.2,9615
2026-05-20T00:30:00+00:00,59670.2,59999.71,59505.2,59840.2,11553
2026-05-20T01:00:00+00:00,59840.2,60074.71,59595.2,59645.22,8339
2026-05-20T01:30:00+00:00,59645.22,59830.22,59420.2,59815.22,7944
2026-05-20T02:00:00+00:00,59815.22,59910.22,59755.21,59780.21,4876
2026-05-20T02:30:00+00:00,59780.21,59780.21,59510.2,59544.7,5406
2026-05-20T03:00:00+00:00,59544.7,59604.7,59330.2,59575.22,4386
2026-05-20T03:30:00+00:00,59575.22,59745.21,59425.22,59715.21,4974
2026-05-20T04:00:00+00:00,59715.21,59860.21,59635.2,59725.22,2907
2026-05-20T04:30:00+00:00,59725.22,59725.22,59520.21,59540.2,2372
2026-05-20T05:00:00+00:00,59540.2,59759.71,59520.21,59555.21,3610
2026-05-20T05:30:00+00:00,59555.21,59805.22,59555.21,59795.21,3104
2026-05-20T06:00:00+00:00,59795.21,59959.7,59700.2,59877.2,2769
2026-05-20T06:30:00+00:00,59877.2,59917.21,59640.2,59909.72,1900
2026-05-20T07:00:00+00:00,59909.72,60017.22,59835.2,59962.22,1106
2026-05-20T07:30:00+00:00,59962.22,59992.22,59814.71,59824.7,932
2026-05-20T08:00:00+00:00,59824.7,60124.71,59817.21,60122.21,2633
2026-05-20T08:30:00+00:00,60122.21,60254.72,60109.71,60224.7,1694
2026-05-20T09:00:00+00:00,60224.7,60252.22,60129.72,60217.2,1086
2026-05-20T09:30:00+00:00,60217.2,60322.22,60187.22,60274.7,895
2026-05-20T10:00:00+00:00,60274.7,60362.22,60269.71,60307.21,829
2026-05-20T10:30:00+00:00,60307.21,60404.72,60269.71,60349.71,976
2026-05-20T11:00:00+00:00,60349.71,60404.72,60317.21,60357.22,1015
2026-05-20T11:30:00+00:00,60357.22,60387.22,60232.2,60282.22,1481
2026-05-20T12:00:00+00:00,60282.22,60487.22,60259.71,60437.22,1418
2026-05-20T12:30:00+00:00,60437.22,60487.22,60370.2,60394.71,1239
2026-05-20T13:00:00+00:00,60394.71,60434.71,60307.2,60339.7,1078
2026-05-20T13:30:00+00:00,60339.7,60604.72,60294.72,60479.7,6037
2026-05-20T14:00:00+00:00,60479.7,61019.71,60342.2,60939.7,10291
2026-05-20T14:30:00+00:00,60939.7,61042.2,60882.2,60962.22,4216
2026-05-20T15:00:00+00:00,60962.22,61414.72,60957.21,61049.72,5969
2026-05-20T15:30:00+00:00,61049.72,61232.22,61042.2,61172.21,2803
2026-05-20T16:00:00+00:00,61172.21,61207.21,61027.2,61092.2,2644
2026-05-20T16:30:00+00:00,61092.2,61262.22,61052.2,61200.2,2580
2026-05-20T17:00:00+00:00,61200.2,61342.21,61130.22,61305.2,2222
2026-05-20T17:30:00+00:00,61305.2,61387.22,61254.72,61320.22,1096
2026-05-20T18:00:00+00:00,61320.22,61402.21,61290.2,61377.21,1463
2026-05-20T18:30:00+00:00,61377.21,61429.72,61334.72,61364.71,864
2026-05-20T19:00:00+00:00,61364.71,61477.21,61362.2,61439.72,647
2026-05-20T19:30:00+00:00,61439.72,61517.22,61424.71,61497.2,1244
2026-05-20T20:00:00+00:00,61497.2,61539.72,61300.21,61440.22,1953
2026-05-20T20:30:00+00:00,61440.22,61454.72,61225.2,61229.72,913
2026-05-20T22:00:00+00:00,61229.72,61296.75,60991.25,61061.73,399
2026-05-20T22:30:00+00:00,61061.73,61138.74,61041.73,61126.74,195
2026-05-20T23:00:00+00:00,61126.74,61193.74,61091.75,61171.24,219
2026-05-20T23:30:00+00:00,61171.24,61406.24,61101.74,61361.23,1467
2026-05-21T00:00:00+00:00,61361.23,61601.23,61226.74,61551.74,7849
2026-05-21T00:30:00+00:00,61551.74,61788.73,61516.74,61671.24,4323
2026-05-21T01:00:00+00:00,61671.24,61966.25,61666.73,61861.25,3791
2026-05-21T01:30:00+00:00,61861.25,61911.23,61746.74,61881.25,3665
2026-05-21T02:00:00+00:00,61881.25,61976.25,61856.73,61941.24,1952
2026-05-21T02:30:00+00:00,61941.24,61976.25,61801.24,61816.23,1534
2026-05-21T03:00:00+00:00,61816.23,61896.25,61791.73,61863.74,1154
2026-05-21T03:30:00+00:00,61863.74,62003.75,61806.73,61931.24,2144
2026-05-21T04:00:00+00:00,61931.24,62048.75,61906.74,61966.23,1264
2026-05-21T04:30:00+00:00,61966.23,61991.25,61881.74,61891.25,1310
2026-05-21T05:00:00+00:00,61891.25,62053.73,61866.74,61941.24,1997
2026-05-21T05:30:00+00:00,61941.24,61941.25,61616.73,61766.23,2718
2026-05-21T06:00:00+00:00,61766.23,61816.23,61566.75,61676.25,2142
2026-05-21T06:30:00+00:00,61676.25,61676.25,61401.24,61453.74,1423
2026-05-21T07:00:00+00:00,61453.74,61481.25,61281.24,61303.73,1074
2026-05-21T07:30:00+00:00,61303.73,61493.75,61301.23,61478.74,555
2026-05-21T08:00:00+00:00,61478.74,61886.24,61426.74,61686.25,2326
2026-05-21T08:30:00+00:00,61686.25,61691.23,61411.75,61518.75,1603
2026-05-21T09:00:00+00:00,61518.75,61653.75,61506.25,61628.73,1485
2026-05-21T09:30:00+00:00,61628.73,61656.23,61461.25,61521.25,1221
2026-05-21T10:00:00+00:00,61521.25,61601.25,61106.75,61191.25,2668
2026-05-21T10:30:00+00:00,61191.25,61253.73,60991.75,61126.24,4585
2026-05-21T11:00:00+00:00,61126.24,61298.73,61076.25,61246.23,2154
2026-05-21T11:30:00+00:00,61246.23,61303.73,61151.23,61178.75,1094
2026-05-21T12:00:00+00:00,61178.75,61246.24,61111.73,61136.74,1319
2026-05-21T12:30:00+00:00,61136.74,61301.24,61131.74,61163.73,2861
2026-05-21T13:00:00+00:00,61163.73,61253.75,61136.23,61253.75,1580
2026-05-21T13:30:00+00:00,61253.75,61686.25,61163.74,61613.74,6075
2026-05-21T14:00:00+00:00,61613.74,61661.25,61351.25,61478.73,4291
2026-05-21T14:30:00+00:00,61478.73,61561.24,61383.75,61496.25,2776
2026-05-21T15:00:00+00:00,61496.25,61563.75,61336.73,61518.75,3416
2026-05-21T15:30:00+00:00,61518.75,61643.73,61403.73,61578.75,2168
2026-05-21T16:00:00+00:00,61578.75,61701.25,61568.73,61626.23,1870
2026-05-21T16:30:00+00:00,61626.23,61668.75,61563.73,61638.74,1357
2026-05-21T17:00:00+00:00,61638.74,62166.25,61636.74,62083.75,5047
2026-05-21T17:30:00+00:00,62083.75,62331.24,62056.23,62231.23,2228
2026-05-21T18:00:00+00:00,62231.23,62286.25,62163.73,62238.75,2408
2026-05-21T18:30:00+00:00,62238.75,62261.25,61946.74,62021.25,3445
2026-05-21T19:00:00+00:00,62021.25,62201.24,62011.23,62153.73,1598
2026-05-21T19:30:00+00:00,62153.73,62186.24,62053.73,62151.75,1898
2026-05-21T20:00:00+00:00,62151.75,62218.75,62126.73,62131.75,410
2026-05-21T20:30:00+00:00,62131.75,62161.24,62063.73,62063.73,232
2026-05-21T22:00:00+00:00,62063.73,62177.15,62063.73,62152.13,167
2026-05-21T22:30:00+00:00,62152.13,62189.14,62137.13,62157.14,268
2026-05-21T23:00:00+00:00,62157.14,62176.65,62067.13,62072.15,161
2026-05-21T23:30:00+00:00,62072.15,62382.15,62032.13,62362.14,1262
2026-05-22T00:00:00+00:00,62362.14,62817.13,62297.15,62762.15,5163
2026-05-22T00:30:00+00:00,62762.15,62926.65,62697.13,62872.15,3948
2026-05-22T01:00:00+00:00,62872.15,63016.64,62787.13,62816.64,2988
2026-05-22T01:30:00+00:00,62816.64,63026.63,62782.13,62962.15,2631
2026-05-22T02:00:00+00:00,62962.15,63166.65,62952.14,63087.15,1461
2026-05-22T02:30:00+00:00,63087.15,63151.65,63066.64,63076.65,821
2026-05-22T03:00:00+00:00,63076.65,63111.65,63032.14,63094.15,607
2026-05-22T03:30:00+00:00,63094.15,63386.64,63092.15,63366.64,1496
2026-05-22T04:00:00+00:00,63366.64,63426.65,63277.13,63322.14,1154
2026-05-22T04:30:00+00:00,63322.14,63376.65,63257.13,63357.13,934
2026-05-22T05:00:00+00:00,63357.13,63431.65,63352.13,63412.15,1011
2026-05-22T05:30:00+00:00,63412.15,63431.65,63202.13,63214.14,1333
2026-05-22T06:00:00+00:00,63214.14,63396.65,63147.14,63329.13,2011
2026-05-22T06:30:00+00:00,63329.13,63471.65,63224.15,63229.14,1271
2026-05-22T07:00:00+00:00,63229.14,63281.64,63094.13,63231.64,948
2026-05-22T07:30:00+00:00,63231.64,63249.15,63106.64,63244.14,719
2026-05-22T08:00:00+00:00,63244.14,63381.64,63149.13,63281.64,2127
2026-05-22T08:30:00+00:00,63281.64,63291.65,63074.13,63114.13,2131
2026-05-22T09:00:00+00:00,63114.13,63116.65,62994.14,63031.63,1624
2026-05-22T09:30:00+00:00,63031.63,63106.65,62994.13,63021.64,1019
2026-05-22T10:00:00+00:00,63021.64,63029.15,62864.14,62874.14,1295
2026-05-22T10:30:00+00:00,62874.14,62969.14,62841.64,62946.64,1302
2026-05-22T11:00:00+00:00,62946.64,63034.15,62914.15,62921.65,1168
2026-05-22T11:30:00+00:00,62921.65,63089.14,62914.13,63069.15,1181
2026-05-22T12:00:00+00:00,63069.15,63371.65,63061.63,63201.63,3858
2026-05-22T12:30:00+00:00,63201.63,63294.14,63129.13,63286.63,1119
2026-05-22T13:00:00+00:00,63286.63,63326.64,63181.63,63254.14,1850
2026-05-22T13:30:00+00:00,63254.14,63426.65,63236.64,63351.64,4331
2026-05-22T14:00:00+00:00,63351.64,63351.64,63159.13,63264.14,3360
2026-05-22T14:30:00+00:00,63264.14,63514.15,63239.13,63439.13,1631
2026-05-22T15:00:00+00:00,63439.13,63559.15,63424.15,63554.14,1104
2026-05-22T15:30:00+00:00,63554.14,63579.13,63496.64,63516.64,1113
2026-05-22T16:00:00+00:00,63516.64,63581.65,63481.63,63579.13,1050
2026-05-22T16:30:00+00:00,63579.13,63601.63,63544.15,63589.13,829
2026-05-22T17:00:00+00:00,63589.13,63756.64,63547.15,63749.13,1857
2026-05-22T17:30:00+00:00,63749.13,63776.65,63606.63,63626.64,1736.8568207440812
2026-05-22T18:00:00+00:00,63626.64,63636.63,63541.64,63576.65,795
2026-05-22T18:30:00+00:00,63576.65,63601.64,63504.13,63536.63,733
2026-05-22T19:00:00+00:00,63536.63,63536.64,63334.14,63349.15,1288
2026-05-22T19:30:00+00:00,63349.15,63404.14,63256.65,63299.63,1649
2026-05-22T20:00:00+00:00,63299.63,63344.15,63279.63,63314.15,429
2026-05-22T20:30:00+00:00,63314.15,63354.13,63169.64,63309.14,483
2026-05-24T22:00:00+00:00,63306.64,64185.24,63306.64,64127.23,616
2026-05-24T22:30:00+00:00,64127.23,64174.74,64035.23,64100.23,361
2026-05-24T23:00:00+00:00,64100.23,64199.74,64075.23,64085.23,418
2026-05-24T23:30:00+00:00,64085.23,64189.75,63910.23,64000.25,2009
2026-05-25T00:00:00+00:00,64000.25,64909.75,63790.23,64890.24,5895
2026-05-25T00:30:00+00:00,64890.24,65284.75,64870.23,65124.75,3763
2026-05-25T01:00:00+00:00,65124.75,65349.75,65090.23,65265.24,3018
2026-05-25T01:30:00+00:00,65265.24,65409.74,65215.23,65365.24,2049
2026-05-25T02:00:00+00:00,65365.24,65379.75,65030.23,65110.25,1835
2026-05-25T02:30:00+00:00,65110.25,65207.25,65015.24,65200.23,1003
2026-05-25T03:00:00+00:00,65200.23,65289.75,65070.25,65115.24,1301
2026-05-25T03:30:00+00:00,65115.24,65349.75,65100.23,65260.25,2174
2026-05-25T04:00:00+00:00,65260.25,65379.74,65260.23,65335.23,1002
2026-05-25T04:30:00+00:00,65335.23,65374.75,65235.23,65327.23,1060
2026-05-25T05:00:00+00:00,65327.23,65379.75,65285.23,65337.25,917
2026-05-25T05:30:00+00:00,65337.25,65349.75,65145.25,65154.73,972
2026-05-25T06:00:00+00:00,65154.73,65359.73,65120.23,65357.24,1308
2026-05-25T06:30:00+00:00,65357.24,65362.25,65157.25,65199.73,1318
2026-05-25T07:00:00+00:00,65199.73,65254.74,64915.23,65080.24,1107
2026-05-25T07:30:00+00:00,65080.24,65239.74,65080.23,65209.73,892
2026-05-25T08:00:00+00:00,65209.73,65224.75,65085.23,65144.73,1067
2026-05-25T08:30:00+00:00,65144.73,65267.23,65120.23,65212.25,603
2026-05-25T09:00:00+00:00,65212.25,65289.75,65185.23,65224.73,494
2026-05-25T09:30:00+00:00,65224.73,65274.75,65204.74,65264.73,393
2026-05-25T10:00:00+00:00,65264.73,65389.73,65257.25,65287.25,565
2026-05-25T10:30:00+00:00,65287.25,65372.25,65254.73,65344.75,387
2026-05-25T11:00:00+00:00,65344.75,65344.75,65275.25,65284.75,425
2026-05-25T11:30:00+00:00,65284.75,65374.75,65265.23,65277.23,641
2026-05-25T12:00:00+00:00,65277.23,65389.74,65224.74,65304.74,693
2026-05-25T12:30:00+00:00,65304.74,65317.25,65200.25,65274.75,565
2026-05-25T13:00:00+00:00,65274.75,65377.24,65260.23,65319.74,435
2026-05-25T13:30:00+00:00,65319.74,65504.75,65309.74,65467.24,772
2026-05-25T14:00:00+00:00,65467.24,65507.23,65414.73,65469.75,657
2026-05-25T14:30:00+00:00,65469.75,65477.25,65384.73,65397.25,785
2026-05-25T15:00:00+00:00,65397.25,65664.75,65337.24,65452.25,2254
2026-05-25T15:30:00+00:00,65452.25,65454.75,65359.73,65384.74,536
2026-05-25T16:00:00+00:00,65384.74,65442.24,65357.23,65434.75,301.1536388140162
2026-05-25T16:30:00+00:00,65434.75,65492.24,65380.23,65484.75,496
2026-05-25T17:00:00+00:00,65484.75,65507.130000000005,65452.13000000001,65476.53000000001,136.05587471106793
2026-05-25T17:30:00+00:00,65476.53000000001,65479.03000000001,65425.3,65435.5,143.70687478746657
2026-05-25T18:00:00+00:00,65435.5,65450.899999999994,65431.8,65446.49999999999,109.81641686469295
2026-05-25T18:30:00+00:00,65440.2,65469.00000000001,65434.9,65463.5,163.72465552022794
2026-05-25T19:00:00+00:00,65463.5,65463.5,65439.8,65443.9,198.41193860537155
2026-05-25T19:30:00+00:00,65441.4,65487.2,65438.9,65481.49999999999,277.3536983277781
2026-05-25T20:00:00+00:00,65475.23,65475.25,65475.23,65475.24,2
2026-05-25T22:00:00+00:00,65475.24,65475.24,65335.91,65365.93,293
2026-05-25T22:30:00+00:00,65365.93,65385.93,65310.91,65355.41,244
2026-05-25T23:00:00+00:00,65355.41,65375.93,65230.91,65250.91,457
2026-05-25T23:30:00+00:00,65250.91,65425.43,65150.91,65365.93,1540
2026-05-26T00:00:00+00:00,65365.93,65400.92,64620.92,64950.41,7284
2026-05-26T00:30:00+00:00,64950.41,65090.93,64785.92,64980.92,4814
2026-05-26T01:00:00+00:00,64980.92,65190.43,64840.91,64915.92,4610
2026-05-26T01:30:00+00:00,64915.92,65025.43,64700.91,64995.91,4293
2026-05-26T02:00:00+00:00,64995.91,65035.42,64860.91,64950.42,2928
2026-05-26T02:30:00+00:00,64950.42,64975.92,64850.91,64910.43,1531
2026-05-26T03:00:00+00:00,64910.43,64995.43,64865.91,64940.93,940
2026-05-26T03:30:00+00:00,64940.93,65110.43,64940.91,65095.93,2147
2026-05-26T04:00:00+00:00,65095.93,65155.42,65005.93,65045.92,1313
2026-05-26T04:30:00+00:00,65045.92,65090.43,64950.92,64960.92,1811
2026-05-26T05:00:00+00:00,64960.92,65130.41,64925.43,65070.43,2086
2026-05-26T05:30:00+00:00,65070.43,65090.43,64820.91,64910.92,1966
2026-05-26T06:00:00+00:00,64910.92,65147.92,64855.93,64935.92,2040
2026-05-26T06:30:00+00:00,64935.92,65135.43,64915.92,65105.43,1035
2026-05-26T07:00:00+00:00,65105.43,65130.43,64900.41,64950.42,1133
2026-05-26T07:30:00+00:00,64950.42,65010.43,64810.91,64970.43,995
2026-05-26T08:00:00+00:00,64970.43,65115.43,64960.93,65057.93,1363
2026-05-26T08:30:00+00:00,65057.93,65205.42,65035.42,65182.91,1145
2026-05-26T09:00:00+00:00,65182.91,65385.41,65165.41,65367.91,1539
2026-05-26T09:30:00+00:00,65367.91,65442.93,65325.43,65405.41,946
2026-05-26T10:00:00+00:00,65405.41,65560.43,65375.41,65545.43,985
2026-05-26T10:30:00+00:00,65545.43,65627.91,65480.43,65495.41,1144
2026-05-26T11:00:00+00:00,65495.41,65527.93,65447.91,65480.41,685
2026-05-26T11:30:00+00:00,65480.41,65542.93,65330.42,65502.93,1548
2026-05-26T12:00:00+00:00,65502.93,65562.92,65395.41,65535.43,974
2026-05-26T12:30:00+00:00,65535.43,65572.93,65490.42,65490.42,694
2026-05-26T13:00:00+00:00,65490.42,65500.42,65387.92,65397.92,682
2026-05-26T13:30:00+00:00,65397.92,65605.42,65382.93,65430.93,4117
2026-05-26T14:00:00+00:00,65430.93,65507.93,65372.92,65427.92,2068
2026-05-26T14:30:00+00:00,65427.92,65575.43,65427.92,65537.93,1738
2026-05-26T15:00:00+00:00,65537.93,65555.43,65362.91,65367.91,2345
2026-05-26T15:30:00+00:00,65367.91,65390.42,65222.93,65302.92,3086
2026-05-26T16:00:00+00:00,65302.92,65387.92,65302.91,65387.91,1489
2026-05-26T16:30:00+00:00,65387.91,65417.91,65270.42,65307.92,1227
2026-05-26T17:00:00+00:00,65307.92,65397.93,65302.92,65332.92,923
2026-05-26T17:30:00+00:00,65332.92,65417.93,65312.91,65405.43,788
2026-05-26T18:00:00+00:00,65405.43,65500.42,65375.42,65462.93,647
2026-05-26T18:30:00+00:00,65462.93,65545.42,65455.42,65492.91,601
2026-05-26T19:00:00+00:00,65492.91,65537.92,65467.93,65527.93,552
2026-05-26T19:30:00+00:00,65527.93,65655.41,65527.93,65622.91,699
2026-05-26T20:00:00+00:00,65622.91,65627.92,65555.42,65592.91,368
2026-05-26T20:30:00+00:00,65592.91,65615.41,65510.41,65510.41,260.2709899749374
2026-05-26T22:00:00+00:00,65510.41,65551.75,65467.24,65477.25,224
2026-05-26T22:30:00+00:00,65477.25,65564.24,65467.24,65492.24,163
2026-05-26T23:00:00+00:00,65492.24,65617.25,65492.24,65602.25,200
2026-05-26T23:30:00+00:00,65602.25,66237.26,65532.24,66237.24,1883
2026-05-27T00:00:00+00:00,66237.24,66496.76,65722.24,65947.26,7072
2026-05-27T00:30:00+00:00,65947.26,65961.74,65572.26,65787.25,5620
2026-05-27T01:00:00+00:00,65787.25,66176.74,65732.25,66176.74,3371
2026-05-27T01:30:00+00:00,66176.74,66176.74,65617.24,65617.25,3199
2026-05-27T02:00:00+00:00,65617.25,65891.74,65527.24,65847.24,2468
2026-05-27T02:30:00+00:00,65847.24,65956.74,65837.25,65876.74,995
2026-05-27T03:00:00+00:00,65876.74,65971.75,65802.25,65867.26,641
2026-05-27T03:30:00+00:00,65867.26,65867.26,65602.24,65661.76,2109
2026-05-27T04:00:00+00:00,65661.76,65691.76,65272.24,65334.25,1891
2026-05-27T04:30:00+00:00,65334.25,65566.76,65302.25,65311.76,1926
2026-05-27T05:00:00+00:00,65311.76,65386.75,65202.24,65374.25,2206
2026-05-27T05:30:00+00:00,65374.25,65441.75,65217.26,65337.26,1851
2026-05-27T06:00:00+00:00,65337.26,65366.76,65116.74,65146.76,2397
2026-05-27T06:30:00+00:00,65146.76,65154.25,64937.26,65041.75,1709
2026-05-27T07:00:00+00:00,65041.75,65229.25,65041.75,65176.75,722
2026-05-27T07:30:00+00:00,65176.75,65296.75,65154.24,65284.26,518
2026-05-27T08:00:00+00:00,65284.26,65344.24,65117.24,65301.75,2241
2026-05-27T08:30:00+00:00,65301.75,65366.75,65266.74,65291.75,1243
2026-05-27T09:00:00+00:00,65291.75,65334.25,65244.25,65284.25,1066
2026-05-27T09:30:00+00:00,65284.25,65399.26,65249.24,65361.75,848
2026-05-27T10:00:00+00:00,65361.75,65449.26,65351.75,65356.74,843
2026-05-27T10:30:00+00:00,65356.74,65364.26,65262.24,65344.24,797
2026-05-27T11:00:00+00:00,65344.24,65429.26,65301.74,65369.25,1265
2026-05-27T11:30:00+00:00,65369.25,65384.26,65254.25,65259.25,937
2026-05-27T12:00:00+00:00,65259.25,65581.76,65209.26,65519.26,3553
2026-05-27T12:30:00+00:00,65519.26,65551.76,65367.24,65391.74,1575
2026-05-27T13:00:00+00:00,65391.74,65436.76,65252.24,65256.74,910
2026-05-27T13:30:00+00:00,65256.74,65334.25,64979.24,65174.24,5545
2026-05-27T14:00:00+00:00,65174.24,65191.75,64864.25,64956.76,4109
2026-05-27T14:30:00+00:00,64956.76,65114.24,64747.24,64964.26,3976
2026-05-27T15:00:00+00:00,64964.26,65051.74,64891.75,64991.76,2512
2026-05-27T15:30:00+00:00,64991.76,65036.76,64762.26,64896.75,2333
2026-05-27T16:00:00+00:00,64896.75,65081.75,64856.75,65061.74,1536
2026-05-27T16:30:00+00:00,65061.74,65136.75,65022.24,65041.74,702
2026-05-27T17:00:00+00:00,65041.74,65061.76,64887.26,65006.75,1550
2026-05-27T17:30:00+00:00,65006.75,65076.76,64972.26,65024.24,826
2026-05-27T18:00:00+00:00,65024.24,65119.76,65000.25,65114.76,438.610278372591
2026-05-27T18:30:00+00:00,65114.76,65147.270000000004,65090.26,65134.770000000004,395
2026-05-27T19:00:00+00:00,65134.770000000004,65184.76,65119.770000000004,65139.75,388
2026-05-27T19:30:00+00:00,65139.75,65219.770000000004,65132.26,65177.26,731
2026-05-27T20:00:00+00:00,65177.26,65239.770000000004,65155.25,65214.770000000004,240
2026-05-27T20:30:00+00:00,65214.770000000004,65264.770000000004,65210.25,65254.770000000004,149.18283582089552
2026-05-27T22:00:00+00:00,65256.76,65293.54,65163.54,65173.04,203
2026-05-27T22:30:00+00:00,65173.04,65173.52,65088.53,65158.54,218
2026-05-27T23:00:00+00:00,65158.54,65228.03,64998.54,65008.54,269.5588705380927
2026-05-27T23:30:00+00:00,65008.54,65018.54,64618.54,64643.53,1537
2026-05-28T00:00:00+00:00,64643.53,64918.04,64518.52,64598.53,6443
2026-05-28T00:30:00+00:00,64598.53,65168.53,64478.52,65133.52,4453
2026-05-28T01:00:00+00:00,65133.52,65158.54,64848.52,64963.53,3707
2026-05-28T01:30:00+00:00,64963.53,65113.53,64803.52,65088.53,3426
2026-05-28T02:00:00+00:00,65088.53,65168.03,64943.53,65043.53,2596
2026-05-28T02:30:00+00:00,65043.53,65093.04,64868.52,64868.53,1712
2026-05-28T03:00:00+00:00,64868.53,64938.04,64633.52,64645.53,1941
2026-05-28T03:30:00+00:00,64645.53,64658.02,64108.52,64228.04,6149
2026-05-28T04:00:00+00:00,64228.04,64238.02,63878.53,63963.54,4135
2026-05-28T04:30:00+00:00,63963.54,64208.04,63918.52,63998.52,2695
2026-05-28T05:00:00+00:00,63998.52,64438.03,63948.52,64438.03,2842
2026-05-28T05:30:00+00:00,64438.03,64698.02,64433.52,64573.53,2504
2026-05-28T06:00:00+00:00,64573.53,64735.53,64528.54,64688.04,1676
2026-05-28T06:30:00+00:00,64688.04,64690.54,64425.54,64518.03,1312
2026-05-28T07:00:00+00:00,64518.03,64680.52,64518.03,64593.03,1027
2026-05-28T07:30:00+00:00,64593.03,64670.54,64508.52,64663.03,858
2026-05-28T08:00:00+00:00,64663.03,64728.04,64528.53,64588.03,2403
2026-05-28T08:30:00+00:00,64588.03,64655.53,64563.04,64640.52,1150
2026-05-28T09:00:00+00:00,64640.52,64720.52,64573.02,64603.02,1195
2026-05-28T09:30:00+00:00,64603.02,64663.02,64535.52,64660.52,1054
2026-05-28T10:00:00+00:00,64660.52,64675.52,64488.04,64550.54,1104
2026-05-28T10:30:00+00:00,64550.54,64558.04,64340.54,64403.04,1642
2026-05-28T11:00:00+00:00,64403.04,64493.02,64363.02,64398.03,1467
2026-05-28T11:30:00+00:00,64398.03,64525.54,64383.03,64500.54,999
2026-05-28T12:00:00+00:00,64500.54,64613.04,64493.02,64598.53,1102
2026-05-28T12:30:00+00:00,64598.53,64858.04,64598.53,64853.03,1413
2026-05-28T13:00:00+00:00,64853.03,64955.53,64813.04,64845.52,1065
2026-05-28T13:30:00+00:00,64845.52,64938.03,64733.03,64838.54,3226
2026-05-28T14:00:00+00:00,64838.54,65580.54,64828.53,65315.53,6791
2026-05-28T14:30:00+00:00,65315.53,65345.54,65173.52,65320.53,3981
2026-05-28T15:00:00+00:00,65320.53,65605.53,65303.03,65588.04,1714
2026-05-28T15:30:00+00:00,65588.04,65655.54,65555.52,65615.52,1137
2026-05-28T16:00:00+00:00,65615.52,65820.54,65593.02,65750.52,1238
2026-05-28T16:30:00+00:00,65750.52,65868.04,65733.03,65858.04,729
2026-05-28T17:00:00+00:00,65858.04,65885.54,65820.54,65845.54,672
2026-05-28T17:30:00+00:00,65845.54,65895.52,65813.03,65865.52,605
2026-05-28T18:00:00+00:00,65865.52,65880.53,65753.04,65773.03,741
2026-05-28T18:30:00+00:00,65773.03,65775.54,65675.52,65715.54,535
2026-05-28T19:00:00+00:00,65715.54,65745.54,65665.52,65685.52,425
2026-05-28T19:30:00+00:00,65685.52,65758.04,65683.02,65725.52,658
2026-05-28T20:00:00+00:00,65725.52,65783.04,65683.52,65778.02,314.3482467301244
2026-05-28T20:30:00+00:00,65778.02,65830.53,65758.53,65775.53,251
2026-05-28T22:00:00+00:00,65780.53,65784.91,65689.9,65724.9,95
2026-05-28T22:30:00+00:00,65724.9,65756.89,65704.89,65704.9,76
2026-05-28T23:00:00+00:00,65704.9,65879.41,65679.91,65809.89,156.04399432380004
2026-05-28T23:30:00+00:00,65809.89,65809.89,65539.89,65744.91,1389
2026-05-29T00:00:00+00:00,65744.91,66034.41,65579.89,65904.91,5411
2026-05-29T00:30:00+00:00,65904.91,65924.91,65614.41,65694.89,4231
2026-05-29T01:00:00+00:00,65694.89,66049.41,65674.89,65799.89,3553
2026-05-29T01:30:00+00:00,65799.89,65979.41,65729.9,65874.91,2398
2026-05-29T02:00:00+00:00,65874.91,66024.4,65804.89,65879.89,1600
2026-05-29T02:30:00+00:00,65879.89,66134.41,65879.89,66029.41,911
2026-05-29T03:00:00+00:00,66029.41,66194.41,66014.91,66114.4,925
2026-05-29T03:30:00+00:00,66114.4,66209.4,66029.91,66149.41,1782
2026-05-29T04:00:00+00:00,66149.41,66409.39,66129.9,66389.89,1372
2026-05-29T04:30:00+00:00,66389.89,66419.39,66244.9,66314.4,1114
2026-05-29T05:00:00+00:00,66314.4,66451.9,66299.89,66389.4,1213
2026-05-29T05:30:00+00:00,66389.4,66479.4,66334.89,66429.9,1416
2026-05-29T06:00:00+00:00,66429.9,66524.41,66229.4,66254.39,2211
2026-05-29T06:30:00+00:00,66254.39,66479.39,66246.91,66464.39,1643
2026-05-29T07:00:00+00:00,66464.39,66551.9,66329.4,66359.39,721
2026-05-29T07:30:00+00:00,66359.39,66389.41,66219.4,66379.41,742
2026-05-29T08:00:00+00:00,66379.41,66429.41,66099.9,66249.4,1754
2026-05-29T08:30:00+00:00,66249.4,66409.41,66249.4,66384.4,1219
2026-05-29T09:00:00+00:00,66384.4,66649.39,66366.9,66579.39,2132
2026-05-29T09:30:00+00:00,66579.39,66586.91,66406.91,66431.91,1220
2026-05-29T10:00:00+00:00,66431.91,66434.39,66274.41,66311.91,1315
2026-05-29T10:30:00+00:00,66311.91,66401.91,66259.39,66376.89,992
2026-05-29T11:00:00+00:00,66376.89,66404.41,66306.89,66316.9,1185
2026-05-29T11:30:00+00:00,66316.9,66349.4,66174.39,66331.89,1599
2026-05-29T12:00:00+00:00,66331.89,66339.39,66176.9,66234.41,1036
2026-05-29T12:30:00+00:00,66234.41,66444.39,66159.89,66376.9,1114
2026-05-29T13:00:00+00:00,66376.9,66389.4,66239.39,66291.89,1008
2026-05-29T13:30:00+00:00,66291.89,66316.91,66176.89,66234.41,2473
2026-05-29T14:00:00+00:00,66234.41,66284.4,66064.4,66154.41,3185
2026-05-29T14:30:00+00:00,66154.41,66364.39,66046.89,66214.41,4701
2026-05-29T15:00:00+00:00,66214.41,66429.41,66184.9,66201.89,2472
2026-05-29T15:30:00+00:00,66201.89,66264.4,66141.91,66164.4,2518
2026-05-29T16:00:00+00:00,66164.4,66304.4,66151.91,66229.39,823
2026-05-29T16:30:00+00:00,66229.39,66326.91,66201.89,66231.89,1021
2026-05-29T17:00:00+00:00,66231.89,66321.89,66194.9,66241.9,885
2026-05-29T17:30:00+00:00,66241.9,66246.89,66069.89,66076.87999999999,914.4294316346013
2026-05-29T18:00:00+00:00,66076.87999999999,66229.39,66066.87,66221.87999999999,818
2026-05-29T18:30:00+00:00,66221.87999999999,66269.37999999999,66146.87999999999,66151.87999999999,1286
2026-05-29T19:00:00+00:00,66151.87999999999,66214.39,66136.89,66214.39,559
2026-05-29T19:30:00+00:00,66214.39,66304.37999999999,66179.37999999999,66184.89,1295
2026-05-29T20:00:00+00:00,66184.89,66294.39,66179.89,66219.87999999999,417
2026-05-29T20:30:00+00:00,66219.87999999999,66251.89,66209.87,66209.87999999999,97
2026-05-31T22:00:00+00:00,66209.9,66468.44,66038.44,66358.44,414
2026-05-31T22:30:00+00:00,66358.44,66753.44,66358.44,66487.95,370
2026-05-31T23:00:00+00:00,66487.95,66513.46,66353.44,66418.46,241.88569009314142
2026-05-31T23:30:00+00:00,66418.46,66467.94,66218.44,66313.46,1534.775959079284
2026-06-01T00:00:00+00:00,66313.46,66832.96,66298.44,66568.44,6029
2026-06-01T00:30:00+00:00,66568.44,66962.95,66513.45,66808.44,3302
2026-06-01T01:00:00+00:00,66808.44,67225.44,66768.44,67093.44,2615
2026-06-01T01:30:00+00:00,67093.44,67127.95,66918.44,67033.45,2535
2026-06-01T02:00:00+00:00,67033.45,67082.96,66908.44,67008.44,2092
2026-06-01T02:30:00+00:00,67008.44,67022.96,66858.45,66903.44,1073
2026-06-01T03:00:00+00:00,66903.44,67012.95,66810.44,66993.44,1147
2026-06-01T03:30:00+00:00,66993.44,67132.96,66673.44,66723.46,2646
2026-06-01T04:00:00+00:00,66723.46,66902.96,66698.44,66802.94,1732
2026-06-01T04:30:00+00:00,66802.94,66967.96,66722.94,66890.45,1572
2026-06-01T05:00:00+00:00,66890.45,66995.46,66633.44,66662.96,1574
2026-06-01T05:30:00+00:00,66662.96,66967.95,66662.96,66953.44,1653
2026-06-01T06:00:00+00:00,66953.44,67152.95,66915.45,66947.96,1782
2026-06-01T06:30:00+00:00,66947.96,67107.95,66925.44,67045.44,1062
2026-06-01T07:00:00+00:00,67045.44,67257.96,67018.44,67052.96,970
2026-06-01T07:30:00+00:00,67052.96,67120.46,66942.94,67115.45,897
2026-06-01T08:00:00+00:00,67115.45,67182.95,67055.44,67067.95,1673
2026-06-01T08:30:00+00:00,67067.95,67095.46,66920.45,67052.95,1207
2026-06-01T09:00:00+00:00,67052.95,67102.96,66903.44,66912.94,1008
2026-06-01T09:30:00+00:00,66912.94,66915.45,66827.94,66860.46,1071
2026-06-01T10:00:00+00:00,66860.46,66940.46,66845.45,66927.94,906
2026-06-01T10:30:00+00:00,66927.94,66997.96,66912.94,66965.46,776
2026-06-01T11:00:00+00:00,66965.46,66975.45,66912.94,66945.46,825
2026-06-01T11:30:00+00:00,66945.46,67040.46,66892.94,66995.45,984
2026-06-01T12:00:00+00:00,66995.45,67065.46,66917.96,67027.94,1120
2026-06-01T12:30:00+00:00,67027.94,67282.96,66985.45,67180.45,1764
2026-06-01T13:00:00+00:00,67180.45,67190.44,66560.44,66670.44,6860
2026-06-01T13:30:00+00:00,66670.44,66902.94,66528.45,66528.46,7125
2026-06-01T14:00:00+00:00,66528.46,66777.96,66508.44,66635.45,5135
2026-06-01T14:30:00+00:00,66635.45,66772.95,66553.44,66612.95,2689
2026-06-01T15:00:00+00:00,66612.95,66887.96,66563.44,66865.46,1782
2026-06-01T15:30:00+00:00,66865.46,67102.96,66862.96,66923.44,2595
2026-06-01T16:00:00+00:00,66923.44,67005.44,66843.45,66930.46,1130
2026-06-01T16:30:00+00:00,66930.46,67145.44,66908.44,67127.94,1425
2026-06-01T17:00:00+00:00,67127.94,67427.95,67083.44,67413.46,1142
2026-06-01T17:30:00+00:00,67413.46,67610.46,67298.46,67487.96,2792
2026-06-01T18:00:00+00:00,67487.96,67502.94,67408.46,67442.95,349
2026-06-01T18:30:00+00:00,67442.95,67452.96,67400.44,67415.44,308
2026-06-01T19:00:00+00:00,67415.44,67417.96,67328.44,67367.95,460.3191244239631
2026-06-01T19:30:00+00:00,67367.95,67382.96,67263.44,67287.95,569
2026-06-01T20:00:00+00:00,67287.95,67297.96,67238.44,67288.44,240
2026-06-01T20:30:00+00:00,67288.44,67352.96,67193.44,67225.44,352.0542740841248
2026-06-01T22:00:00+00:00,67230.44,67284.64,67109.64,67134.66,314
2026-06-01T22:30:00+00:00,67134.66,67194.16,67109.64,67139.66,259
2026-06-01T23:00:00+00:00,67139.66,67224.14,67119.64,67171.64,186
2026-06-01T23:30:00+00:00,67171.64,67209.66,66864.65,67149.65,1493
2026-06-02T00:00:00+00:00,67149.65,67179.65,66399.65,66459.65,6959
2026-06-02T00:30:00+00:00,66459.65,66569.15,65994.64,66049.64,5108
2026-06-02T01:00:00+00:00,66049.64,66424.14,65989.64,66389.14,5432
2026-06-02T01:30:00+00:00,66389.14,66434.16,65779.64,65789.64,4609
2026-06-02T02:00:00+00:00,65789.64,65944.16,65654.64,65844.64,4100
2026-06-02T02:30:00+00:00,65844.64,65934.16,65794.64,65849.65,1457
2026-06-02T03:00:00+00:00,65849.65,65874.16,65661.65,65719.64,2089
2026-06-02T03:30:00+00:00,65719.64,65941.66,65564.65,65899.66,5174
2026-06-02T04:00:00+00:00,65899.66,66164.16,65854.64,66144.14,2335
2026-06-02T04:30:00+00:00,66144.14,66289.16,65944.64,66284.14,1791
2026-06-02T05:00:00+00:00,66284.14,66599.15,66284.14,66559.64,1738
2026-06-02T05:30:00+00:00,66559.64,66706.64,66479.65,66609.65,1789
2026-06-02T06:00:00+00:00,66609.65,66731.66,66574.64,66716.66,2317
2026-06-02T06:30:00+00:00,66716.66,66799.65,66529.66,66756.66,1663
2026-06-02T07:00:00+00:00,66756.66,66894.14,66751.65,66829.16,814
2026-06-02T07:30:00+00:00,66829.16,66931.64,66799.15,66916.66,744
2026-06-02T08:00:00+00:00,66916.66,66969.15,66776.65,66801.64,1906
2026-06-02T08:30:00+00:00,66801.64,66941.64,66799.14,66846.66,1089
2026-06-02T09:00:00+00:00,66846.66,66851.66,66696.66,66714.15,1178
2026-06-02T09:30:00+00:00,66714.15,66871.66,66714.14,66866.66,1083
2026-06-02T10:00:00+00:00,66866.66,66866.66,66789.16,66821.64,789
2026-06-02T10:30:00+00:00,66821.64,66834.15,66771.65,66771.65,644
2026-06-02T11:00:00+00:00,66771.65,66799.14,66691.65,66796.65,950
2026-06-02T11:30:00+00:00,66796.65,66826.64,66754.14,66761.66,703
2026-06-02T12:00:00+00:00,66761.66,66936.65,66759.15,66919.16,1136
2026-06-02T12:30:00+00:00,66919.16,66931.65,66806.65,66834.14,1432
2026-06-02T13:00:00+00:00,66834.14,66851.64,66694.64,66729.14,2074
2026-06-02T13:30:00+00:00,66729.14,66951.66,66686.64,66894.64,3464
2026-06-02T14:00:00+00:00,66894.64,67096.65,66864.66,67001.64,2520
2026-06-02T14:30:00+00:00,67001.64,67239.16,67001.64,67224.14,1817
2026-06-02T15:00:00+00:00,67224.14,67336.65,67196.64,67304.16,1185
2026-06-02T15:30:00+00:00,67304.16,67394.15,67286.66,67376.66,1164
2026-06-02T16:00:00+00:00,67376.66,67439.16,67274.14,67274.16,1204
2026-06-02T16:30:00+00:00,67274.16,67316.66,67226.64,67311.65,805
2026-06-02T17:00:00+00:00,67311.65,67349.14,67254.15,67266.64,853
2026-06-02T17:30:00+00:00,67266.64,67309.15,67246.64,67286.66,618
2026-06-02T18:00:00+00:00,67286.66,67371.66,67276.64,67364.14,597
2026-06-02T18:30:00+00:00,67364.14,67376.65,67306.66,67361.64,460
2026-06-02T19:00:00+00:00,67361.64,67431.66,67361.64,67406.64,362
2026-06-02T19:30:00+00:00,67406.64,67526.65,67401.64,67521.66,535
2026-06-02T20:00:00+00:00,67521.66,67594.16,67479.64,67484.15,400
2026-06-02T20:30:00+00:00,67484.15,67509.16,67469.65,67494.14,191.88759830249984
2026-06-02T22:00:00+00:00,67494.14,67494.14,67366.01,67416.01,350
2026-06-02T22:30:00+00:00,67416.01,67456.02,67371.01,67386.01,220
2026-06-02T23:00:00+00:00,67386.01,67401.01,66841.03,66971.01,889
2026-06-02T23:30:00+00:00,66971.01,67741.03,66966.01,67716.02,2435
2026-06-03T00:00:00+00:00,67716.02,67953.02,67401.03,67781.01,8048
2026-06-03T00:30:00+00:00,67781.01,68235.53,67741.01,68226.03,3685
2026-06-03T01:00:00+00:00,68226.03,68285.52,68101.02,68161.03,3249
2026-06-03T01:30:00+00:00,68161.03,68275.53,68066.01,68261.03,3217
2026-06-03T02:00:00+00:00,68261.03,68470.53,68246.02,68431.02,1875
2026-06-03T02:30:00+00:00,68431.02,68578.02,68406.01,68510.51,649
2026-06-03T03:00:00+00:00,68510.51,68610.53,68431.01,68440.51,520
2026-06-03T03:30:00+00:00,68440.51,68735.53,68440.51,68591.03,1585
2026-06-03T04:00:00+00:00,68591.03,68775.52,68581.03,68741.01,1138
2026-06-03T04:30:00+00:00,68741.01,68760.53,68516.01,68565.53,974
2026-06-03T05:00:00+00:00,68565.53,68730.52,68521.01,68671.03,1005
2026-06-03T05:30:00+00:00,68671.03,68755.52,68556.02,68675.51,1028
2026-06-03T06:00:00+00:00,68675.51,68778.02,68413.01,68455.52,2116
2026-06-03T06:30:00+00:00,68455.52,68588.03,68401.01,68563.01,1349
2026-06-03T07:00:00+00:00,68563.01,68700.52,68536.01,68540.51,655
2026-06-03T07:30:00+00:00,68540.51,68588.02,68433.01,68588.02,872
2026-06-03T08:00:00+00:00,68588.02,68598.02,68315.53,68573.01,2407
2026-06-03T08:30:00+00:00,68573.01,68615.52,68356.03,68431.02,1975
2026-06-03T09:00:00+00:00,68431.02,68650.52,68386.01,68631.02,1339
2026-06-03T09:30:00+00:00,68631.02,68670.51,68486.01,68506.01,1448
2026-06-03T10:00:00+00:00,68506.01,68735.51,68466.01,68551.01,2986
2026-06-03T10:30:00+00:00,68551.01,68590.53,68421.01,68476.03,961
2026-06-03T11:00:00+00:00,68476.03,68535.53,68401.01,68436.02,882
2026-06-03T11:30:00+00:00,68436.02,68520.53,68436.02,68490.52,752
2026-06-03T12:00:00+00:00,68490.52,68515.53,68321.03,68350.52,745
2026-06-03T12:30:00+00:00,68350.52,68350.53,68221.01,68301.01,1460
2026-06-03T13:00:00+00:00,68301.01,68393.03,68261.01,68376.01,792
2026-06-03T13:30:00+00:00,68376.01,68425.52,67956.01,68091.02,4514
2026-06-03T14:00:00+00:00,68091.02,68268.01,68076.02,68268.01,4435
2026-06-03T14:30:00+00:00,68268.01,68290.52,68155.51,68225.53,3542
2026-06-03T15:00:00+00:00,68225.53,68313.03,68161.02,68253.02,3782
2026-06-03T15:30:00+00:00,68253.02,68275.52,68098.01,68135.51,3268
2026-06-03T16:00:00+00:00,68135.51,68165.53,68000.51,68070.53,2324
2026-06-03T16:30:00+00:00,68070.53,68213.01,67990.53,68213.01,1978
2026-06-03T17:00:00+00:00,68213.01,68220.52,68075.52,68128.01,1491
2026-06-03T17:30:00+00:00,68128.01,68305.53,68098.02,68293.02,1081
2026-06-03T18:00:00+00:00,68293.02,68393.03,68280.52,68393.03,1311.9893089457075
2026-06-03T18:30:00+00:00,68393.03,68403.03,68285.51,68298.03,874
2026-06-03T19:00:00+00:00,68298.03,68310.53,68196.02,68250.51,1446
2026-06-03T19:30:00+00:00,68250.51,68348.03,68205.52,68225.52,1853
2026-06-03T20:00:00+00:00,68225.52,68253.01,68126.01,68135.51,1992
2026-06-03T20:30:00+00:00,68135.51,68143.02,67981.01,68095.51,1069
2026-06-03T22:00:00+00:00,68100.51,68100.51,67302.09,67542.08,609
2026-06-03T22:30:00+00:00,67542.08,67611.58,67282.09,67392.08,856
2026-06-03T23:00:00+00:00,67392.08,67467.09,67152.1,67282.08,643
2026-06-03T23:30:00+00:00,67282.08,67852.1,67282.08,67612.1,3629
2026-06-04T00:00:00+00:00,67612.1,67886.6,67332.08,67411.59,9450
2026-06-04T00:30:00+00:00,67411.59,67621.6,67227.08,67262.09,4581
2026-06-04T01:00:00+00:00,67262.09,67456.6,67137.08,67232.1,3808
2026-06-04T01:30:00+00:00,67232.1,67301.6,67087.08,67171.6,2732
2026-06-04T02:00:00+00:00,67171.6,67177.09,66927.1,67124.1,2263
2026-06-04T02:30:00+00:00,67124.1,67191.6,67007.09,67186.58,1270
2026-06-04T03:00:00+00:00,67186.58,67316.6,67177.09,67291.6,881
2026-06-04T03:30:00+00:00,67291.6,67479.09,67192.08,67261.6,2735
2026-06-04T04:00:00+00:00,67261.6,67491.6,67192.08,67412.09,2218
2026-06-04T04:30:00+00:00,67412.09,67466.59,67297.08,67392.1,3054
2026-06-04T05:00:00+00:00,67392.1,67441.6,67252.1,67416.58,2699
2026-06-04T05:30:00+00:00,67416.58,67506.6,67347.1,67377.09,3225
2026-06-04T06:00:00+00:00,67377.09,67531.59,67264.08,67531.59,2499
2026-06-04T06:30:00+00:00,67531.59,67736.6,67451.58,67664.08,1475
2026-06-04T07:00:00+00:00,67664.08,67774.09,67636.59,67736.59,959
2026-06-04T07:30:00+00:00,67736.59,67764.08,67637.09,67691.6,658
2026-06-04T08:00:00+00:00,67691.6,67741.6,67279.08,67421.6,2813
2026-06-04T08:30:00+00:00,67421.6,67516.59,67262.08,67279.1,2039
2026-06-04T09:00:00+00:00,67279.1,67279.1,67054.09,67264.09,2532
2026-06-04T09:30:00+00:00,67264.09,67521.6,67241.59,67504.09,1864
2026-06-04T10:00:00+00:00,67504.09,67511.58,67259.08,67276.59,1389
2026-06-04T10:30:00+00:00,67276.59,67309.1,67131.6,67251.58,1821
2026-06-04T11:00:00+00:00,67251.58,67389.1,67236.58,67354.08,2694
2026-06-04T11:30:00+00:00,67354.08,67381.58,67114.1,67369.1,3125
2026-06-04T12:00:00+00:00,67369.1,67391.59,67212.09,67247.1,2525
2026-06-04T12:30:00+00:00,67247.1,67449.09,67247.08,67381.59,1650
2026-06-04T13:00:00+00:00,67381.59,67391.6,67241.59,67256.59,1653
2026-06-04T13:30:00+00:00,67256.59,67429.09,67091.58,67151.6,6795
2026-06-04T14:00:00+00:00,67151.6,67241.59,66911.59,67224.08,6099
2026-06-04T14:30:00+00:00,67224.08,67229.1,66986.59,67114.1,3770
2026-06-04T15:00:00+00:00,67114.1,67344.09,67089.08,67299.1,2782
2026-06-04T15:30:00+00:00,67299.1,67374.1,67209.08,67304.08,1978
2026-06-04T16:00:00+00:00,67304.08,67544.09,67281.59,67539.08,1479
2026-06-04T16:30:00+00:00,67539.08,67541.6,67454.08,67509.08,1050
2026-06-04T17:00:00+00:00,67509.08,67571.6,67474.1,67566.58,749
2026-06-04T17:30:00+00:00,67566.58,67636.59,67561.59,67626.6,732
2026-06-04T18:00:00+00:00,67626.6,67711.6,67611.58,67689.08,803
2026-06-04T18:30:00+00:00,67689.08,67784.1,67651.59,67759.09,666
2026-06-04T19:00:00+00:00,67759.09,67861.6,67726.6,67856.59,721
2026-06-04T19:30:00+00:00,67856.59,67889.09,67711.6,67746.58,1079
2026-06-04T20:00:00+00:00,67746.58,67756.58,67597.08,67627.1,649
2026-06-04T20:30:00+00:00,67627.1,67641.6,67582.09,67611.58,412
2026-06-04T22:00:00+00:00,67611.58,67653.57,67448.56,67503.58,396
2026-06-04T22:30:00+00:00,67503.58,67583.58,67488.57,67533.56,215
2026-06-04T23:00:00+00:00,67533.56,67578.08,67383.56,67453.56,342
2026-06-04T23:30:00+00:00,67453.56,67503.58,66943.56,66973.57,1778
2026-06-05T00:00:00+00:00,66973.57,66973.58,66193.56,66628.08,6123
2026-06-05T00:30:00+00:00,66628.08,66668.07,66153.58,66293.56,3861
2026-06-05T01:00:00+00:00,66293.56,66358.07,65863.56,66003.57,3748
2026-06-05T01:30:00+00:00,66003.57,66523.08,65983.58,66503.56,4473
2026-06-05T02:00:00+00:00,66503.56,66708.08,66368.58,66658.57,2543
2026-06-05T02:30:00+00:00,66658.57,66668.08,66488.57,66518.08,1818
2026-06-05T03:00:00+00:00,66518.08,66598.08,66448.56,66453.57,1606
2026-06-05T03:30:00+00:00,66453.57,66548.07,66298.57,66398.56,3640
2026-06-05T04:00:00+00:00,66398.56,66520.57,66338.56,66398.06,1961
2026-06-05T04:30:00+00:00,66398.06,66738.08,66313.56,66688.57,1894
2026-06-05T05:00:00+00:00,66688.57,66785.58,66593.57,66678.56,2052
2026-06-05T05:30:00+00:00,66678.56,66823.08,66508.56,66553.56,2046
2026-06-05T06:00:00+00:00,66553.56,66753.07,66533.56,66623.08,2454
2026-06-05T06:30:00+00:00,66623.08,66698.07,66530.56,66635.57,1628
2026-06-05T07:00:00+00:00,66635.57,66658.07,66440.56,66565.56,1727
2026-06-05T07:30:00+00:00,66565.56,66693.06,66550.56,66658.06,1280
2026-06-05T08:00:00+00:00,66658.06,66923.08,66470.57,66920.56,3397
2026-06-05T08:30:00+00:00,66920.56,66978.08,66863.08,66925.58,1944
2026-06-05T09:00:00+00:00,66925.58,67160.56,66900.57,66960.56,3238
2026-06-05T09:30:00+00:00,66960.56,66998.08,66898.07,66910.57,1401
2026-06-05T10:00:00+00:00,66910.57,67053.08,66885.58,67038.07,840
2026-06-05T10:30:00+00:00,67038.07,67045.58,66880.58,66880.58,799
2026-06-05T11:00:00+00:00,66880.58,66918.08,66668.57,66853.07,1625
2026-06-05T11:30:00+00:00,66853.07,66900.57,66740.57,66745.57,1120
2026-06-05T12:00:00+00:00,66745.57,66758.08,66613.56,66638.57,1782
2026-06-05T12:30:00+00:00,66638.57,66778.58,66438.07,66448.08,3590
2026-06-05T13:00:00+00:00,66448.08,66450.57,66175.56,66245.57,3415
2026-06-05T13:30:00+00:00,66245.57,66288.07,65833.08,65840.56,8096
2026-06-05T14:00:00+00:00,65840.56,66065.58,65708.06,65730.58,7286
2026-06-05T14:30:00+00:00,65730.58,65993.07,65713.07,65915.56,6219
2026-06-05T15:00:00+00:00,65915.56,65943.07,65538.56,65613.06,4227
2026-06-05T15:30:00+00:00,65613.06,65665.56,65378.58,65408.07,4377
2026-06-05T16:00:00+00:00,65408.07,65408.07,65198.56,65228.06,4113
2026-06-05T16:30:00+00:00,65228.06,65263.08,65008.57,65253.06,4608
2026-06-05T17:00:00+00:00,65253.06,65260.57,64973.57,65108.58,3922
2026-06-05T17:30:00+00:00,65108.58,65253.07,65059.090000000004,65171.090000000004,3006.6694237661977
2026-06-05T18:00:00+00:00,65171.090000000004,65188.58,64729.07,64799.07,3551
2026-06-05T18:30:00+00:00,64799.07,64841.07,64394.08,64451.07,5335
2026-06-05T19:00:00+00:00,64451.07,64453.590000000004,63784.07,64274.07,8349
2026-06-05T19:30:00+00:00,64274.07,64288.590000000004,63899.07,63998.590000000004,8768
2026-06-05T20:00:00+00:00,63998.590000000004,64033.58,63469.07,63674.07,3832
2026-06-05T20:30:00+00:00,63674.07,63708.57,63494.07,63698.58,1075
2026-06-07T22:00:00+00:00,63703.07,64152.69,63703.07,63817.7,889
2026-06-07T22:30:00+00:00,63817.7,63852.69,63387.69,63602.69,1365
2026-06-07T23:00:00+00:00,63602.69,63872.2,63537.69,63817.7,1369
2026-06-07T23:30:00+00:00,63817.7,64219.7,63752.69,63797.7,4336
2026-06-08T00:00:00+00:00,63797.7,64387.2,63542.68,64247.69,9934
2026-06-08T00:30:00+00:00,64247.69,64732.18,64007.7,64247.7,10454
2026-06-08T01:00:00+00:00,64247.7,64282.18,63607.68,63622.68,13273
2026-06-08T01:30:00+00:00,63622.68,63962.68,63392.68,63922.7,15892
2026-06-08T02:00:00+00:00,63922.7,64082.2,63762.68,64052.69,11474
2026-06-08T02:30:00+00:00,64052.69,64327.2,63827.69,64162.69,5445
2026-06-08T03:00:00+00:00,64162.69,64247.19,64062.68,64142.68,3883
2026-06-08T03:30:00+00:00,64142.68,64257.2,64027.68,64192.2,5450
2026-06-08T04:00:00+00:00,64192.2,64242.18,63917.68,64072.7,5385
2026-06-08T04:30:00+00:00,64072.7,64092.7,63792.68,63832.69,5238
2026-06-08T05:00:00+00:00,63832.69,64037.2,63617.68,63827.69,6023
2026-06-08T05:30:00+00:00,63827.69,63862.2,63432.69,63692.7,6722
2026-06-08T06:00:00+00:00,63692.7,64112.2,63577.68,64012.18,5538
2026-06-08T06:30:00+00:00,64012.18,64102.2,63722.7,63909.7,3279
2026-06-08T07:00:00+00:00,63909.7,64482.18,63862.68,64387.68,3064
2026-06-08T07:30:00+00:00,64387.68,64437.18,64192.68,64384.7,2281
2026-06-08T08:00:00+00:00,64384.7,64414.7,64167.68,64282.7,4849
2026-06-08T08:30:00+00:00,64282.7,64382.2,64102.68,64237.7,4643
2026-06-08T09:00:00+00:00,64237.7,64317.19,64097.68,64187.68,3062
2026-06-08T09:30:00+00:00,64187.68,64477.2,64107.68,64457.68,4470
2026-06-08T10:00:00+00:00,64457.68,64467.2,64222.7,64337.69,2563
2026-06-08T10:30:00+00:00,64337.69,64622.7,64312.7,64427.68,3655
2026-06-08T11:00:00+00:00,64427.68,64977.2,64342.68,64972.19,5961
2026-06-08T11:30:00+00:00,64972.19,65102.19,64852.68,64887.69,3729
2026-06-08T12:00:00+00:00,64887.69,65134.7,64872.68,65132.19,2950
2026-06-08T12:30:00+00:00,65132.19,65479.7,65097.68,65407.69,2951
2026-06-08T13:00:00+00:00,65407.69,65527.2,65347.18,65422.7,2947
2026-06-08T13:30:00+00:00,65422.7,65692.2,65317.68,65387.2,12516
2026-06-08T14:00:00+00:00,65387.2,65532.2,65297.68,65492.2,8593
2026-06-08T14:30:00+00:00,65492.2,65744.7,65477.7,65732.69,6415
2026-06-08T15:00:00+00:00,65732.69,65902.19,65702.68,65754.69,3639
2026-06-08T15:30:00+00:00,65754.69,65857.18,65607.68,65709.7,3855
2026-06-08T16:00:00+00:00,65709.7,65869.69,65644.68,65714.68,2714
2026-06-08T16:30:00+00:00,65714.68,65799.68,65612.68,65672.19,3542
2026-06-08T17:00:00+00:00,65672.19,65677.2,65377.68,65587.7,4983
2026-06-08T17:30:00+00:00,65587.7,65627.2,65447.69,65562.7,5242
2026-06-08T18:00:00+00:00,65562.7,65707.2,65562.68,65692.68,4441
2026-06-08T18:30:00+00:00,65692.68,65777.2,65627.68,65657.2,3679
2026-06-08T19:00:00+00:00,65657.2,65687.18,65397.69,65527.19,4424
2026-06-08T19:30:00+00:00,65527.19,65612.2,65447.68,65557.18,4430
2026-06-08T20:00:00+00:00,65557.18,65577.2,65417.68,65482.2,847
2026-06-08T20:30:00+00:00,65482.2,65517.19,65427.7,65454.7,493
2026-06-08T22:00:00+00:00,65454.7,65494.18,65219.17,65229.18,671
2026-06-08T22:30:00+00:00,65229.18,65391.17,65229.18,65384.16,360
2026-06-08T23:00:00+00:00,65384.16,65574.18,65369.16,65504.16,554
2026-06-08T23:30:00+00:00,65504.16,65594.17,64689.16,65144.18,3185
2026-06-09T00:00:00+00:00,65144.18,65149.18,64209.18,64549.17,10783
2026-06-09T00:30:00+00:00,64549.17,64598.68,63904.16,64069.16,10010
2026-06-09T01:00:00+00:00,64069.16,64669.18,63949.16,64424.17,10320
2026-06-09T01:30:00+00:00,64424.17,64793.68,64334.16,64474.18,9064
2026-06-09T02:00:00+00:00,64474.18,64678.66,64439.18,64589.17,6616
2026-06-09T02:30:00+00:00,64589.17,64718.68,64524.16,64659.18,4179
2026-06-09T03:00:00+00:00,64659.18,64863.68,64604.16,64749.16,3465
2026-06-09T03:30:00+00:00,64749.16,65258.66,64749.16,65199.17,5745
2026-06-09T04:00:00+00:00,65199.17,65329.17,65119.16,65324.16,3671
2026-06-09T04:30:00+00:00,65324.16,65428.67,65249.16,65274.18,3206
2026-06-09T05:00:00+00:00,65274.18,65471.18,65209.16,65228.67,3446
2026-06-09T05:30:00+00:00,65228.67,65409.16,65169.16,65274.17,4172
2026-06-09T06:00:00+00:00,65274.17,65398.68,65103.66,65308.67,3653
2026-06-09T06:30:00+00:00,65308.67,65603.68,65129.16,65579.16,2271
2026-06-09T07:00:00+00:00,65579.16,65748.67,65429.16,65488.68,2299
2026-06-09T07:30:00+00:00,65488.68,65543.67,65384.16,65503.66,1970
2026-06-09T08:00:00+00:00,65503.66,65713.67,65444.17,65663.68,4427
2026-06-09T08:30:00+00:00,65663.68,65793.68,65576.17,65606.17,1696
2026-06-09T09:00:00+00:00,65606.17,65688.68,65574.16,65598.68,1702
2026-06-09T09:30:00+00:00,65598.68,65663.67,65479.16,65643.66,1607
2026-06-09T10:00:00+00:00,65643.66,65736.18,65509.16,65613.67,2224
2026-06-09T10:30:00+00:00,65613.67,65628.68,65474.17,65618.67,1234
2026-06-09T11:00:00+00:00,65618.67,65711.17,65609.16,65708.68,1049
2026-06-09T11:30:00+00:00,65708.68,65728.68,65518.67,65538.66,1241
2026-06-09T12:00:00+00:00,65538.66,65641.17,65519.17,65586.17,1564
2026-06-09T12:30:00+00:00,65586.17,65783.68,65583.67,65778.67,1389
2026-06-09T13:00:00+00:00,65778.67,65963.67,65748.66,65803.68,2182
2026-06-09T13:30:00+00:00,65803.68,66101.18,65708.66,65909.18,6767
2026-06-09T14:00:00+00:00,65909.18,65978.67,65264.17,65578.67,12230
2026-06-09T14:30:00+00:00,65578.67,65616.17,64789.16,65183.66,13373
2026-06-09T15:00:00+00:00,65183.66,65248.68,64354.16,64364.18,12075
2026-06-09T15:30:00+00:00,64364.18,64726.17,64279.17,64301.18,15728
2026-06-09T16:00:00+00:00,64301.18,64443.68,63809.16,63844.16,16025
2026-06-09T16:30:00+00:00,63844.16,63908.68,63089.17,63491.16,21756
2026-06-09T17:00:00+00:00,63491.16,64208.68,63484.16,64079.17,14536
2026-06-09T17:30:00+00:00,64079.17,64373.68,64009.16,64199.17,10908
2026-06-09T18:00:00+00:00,64199.17,64443.67,64104.16,64389.16,10514
2026-06-09T18:30:00+00:00,64389.16,64668.68,64354.17,64624.18,8190
2026-06-09T19:00:00+00:00,64624.18,64724.17,64224.16,64374.17,9804
2026-06-09T19:30:00+00:00,64374.17,64538.68,64174.17,64499.17,12406
2026-06-09T20:00:00+00:00,64499.17,64539.18,64354.17,64394.16,2819
2026-06-09T20:30:00+00:00,64394.16,64568.68,64364.16,64438.67,903
2026-06-09T22:00:00+00:00,64438.67,64438.67,64155.26,64185.28,475
2026-06-09T22:30:00+00:00,64185.28,64195.28,63950.26,64135.28,771
2026-06-09T23:00:00+00:00,64135.28,64305.26,64010.27,64085.28,609.8026460176618
2026-06-09T23:30:00+00:00,64085.28,64465.27,63995.26,64450.27,2471
2026-06-10T00:00:00+00:00,64450.27,65065.28,64355.26,64995.28,10127
2026-06-10T00:30:00+00:00,64995.28,65084.78,64420.26,64840.28,10189
2026-06-10T01:00:00+00:00,64840.28,65070.26,64710.26,64895.28,6852
2026-06-10T01:30:00+00:00,64895.28,64965.28,64625.27,64664.77,6890
2026-06-10T02:00:00+00:00,64664.77,64770.28,64550.26,64680.26,5837
2026-06-10T02:30:00+00:00,64680.26,64814.78,64570.26,64595.26,3225
2026-06-10T03:00:00+00:00,64595.26,64809.78,64575.27,64690.26,4403
2026-06-10T03:30:00+00:00,64690.26,64775.28,64365.27,64485.27,5774
2026-06-10T04:00:00+00:00,64485.27,64519.77,64035.28,64049.76,5147
2026-06-10T04:30:00+00:00,64049.76,64134.77,63765.27,63895.26,5895
2026-06-10T05:00:00+00:00,63895.26,64124.77,63730.27,64045.26,6730
2026-06-10T05:30:00+00:00,64045.26,64210.28,63835.26,64165.28,5742
2026-06-10T06:00:00+00:00,64165.28,64384.76,64145.27,64300.28,3469
2026-06-10T06:30:00+00:00,64300.28,64352.28,64179.77,64317.26,1516
2026-06-10T07:00:00+00:00,64317.26,64369.76,64180.26,64270.28,1913
2026-06-10T07:30:00+00:00,64270.28,64414.77,64175.27,64299.78,1683
2026-06-10T08:00:00+00:00,64299.78,64312.28,63860.26,63954.77,5608
2026-06-10T08:30:00+00:00,63954.77,63994.76,63579.76,63629.76,4382
2026-06-10T09:00:00+00:00,63629.76,63709.76,63407.28,63697.27,4545
2026-06-10T09:30:00+00:00,63697.27,63827.27,63664.77,63769.76,3909
2026-06-10T10:00:00+00:00,63769.76,63779.76,63490.26,63624.78,3611
2026-06-10T10:30:00+00:00,63624.78,63899.78,63599.76,63829.77,3925
2026-06-10T11:00:00+00:00,63829.77,63857.27,63165.27,63397.28,8072
2026-06-10T11:30:00+00:00,63397.28,63509.78,63250.27,63422.26,4659
2026-06-10T12:00:00+00:00,63422.26,63735.28,63397.27,63730.28,4378
2026-06-10T12:30:00+00:00,63730.28,64414.76,63730.28,64002.27,10001
2026-06-10T13:00:00+00:00,64002.27,64094.78,63879.78,64017.26,6008
2026-06-10T13:30:00+00:00,64017.26,64659.78,63872.26,64469.77,16829
2026-06-10T14:00:00+00:00,64469.77,64777.27,64355.27,64722.27,10882
2026-06-10T14:30:00+00:00,64722.27,64834.78,64080.28,64194.78,12406
2026-06-10T15:00:00+00:00,64194.78,64354.78,63605.26,63764.77,12602
2026-06-10T15:30:00+00:00,63764.77,63869.78,63290.26,63759.76,13644
2026-06-10T16:00:00+00:00,63759.76,63869.78,63645.26,63730.28,9691
2026-06-10T16:30:00+00:00,63730.28,63949.77,63590.26,63680.28,9073
2026-06-10T17:00:00+00:00,63680.28,63829.78,63515.26,63610.27,8077
2026-06-10T17:30:00+00:00,63610.27,63804.78,63430.27,63784.77,8624
2026-06-10T18:00:00+00:00,63784.77,63954.77,63725.26,63805.28,6474
2026-06-10T18:30:00+00:00,63805.28,63817.28,63495.26,63565.28,5307
2026-06-10T19:00:00+00:00,63565.28,63649.76,63315.26,63455.26,5528
2026-06-10T19:30:00+00:00,63455.26,63559.78,63300.28,63310.26,7475
2026-06-10T20:00:00+00:00,63310.26,63322.27,63150.26,63190.28,1148
2026-06-10T20:30:00+00:00,63190.28,63250.28,63105.28,63197.26,739.4202979751408
2026-06-10T22:00:00+00:00,63199.76,63199.76,62932.99,62977.99,227
2026-06-10T22:30:00+00:00,62977.99,63092.99,62797.99,62797.99,750
2026-06-10T23:00:00+00:00,62797.99,63040,62700.49,63025.5,1378.9762674207232
2026-06-10T23:30:00+00:00,63025.5,63160.51,62475.5,62615.5,2268
2026-06-11T00:00:00+00:00,62615.5,63100.51,62330.51,62910.51,14294
2026-06-11T00:30:00+00:00,62910.51,63650.5,62725.49,63425.49,13990
2026-06-11T01:00:00+00:00,63425.49,64180.5,63420.51,64160.49,10870
2026-06-11T01:30:00+00:00,64160.49,64170.51,63535.49,63610.49,8492
2026-06-11T02:00:00+00:00,63610.49,63915,63195.49,63260.5,8542
2026-06-11T02:30:00+00:00,63260.5,63685.01,63200.49,63630.5,6934
2026-06-11T03:00:00+00:00,63630.5,63745.01,63510.49,63635.51,4593
2026-06-11T03:30:00+00:00,63635.51,64230.01,63615.51,64225.51,7062
2026-06-11T04:00:00+00:00,64225.51,64250.51,63955.49,64165.49,5316
2026-06-11T04:30:00+00:00,64165.49,64402.51,64080.49,64300.49,4068
2026-06-11T05:00:00+00:00,64300.49,64320.51,64115.51,64155.49,4035
2026-06-11T05:30:00+00:00,64155.49,64279.99,64045.5,64145.49,4174
2026-06-11T06:00:00+00:00,64145.49,64312.5,63990.49,64220.51,4329
2026-06-11T06:30:00+00:00,64220.51,64380,64110.49,64354.99,2165
2026-06-11T07:00:00+00:00,64354.99,64604.99,64315.49,64574.99,2322
2026-06-11T07:30:00+00:00,64574.99,64595.01,64405.5,64465,1332
2026-06-11T08:00:00+00:00,64465,64900,64449.99,64690.01,3136
2026-06-11T08:30:00+00:00,64690.01,64767.51,64579.99,64667.5,2061
2026-06-11T09:00:00+00:00,64667.5,64682.5,64520.49,64545.01,2009
2026-06-11T09:30:00+00:00,64545.01,64732.5,64502.49,64645,2087
2026-06-11T10:00:00+00:00,64645,64717.5,64544.99,64544.99,2135
2026-06-11T10:30:00+00:00,64544.99,64707.51,64544.99,64592.51,1381
2026-06-11T11:00:00+00:00,64592.51,64602.51,64415.5,64527.5,2276
2026-06-11T11:30:00+00:00,64527.5,64677.5,64495.49,64609.99,2545
2026-06-11T12:00:00+00:00,64609.99,64692.51,63965.5,64145.5,5664
2026-06-11T12:30:00+00:00,64145.5,64435.01,63940.5,64375.01,6988
2026-06-11T13:00:00+00:00,64375.01,64384.99,64225.49,64330,2943
2026-06-11T13:30:00+00:00,64330,65010,64295,64902.49,12858
2026-06-11T14:00:00+00:00,64902.49,65080.01,64595.49,64697.5,11847
2026-06-11T14:30:00+00:00,64697.5,64854.99,64337.5,64395,10103
2026-06-11T15:00:00+00:00,64395,64809.99,64277.49,64635,10859
2026-06-11T15:30:00+00:00,64635,64840.01,64597.5,64742.49,6846
2026-06-11T16:00:00+00:00,64742.49,64929.99,64684.99,64760.01,6051
2026-06-11T16:30:00+00:00,64760.01,64920.01,64604.99,64607.5,5418
2026-06-11T17:00:00+00:00,64607.5,65265.51,64385,65230.5,7516
2026-06-11T17:30:00+00:00,65230.5,65945,65230.5,65777.49,14938
2026-06-11T18:00:00+00:00,65777.49,65845,65450.5,65640,9433
2026-06-11T18:30:00+00:00,65640,65832.51,65602.49,65755.01,4674
2026-06-11T19:00:00+00:00,65755.01,66050.01,65735.5,66010.01,5318
2026-06-11T19:30:00+00:00,66010.01,66305.01,66000.49,66245,6955
2026-06-11T20:00:00+00:00,66245,66595.49,66205.49,66470.01,2134
2026-06-11T20:30:00+00:00,66470.01,66470.01,66375.49,66379.99,1026
2026-06-11T22:00:00+00:00,66377.49,66517.51,66358,66457.99,590
2026-06-11T22:30:00+00:00,66457.99,66662.99,66453.01,66572.99,497
2026-06-11T23:00:00+00:00,66572.99,66592.5,66318,66422.99,669
2026-06-11T23:30:00+00:00,66422.99,66978.01,66422.99,66807.99,3536
2026-06-12T00:00:00+00:00,66807.99,66900,66367.99,66728.01,9315
2026-06-12T00:30:00+00:00,66728.01,67062.51,66618.01,66763.01,7241
2026-06-12T01:00:00+00:00,66763.01,66763.01,65892.99,65897.99,5698
2026-06-12T01:30:00+00:00,65897.99,66673.01,65838,66648.01,5231
2026-06-12T02:00:00+00:00,66648.01,66760.01,66412.99,66468,4979
2026-06-12T02:30:00+00:00,66468,66547.5,66382.99,66517.99,3025
2026-06-12T03:00:00+00:00,66517.99,66557.5,66253.01,66322.99,3224
2026-06-12T03:30:00+00:00,66322.99,66528.01,66173,66513.01,6013
2026-06-12T04:00:00+00:00,66513.01,66568.01,66328,66558,4244
2026-06-12T04:30:00+00:00,66558,66652.51,66462.99,66578.01,3662
2026-06-12T05:00:00+00:00,66578.01,66672.5,66408,66443,5025
2026-06-12T05:30:00+00:00,66443,66443,65972.99,65993.01,9133
2026-06-12T06:00:00+00:00,65993.01,66187.51,65987.99,66114.99,4500
2026-06-12T06:30:00+00:00,66114.99,66137.49,65888.01,66017.99,1933
2026-06-12T07:00:00+00:00,66017.99,66080,65845,65969.99,2005
2026-06-12T07:30:00+00:00,65969.99,66453.01,65938,66298.01,2041
2026-06-12T08:00:00+00:00,66298.01,66687.51,66242.99,66658,5679
2026-06-12T08:30:00+00:00,66658,66688.01,66432.99,66593.01,4108
2026-06-12T09:00:00+00:00,66593.01,66897.51,66592.99,66878.01,4127
2026-06-12T09:30:00+00:00,66878.01,66957.51,66812.99,66827.99,3239
2026-06-12T10:00:00+00:00,66827.99,66902.51,66572.99,66607.99,3716
2026-06-12T10:30:00+00:00,66607.99,66837.51,66592.99,66798,2613
2026-06-12T11:00:00+00:00,66798,67137.51,66798,67062.5,2929
2026-06-12T11:30:00+00:00,67062.5,67082.51,66962.99,67002.51,2861
2026-06-12T12:00:00+00:00,67002.51,67022.5,66757.99,66792.51,3248
2026-06-12T12:30:00+00:00,66792.51,66862.51,66582.99,66643.01,4447
2026-06-12T13:00:00+00:00,66643.01,66777.51,66567.99,66773.01,3378
2026-06-12T13:30:00+00:00,66773.01,66837.49,66332.99,66582.99,12623
2026-06-12T14:00:00+00:00,66582.99,67000,66568.01,66812.49,11346
2026-06-12T14:30:00+00:00,66812.49,67157.51,66542.99,67132.5,11738
2026-06-12T15:00:00+00:00,67132.5,67295,67052.99,67257.5,6869
2026-06-12T15:30:00+00:00,67257.5,67345.01,66832.99,66867.49,8248
2026-06-12T16:00:00+00:00,66867.49,67238.01,66763,67107.99,9416
2026-06-12T16:30:00+00:00,67107.99,67267.51,67097.99,67218,4192
2026-06-12T17:00:00+00:00,67218,67412.51,67217.99,67247.5,3618
2026-06-12T17:30:00+00:00,67247.5,67252.51,67102.99,67158.01,4237.438743038982
2026-06-12T18:00:00+00:00,67158.01,67230.52999999998,67083.51,67188.52999999998,4551
2026-06-12T18:30:00+00:00,67188.52999999998,67283.02999999998,67163.51,67173.01999999999,3381
2026-06-12T19:00:00+00:00,67173.01999999999,67270.51999999999,67163.51,67228.02999999998,4121
2026-06-12T19:30:00+00:00,67228.02999999998,67258.02999999998,67058.51,67118.51,5365
2026-06-12T20:00:00+00:00,67118.51,67193.01999999999,67103.51,67173.02999999998,569
2026-06-12T20:30:00+00:00,67173.02999999998,67265.51,67158.51,67250.51999999999,258
2026-06-14T22:00:00+00:00,67260,68693.01,67260,68173.01,980
2026-06-14T22:30:00+00:00,68173.01,68387.99,68088,68222.99,427
2026-06-14T23:00:00+00:00,68222.99,68372.5,68153.01,68193,1015
2026-06-14T23:30:00+00:00,68193,68490.01,68082.99,68478.01,2726
2026-06-15T00:00:00+00:00,68478.01,69048.01,68403,69013,10030
2026-06-15T00:30:00+00:00,69013,69437.5,68997.99,69407.99,7198
2026-06-15T01:00:00+00:00,69407.99,69587.5,69232.99,69363.01,7438
2026-06-15T01:30:00+00:00,69363.01,69700.01,69222.49,69617.99,7494
2026-06-15T02:00:00+00:00,69617.99,69682.51,69523,69607.99,5012
2026-06-15T02:30:00+00:00,69607.99,69662.51,69517.51,69612.99,2599
2026-06-15T03:00:00+00:00,69612.99,69717.51,69533.01,69573.01,2247
2026-06-15T03:30:00+00:00,69573.01,69622.99,69272.99,69288.01,5265
2026-06-15T04:00:00+00:00,69288.01,69377.51,69187.99,69338,3860
2026-06-15T04:30:00+00:00,69338,69343.01,69172.99,69248.01,3065
2026-06-15T05:00:00+00:00,69248.01,69357.51,69222.99,69302.99,3349
2026-06-15T05:30:00+00:00,69302.99,69342.5,69082.99,69327.99,3980
2026-06-15T06:00:00+00:00,69327.99,69452.5,69262.99,69438.01,2569
2026-06-15T06:30:00+00:00,69438.01,69487.49,69158.01,69300.01,1673
2026-06-15T07:00:00+00:00,69300.01,69357.49,69197.99,69250,1590
2026-06-15T07:30:00+00:00,69250,69317.51,69182.99,69257.49,1061
2026-06-15T08:00:00+00:00,69257.49,69574.99,69187.99,69557.49,2586
2026-06-15T08:30:00+00:00,69557.49,69557.49,69262.99,69327.5,1701
2026-06-15T09:00:00+00:00,69327.5,69402.51,69157.99,69227.5,1559
2026-06-15T09:30:00+00:00,69227.5,69257.5,69127.5,69212.51,1204
2026-06-15T10:00:00+00:00,69212.51,69247.51,69135.01,69232.5,1085
2026-06-15T10:30:00+00:00,69232.5,69252.51,69155,69225,1078
2026-06-15T11:00:00+00:00,69225,69317.5,69225,69285,1190
2026-06-15T11:30:00+00:00,69285,69322.51,69165.01,69277.49,1443
2026-06-15T12:00:00+00:00,69277.49,69292.51,69172.99,69213.01,1391
2026-06-15T12:30:00+00:00,69213.01,69325,69202.51,69322.49,1466
2026-06-15T13:00:00+00:00,69322.49,69332.5,69203,69260.01,1596
2026-06-15T13:30:00+00:00,69260.01,69364.99,69072.99,69072.99,7468
2026-06-15T14:00:00+00:00,69072.99,69265.01,69042.49,69255.01,5315
2026-06-15T14:30:00+00:00,69255.01,69327.49,69204.99,69247.51,3687
2026-06-15T15:00:00+00:00,69247.51,69272.5,69132.49,69262.5,2220
2026-06-15T15:30:00+00:00,69262.5,69592.51,69262.5,69562.51,1621
2026-06-15T16:00:00+00:00,69562.51,69625.01,69532.49,69610.01,1256
2026-06-15T16:30:00+00:00,69610.01,69650.01,69587.5,69640,1278
2026-06-15T17:00:00+00:00,69640,69682.51,69597.5,69669.99,1326
2026-06-15T17:30:00+00:00,69669.99,69680.01,69613.01,69657.51,933
2026-06-15T18:00:00+00:00,69657.51,69782.51,69594.99,69677.51,1405
2026-06-15T18:30:00+00:00,69677.51,69772.51,69645.01,69717.49,1161
2026-06-15T19:00:00+00:00,69717.49,69735,69612.51,69615,1219
2026-06-15T19:30:00+00:00,69615,69714.99,69602.49,69700.01,1935
2026-06-15T20:00:00+00:00,69700.01,69702.51,69597.99,69613,720
2026-06-15T20:30:00+00:00,69613,69682.49,69613,69652.51,516
2026-06-15T22:00:00+00:00,69652.51,69658.01,69293,69338,367
2026-06-15T22:30:00+00:00,69338,69438.01,69313,69383.01,288
2026-06-15T23:00:00+00:00,69383.01,69503,69363.01,69487.99,245
2026-06-15T23:30:00+00:00,69487.99,69643.01,69372.99,69442.99,1187
2026-06-16T00:00:00+00:00,69442.99,69627.5,69128.01,69423,6653
2026-06-16T00:30:00+00:00,69423,69538.01,69192.99,69243,6855
2026-06-16T01:00:00+00:00,69243,69372.49,69142.99,69193,5292
2026-06-16T01:30:00+00:00,69193,69322.49,69153,69232.51,3544
2026-06-16T02:00:00+00:00,69232.51,69328.01,69118,69268.01,3235
2026-06-16T02:30:00+00:00,69268.01,69333,69198,69233,1060
2026-06-16T03:00:00+00:00,69233,69473,69163,69463.01,1633
2026-06-16T03:30:00+00:00,69463.01,70032.51,69442.99,69688,5188
2026-06-16T04:00:00+00:00,69688,69827.5,69603.01,69727.5,4271
2026-06-16T04:30:00+00:00,69727.5,69802.49,69487.99,69502.99,3305
2026-06-16T05:00:00+00:00,69502.99,69762.51,69502.99,69623,3453
2026-06-16T05:30:00+00:00,69623,69637.51,69327.99,69378,3482
2026-06-16T06:00:00+00:00,69378,69512.49,69332.99,69417.5,2664
2026-06-16T06:30:00+00:00,69417.5,69507.49,69253,69417.51,1576
2026-06-16T07:00:00+00:00,69417.51,69599.99,69417.51,69575,807
2026-06-16T07:30:00+00:00,69575,69717.5,69552.99,69677.5,975
2026-06-16T08:00:00+00:00,69677.5,69735.01,69593,69692.51,1640
2026-06-16T08:30:00+00:00,69692.51,69762.49,69527.99,69705,1239
2026-06-16T09:00:00+00:00,69705,69767.51,69552.51,69572.51,1210
2026-06-16T09:30:00+00:00,69572.51,69612.49,69457.99,69490,787
2026-06-16T10:00:00+00:00,69490,69635.01,69483,69617.51,516
2026-06-16T10:30:00+00:00,69617.51,69722.51,69607.49,69697.5,676
2026-06-16T11:00:00+00:00,69697.5,69755.01,69610,69692.5,1057
2026-06-16T11:30:00+00:00,69692.5,69784.99,69639.99,69745.01,1070
2026-06-16T12:00:00+00:00,69745.01,69830.01,69647.49,69703.01,1586
2026-06-16T12:30:00+00:00,69703.01,69732.51,69642.99,69667.5,1521
2026-06-16T13:00:00+00:00,69667.5,69675.01,69567.49,69592.51,1334
2026-06-16T13:30:00+00:00,69592.51,69965.01,69584.99,69822.5,4283
2026-06-16T14:00:00+00:00,69822.5,70002.51,69573,69573,5654
2026-06-16T14:30:00+00:00,69573,69637.51,69402.99,69460.01,6654
2026-06-16T15:00:00+00:00,69460.01,69612.51,69332.49,69404.99,5417
2026-06-16T15:30:00+00:00,69404.99,69447.5,69169.99,69335,5572
2026-06-16T16:00:00+00:00,69335,69507.5,69330,69457.5,3574
2026-06-16T16:30:00+00:00,69457.5,69460.01,69313.01,69370.01,4322
2026-06-16T17:00:00+00:00,69370.01,69372.5,69225,69275.01,2597
2026-06-16T17:30:00+00:00,69275.01,69417.51,69212.51,69387.5,1996
2026-06-16T18:00:00+00:00,69387.5,69422.51,69317.5,69367.5,1401
2026-06-16T18:30:00+00:00,69367.5,69372.51,69244.99,69270,1716
2026-06-16T19:00:00+00:00,69270,69317.51,69102.49,69249.99,3380
2026-06-16T19:30:00+00:00,69249.99,69287.51,69068,69097.5,3768
2026-06-16T20:00:00+00:00,69097.5,69097.99,69032.99,69062.99,624
2026-06-16T20:30:00+00:00,69062.99,69087.5,69007.99,69032.49,268.0126126126126
2026-06-16T22:00:00+00:00,69027.49,69143,69027.49,69082.99,265
2026-06-16T22:30:00+00:00,69082.99,69137.99,69052.99,69068.01,173
2026-06-16T23:00:00+00:00,69068.01,69068.01,68912.99,69027.51,249.14285714285714
2026-06-16T23:30:00+00:00,69027.51,69087.51,68782.99,68803.01,1173
2026-06-17T00:00:00+00:00,68803.01,69678.01,68793.01,69418.01,6174
2026-06-17T00:30:00+00:00,69418.01,69678,69318.01,69618.01,4660
2026-06-17T01:00:00+00:00,69618.01,69823,69493.01,69802.99,2670
2026-06-17T01:30:00+00:00,69802.99,69957.51,69747.99,69893,1731
2026-06-17T02:00:00+00:00,69893,69958.01,69772.99,69948,1337
2026-06-17T02:30:00+00:00,69948,69962.51,69828,69883,787
2026-06-17T03:00:00+00:00,69883,69917.51,69797.99,69857.99,719
2026-06-17T03:30:00+00:00,69857.99,70174.99,69757.99,70158.01,2112
2026-06-17T04:00:00+00:00,70158.01,70174.99,69927.99,69962.5,1998
2026-06-17T04:30:00+00:00,69962.5,69967.5,69662.99,69882.99,1923
2026-06-17T05:00:00+00:00,69882.99,70037.51,69867.99,69953,1956
2026-06-17T05:30:00+00:00,69953,70077.51,69923,69987.49,1298
2026-06-17T06:00:00+00:00,69987.49,70065,69952.99,70035.01,1308
2026-06-17T06:30:00+00:00,70035.01,70035.01,69812.51,69997.5,1002
2026-06-17T07:00:00+00:00,69997.5,70112.5,69950,69979.99,660
2026-06-17T07:30:00+00:00,69979.99,70077.5,69943,69972.51,768
2026-06-17T08:00:00+00:00,69972.51,70022.51,69792.51,69802.49,1747
2026-06-17T08:30:00+00:00,69802.49,69857.49,69692.49,69852.5,1424
2026-06-17T09:00:00+00:00,69852.5,69887.5,69802.5,69887.49,970
2026-06-17T09:30:00+00:00,69887.49,69917.5,69779.99,69854.99,1204
2026-06-17T10:00:00+00:00,69854.99,69980.01,69768.01,69942.51,1403
2026-06-17T10:30:00+00:00,69942.51,70037.51,69902.99,69937.49,1049
2026-06-17T11:00:00+00:00,69937.49,70017.5,69912.49,69975.01,883
2026-06-17T11:30:00+00:00,69975.01,70037.5,69920,69987.51,1009
2026-06-17T12:00:00+00:00,69987.51,70157.49,69982.5,70123,1108
2026-06-17T12:30:00+00:00,70123,70285,70123,70235,1272
2026-06-17T13:00:00+00:00,70235,70287.51,70174.99,70279.99,1573
2026-06-17T13:30:00+00:00,70279.99,70405,70102.49,70107.51,5919
2026-06-17T14:00:00+00:00,70107.51,70604.99,70058.01,70500.01,5771
2026-06-17T14:30:00+00:00,70500.01,70605,70208,70383.01,7993
2026-06-17T15:00:00+00:00,70383.01,70572.51,70337.49,70522.51,3821
2026-06-17T15:30:00+00:00,70522.51,70672.51,70483.01,70655.01,1613
2026-06-17T16:00:00+00:00,70655.01,70770.01,70655.01,70745.01,1446
2026-06-17T16:30:00+00:00,70745.01,70767.5,70632.49,70700,1635
2026-06-17T17:00:00+00:00,70700,70742.49,70548,70714.99,2501
2026-06-17T17:30:00+00:00,70714.99,70818,70662.49,70808.01,1469
2026-06-17T18:00:00+00:00,70808.01,70808.01,70002.99,70307.51,13908
2026-06-17T18:30:00+00:00,70307.51,70927.51,70203,70557.51,18982
2026-06-17T19:00:00+00:00,70557.51,70732.49,70082.99,70152.51,16563
2026-06-17T19:30:00+00:00,70152.51,70232.5,69727.99,69823.01,17102
2026-06-17T20:00:00+00:00,69823.01,69972.51,69697.99,69913.01,2504
2026-06-17T20:30:00+00:00,69913.01,70007.51,69817.99,69887.5,947
2026-06-17T22:00:00+00:00,69887.5,70137.49,69707.99,70092.99,506
2026-06-17T22:30:00+00:00,70092.99,70328,70087.99,70218,397
2026-06-17T23:00:00+00:00,70218,70862.49,70168.01,70767.5,674
2026-06-17T23:30:00+00:00,70767.5,70827.51,70252.99,70528,2835
2026-06-18T00:00:00+00:00,70528,71442.49,70352.99,71257.5,12591
2026-06-18T00:30:00+00:00,71257.5,71467.51,70887.99,71003.01,13286
2026-06-18T01:00:00+00:00,71003.01,71457.51,70982.99,71178,11621
2026-06-18T01:30:00+00:00,71178,71343.01,71062.99,71163.01,8306
2026-06-18T02:00:00+00:00,71163.01,71297.5,71052.99,71088,6093
2026-06-18T02:30:00+00:00,71088,71112.49,70868,70903.01,2152
2026-06-18T03:00:00+00:00,70903.01,70942.5,70787.99,70892.49,1879
2026-06-18T03:30:00+00:00,70892.49,71292.51,70802.99,71278.01,4860
2026-06-18T04:00:00+00:00,71278.01,71408,71172.99,71257.99,4007
2026-06-18T04:30:00+00:00,71257.99,71327.5,71088.01,71167.99,3496
2026-06-18T05:00:00+00:00,71167.99,71312.5,71117.99,71267.99,2138
2026-06-18T05:30:00+00:00,71267.99,71372.5,71143.01,71212.99,3144
2026-06-18T06:00:00+00:00,71212.99,71332.51,71095.01,71190,3735
2026-06-18T06:30:00+00:00,71190,71355.01,71048,71355.01,1488
2026-06-18T07:00:00+00:00,71355.01,71467.49,71277.99,71443,1075
2026-06-18T07:30:00+00:00,71443,71505.01,71363.01,71502.5,951
2026-06-18T08:00:00+00:00,71502.5,71652.49,71333,71342.49,2450
2026-06-18T08:30:00+00:00,71342.49,71442.5,71232.5,71237.49,1945
2026-06-18T09:00:00+00:00,71237.49,71350,71187.49,71302.51,1828
2026-06-18T09:30:00+00:00,71302.51,71567.51,71272.99,71567.51,1138
2026-06-18T10:00:00+00:00,71567.51,71605,71432.5,71472.49,1175
2026-06-18T10:30:00+00:00,71472.49,71512.5,71297.5,71370,1337
2026-06-18T11:00:00+00:00,71370,71392.51,71133,71232.51,2742
2026-06-18T11:30:00+00:00,71232.51,71292.49,71112.49,71277.49,1962
2026-06-18T12:00:00+00:00,71277.49,71472.51,71244.99,71413,1731
2026-06-18T12:30:00+00:00,71413,71617.51,71407.99,71570,1304
2026-06-18T13:00:00+00:00,71570,71642.5,71447.5,71610,2057
2026-06-18T13:30:00+00:00,71610,71767.51,71537.51,71673,8526
2026-06-18T14:00:00+00:00,71673,71875.01,71607.99,71727.5,5567
2026-06-18T14:30:00+00:00,71727.5,71780.01,71637.49,71727.5,4682
2026-06-18T15:00:00+00:00,71727.5,71855.01,71712.99,71750,4394
2026-06-18T15:30:00+00:00,71750,71810.01,71535,71804.99,5542
2026-06-18T16:00:00+00:00,71804.99,72009.99,71795.01,71972.5,3337
2026-06-18T16:30:00+00:00,71972.5,72075,71917.49,71972.5,2241
2026-06-18T17:00:00+00:00,71972.5,72087.5,71917.49,72060.01,2110
2026-06-18T17:30:00+00:00,72060.01,72117.5,72042.49,72059.99,1192
2026-06-18T18:00:00+00:00,72059.99,72145.01,72025,72089.99,1742
2026-06-18T18:30:00+00:00,72089.99,72140,72015,72117.5,1509
2026-06-18T19:00:00+00:00,72117.5,72135,71897.99,72029.99,2325
2026-06-18T19:30:00+00:00,72029.99,72122.5,71894.99,71977.49,2276
2026-06-18T20:00:00+00:00,71977.49,72017.51,71897.99,72002.5,642
2026-06-18T20:30:00+00:00,72002.5,72032.5,71837.99,71900,291
2026-06-18T22:00:00+00:00,71900,71900,71732.99,71758,147
2026-06-18T22:30:00+00:00,71758,71818,71702.99,71797.99,158
2026-06-18T23:00:00+00:00,71797.99,71947.51,71787.99,71887.99,382
2026-06-18T23:30:00+00:00,71887.99,72248,71718.01,72183,1421
2026-06-19T00:00:00+00:00,72183,72183.01,71342.99,71553,9547
2026-06-19T00:30:00+00:00,71553,71790.01,71513,71678,8459
2026-06-19T01:00:00+00:00,71678,71832.49,71598,71648,5339
2026-06-19T01:30:00+00:00,71648,71763.01,71363,71397.5,4555
2026-06-19T02:00:00+00:00,71397.5,71537.51,71322.99,71512.99,2546
2026-06-19T02:30:00+00:00,71512.99,71672.5,71473,71503,1243
2026-06-19T03:00:00+00:00,71503,71555,71250.51,71275.51,1728.241730612245
2026-06-19T03:30:00+00:00,71275.51,71355.01,71065.51,71205.51,4933
2026-06-19T04:00:00+00:00,71205.51,71310.5,71035.51,71120.49,3520
2026-06-19T04:30:00+00:00,71120.49,71155.49,70730.51,70860.51,3503
2026-06-19T05:00:00+00:00,70860.51,71045,70835.49,70955.49,4287
2026-06-19T05:30:00+00:00,70955.49,71065.5,70820.49,71065.5,3591
2026-06-19T06:00:00+00:00,71065.5,71450,71040.49,71412.49,3202
2026-06-19T06:30:00+00:00,71412.49,71609.99,71360.51,71560.5,1992
2026-06-19T07:00:00+00:00,71560.5,71665,71545.5,71615.49,831
2026-06-19T07:30:00+00:00,71615.49,71750.01,71575.49,71730,868
2026-06-19T08:00:00+00:00,71730,71870.01,71675.49,71780.5,1755
2026-06-19T08:30:00+00:00,71780.5,71897.5,71742.49,71817.49,1066
2026-06-19T09:00:00+00:00,71817.49,71880.01,71770,71805.01,1127
2026-06-19T09:30:00+00:00,71805.01,71942.49,71805.01,71889.99,1236
2026-06-19T10:00:00+00:00,71889.99,71940,71762.5,71777.49,1171
2026-06-19T10:30:00+00:00,71777.49,71784.99,71635,71680.01,1613
2026-06-19T11:00:00+00:00,71680.01,71692.51,71560.5,71642.51,1932
2026-06-19T11:30:00+00:00,71642.51,71795,71637.5,71750.01,1275
2026-06-19T12:00:00+00:00,71750.01,71777.5,71687.49,71727.5,1033
2026-06-19T12:30:00+00:00,71727.5,72112.5,71635.49,72084.99,2986
2026-06-19T13:00:00+00:00,72084.99,72145,72005.51,72085,1756
2026-06-19T13:30:00+00:00,72085,72117.51,71977.5,72027.5,1755
2026-06-19T14:00:00+00:00,72027.5,72085,71952.5,72069.99,1452
2026-06-19T14:30:00+00:00,72069.99,72105.01,72027.5,72060.01,946
2026-06-19T15:00:00+00:00,72060.01,72095.01,71979.99,72010.01,879
2026-06-19T15:30:00+00:00,72010.01,72035.01,71942.49,71997.49,1054
2026-06-19T16:00:00+00:00,71997.49,72054.99,71989.99,72044.99,518
2026-06-19T16:30:00+00:00,72044.99,72062.51,71900.49,71925.5,906
2026-06-19T17:00:00+00:00,71925.5,71968.40000000001,71857.3,71879.8,229.36979494300078
2026-06-19T17:30:00+00:00,71879.8,71905.60000000003,71871.79999999999,71905.60000000003,156.03220308040898
2026-06-19T18:00:00+00:00,71905.60000000003,71909.90000000001,71872.70000000001,71875.20000000001,90.44028497492789
2026-06-19T18:30:00+00:00,71869.3,71873.1,71851.30000000002,71854.99999999999,201.35668356356047
2026-06-19T19:00:00+00:00,71854.99999999999,71873.59999999999,71829.9,71831.9,253.60648172689253
2026-06-19T19:30:00+00:00,71831.9,71843.19999999997,71791.89999999998,71811.09999999996,769.2397251579915
2026-06-21T22:00:00+00:00,71928,71928,71158,71523.01,781
2026-06-21T22:30:00+00:00,71523.01,71662.49,71487.99,71598,358
2026-06-21T23:00:00+00:00,71598,71774.99,71332.99,71582.99,667
2026-06-21T23:30:00+00:00,71582.99,71633.01,71252.99,71327.99,2110
2026-06-22T00:00:00+00:00,71327.99,72157.5,71292.99,71963.01,10397
2026-06-22T00:30:00+00:00,71963.01,72578,71852.99,72493,6807
2026-06-22T01:00:00+00:00,72493,72908.01,72468,72733.01,5695
2026-06-22T01:30:00+00:00,72733.01,72918.01,72588,72843.01,4041
2026-06-22T02:00:00+00:00,72843.01,72967.5,72807.99,72828.01,2182
2026-06-22T02:30:00+00:00,72828.01,72848,72693,72712.5,969
2026-06-22T03:00:00+00:00,72712.5,72800.49,72627.99,72780.51,888.6281627463445
2026-06-22T03:30:00+00:00,72780.51,73040,72780.51,72820.49,1849
2026-06-22T04:00:00+00:00,72820.49,72855,72585.5,72590.51,1930
2026-06-22T04:30:00+00:00,72590.51,72780.51,72500.49,72735.51,2642
2026-06-22T05:00:00+00:00,72735.51,72815.51,72635.5,72725.49,1813
2026-06-22T05:30:00+00:00,72725.49,72744.99,72515.49,72540.51,1667
2026-06-22T06:00:00+00:00,72540.51,72690.01,72505.49,72657.51,2121
2026-06-22T06:30:00+00:00,72657.51,72865.01,72495.49,72825.01,1185
2026-06-22T07:00:00+00:00,72825.01,72960,72815,72909.99,1082
2026-06-22T07:30:00+00:00,72909.99,72917.51,72735.49,72770.51,787
2026-06-22T08:00:00+00:00,72770.51,72805,72560.49,72729.99,2325
2026-06-22T08:30:00+00:00,72729.99,72937.5,72675.5,72935,1559
2026-06-22T09:00:00+00:00,72935,73185,72905.49,73157.49,1832
2026-06-22T09:30:00+00:00,73157.49,73232.51,73090.01,73095.01,1679
2026-06-22T10:00:00+00:00,73095.01,73355,73075.49,73317.5,1518
2026-06-22T10:30:00+00:00,73317.5,73317.5,73190,73207.51,1165
2026-06-22T11:00:00+00:00,73207.51,73489.99,73207.49,73260.01,2646
2026-06-22T11:30:00+00:00,73260.01,73337.5,73250,73319.99,1327
2026-06-22T12:00:00+00:00,73319.99,73457.49,73287.51,73452.49,1210
2026-06-22T12:30:00+00:00,73452.49,73477.51,73274.99,73277.51,1008
2026-06-22T13:00:00+00:00,73277.51,73464.99,73277.51,73464.99,2111
2026-06-22T13:30:00+00:00,73464.99,73620.01,73365,73562.49,6083
2026-06-22T14:00:00+00:00,73562.49,73719.99,73445,73462.5,4245
2026-06-22T14:30:00+00:00,73462.5,73472.49,73060.51,73205.01,8661
2026-06-22T15:00:00+00:00,73205.01,73287.51,73015,73105,5470
2026-06-22T15:30:00+00:00,73105,73245,72974.99,72995.01,4306
2026-06-22T16:00:00+00:00,72995.01,73127.5,72890.49,73082.5,3888
2026-06-22T16:30:00+00:00,73082.5,73180.01,72969.99,73125,2909
2026-06-22T17:00:00+00:00,73125,73129.99,72965.49,73025,1597
2026-06-22T17:30:00+00:00,73025,73107.5,72939.99,73044.99,1652
2026-06-22T18:00:00+00:00,73044.99,73120,73012.49,73065,1076
2026-06-22T18:30:00+00:00,73065,73102.51,72929.99,72942.5,1665
2026-06-22T19:00:00+00:00,72942.5,73022.51,72897.49,72937.51,2112
2026-06-22T19:30:00+00:00,72937.51,73127.5,72934.99,73090.5,2266
2026-06-22T20:00:00+00:00,73090.5,73145,73060.5,73079.99,766
2026-06-22T20:30:00+00:00,73079.99,73120.01,73035.49,73050.49,238.12804944161337
2026-06-22T22:00:00+00:00,73047.99,73187.99,72973,73048,278
2026-06-22T22:30:00+00:00,73048,73048.01,72922.99,72942.99,345
2026-06-22T23:00:00+00:00,72942.99,72972.51,72838,72952.99,258.7541341661423
2026-06-22T23:30:00+00:00,72952.99,73042.5,72657.99,72773,1975
2026-06-23T00:00:00+00:00,72773,72798,71903,71913.01,10642
2026-06-23T00:30:00+00:00,71913.01,72353.01,71888,72213.01,10706
2026-06-23T01:00:00+00:00,72213.01,72443.01,72122.99,72258,8463
2026-06-23T01:30:00+00:00,72258,72308.01,71672.99,71678,8798
2026-06-23T02:00:00+00:00,71678,71867.49,71532.99,71818,7638
2026-06-23T02:30:00+00:00,71818,71842.49,71608,71638.01,3564
2026-06-23T03:00:00+00:00,71638.01,71667.51,71518,71567.49,3466
2026-06-23T03:30:00+00:00,71567.49,71597.51,71182.99,71588,8628
2026-06-23T04:00:00+00:00,71588,71692.5,71232.99,71303,6712
2026-06-23T04:30:00+00:00,71303,71332.51,70978.01,71037.99,5489
2026-06-23T05:00:00+00:00,71037.99,71202.51,70587.99,70652.99,7500
2026-06-23T05:30:00+00:00,70652.99,70672.49,70218,70318.01,7254
2026-06-23T06:00:00+00:00,70318.01,70477.49,69972.99,70010,7854
2026-06-23T06:30:00+00:00,70010,70052.49,69732.99,69802.5,3803
2026-06-23T07:00:00+00:00,69802.5,70139.99,69663.01,69822.99,2723
2026-06-23T07:30:00+00:00,69822.99,69888.01,69492.99,69563,3002
2026-06-23T08:00:00+00:00,69563,69602.49,68913.01,68957.99,8120
2026-06-23T08:30:00+00:00,68957.99,69302.51,68933,69158,6925
2026-06-23T09:00:00+00:00,69158,69655.01,69147.99,69608,5073
2026-06-23T09:30:00+00:00,69608,69613,69422.99,69488.01,3401
2026-06-23T10:00:00+00:00,69488.01,69602.51,69322.99,69338.01,3232
2026-06-23T10:30:00+00:00,69338.01,69347.49,69092.99,69207.51,3115
2026-06-23T11:00:00+00:00,69207.51,69323,69072.99,69202.99,3784
2026-06-23T11:30:00+00:00,69202.99,69397.51,69153,69363,2427
2026-06-23T12:00:00+00:00,69363,69412.51,68937.99,69053,2882
2026-06-23T12:30:00+00:00,69053,69092.51,68848,68985,3570
2026-06-23T13:00:00+00:00,68985,68997.51,68462.99,68503.01,4601
2026-06-23T13:30:00+00:00,68503.01,69132.51,68392.99,69118.01,16264
2026-06-23T14:00:00+00:00,69118.01,69577.5,69087.99,69348.01,11305
2026-06-23T14:30:00+00:00,69348.01,69397.51,69017.99,69158.01,11329
2026-06-23T15:00:00+00:00,69158.01,69272.5,68958.01,69013.01,6812
2026-06-23T15:30:00+00:00,69013.01,69317.5,68947.99,69267.99,6378
2026-06-23T16:00:00+00:00,69267.99,69457.51,69247.99,69362.5,4475
2026-06-23T16:30:00+00:00,69362.5,69434.99,69277.99,69348,3380
2026-06-23T17:00:00+00:00,69348,69512.5,69188.01,69438.01,4058
2026-06-23T17:30:00+00:00,69438.01,69447.51,69148,69157.49,4361
2026-06-23T18:00:00+00:00,69157.49,69297.5,69138.01,69182.51,3966
2026-06-23T18:30:00+00:00,69182.51,69212.51,68958,69112.99,4556
2026-06-23T19:00:00+00:00,69112.99,69377.49,69083,69342.49,6726
2026-06-23T19:30:00+00:00,69342.49,69370.01,69112.49,69122.51,7327
2026-06-23T20:00:00+00:00,69122.51,69242.51,69077.99,69223,1586
2026-06-23T20:30:00+00:00,69223,69282.51,69183.01,69280,508
2026-06-23T22:00:00+00:00,69285,69398.01,69187.99,69213.01,512
2026-06-23T22:30:00+00:00,69213.01,69277.5,69127.99,69247.99,638
2026-06-23T23:00:00+00:00,69247.99,69337.99,69052.99,69308,559
2026-06-23T23:30:00+00:00,69308,69807.99,69298,69698,3260
2026-06-24T00:00:00+00:00,69698,70313.01,69373,70072.99,16829
2026-06-24T00:30:00+00:00,70072.99,70120.01,69383,69662.49,15355
2026-06-24T01:00:00+00:00,69662.49,69697.5,69228,69522.5,15209
2026-06-24T01:30:00+00:00,69522.5,69823.01,69468.01,69698.01,11707
2026-06-24T02:00:00+00:00,69698.01,69903.01,69377.99,69657.49,9612
2026-06-24T02:30:00+00:00,69657.49,69722.51,69052.99,69067.51,7430
2026-06-24T03:00:00+00:00,69067.51,69432.51,69027.99,69432.5,7768
2026-06-24T03:30:00+00:00,69432.5,69502.51,69003,69218.01,10343
2026-06-24T04:00:00+00:00,69218.01,69242.5,68567.99,68692.99,8759
2026-06-24T04:30:00+00:00,68692.99,69267.51,68657.99,69203.01,10879
2026-06-24T05:00:00+00:00,69203.01,69732.51,69198.01,69563,8285
2026-06-24T05:30:00+00:00,69563,69797.51,69422.99,69457.99,7286
2026-06-24T06:00:00+00:00,69457.99,69512.51,69233.01,69337.49,4457
2026-06-24T06:30:00+00:00,69337.49,69622.49,69218,69507.99,2472
2026-06-24T07:00:00+00:00,69507.99,69517.51,69318,69367.5,2301
2026-06-24T07:30:00+00:00,69367.5,69487.51,69182.99,69283.01,2342
2026-06-24T08:00:00+00:00,69283.01,69562.51,69212.99,69473,5188
2026-06-24T08:30:00+00:00,69473,69608.01,69447.99,69533.01,3754
2026-06-24T09:00:00+00:00,69533.01,69585.01,69412.49,69468.01,3744
2026-06-24T09:30:00+00:00,69468.01,69507.51,69267.99,69413,3058
2026-06-24T10:00:00+00:00,69413,69557.5,69302.99,69552.99,2718
2026-06-24T10:30:00+00:00,69552.99,69767.5,69472.99,69487.99,3034
2026-06-24T11:00:00+00:00,69487.99,69632.5,69363,69467.99,3178
2026-06-24T11:30:00+00:00,69467.99,69810,69467.99,69747.99,4111
2026-06-24T12:00:00+00:00,69747.99,69817.51,69602.99,69702.99,3615
2026-06-24T12:30:00+00:00,69702.99,69732.99,69464.99,69495.01,2245
2026-06-24T13:00:00+00:00,69495.01,69547.5,69253.01,69378.01,3779
2026-06-24T13:30:00+00:00,69378.01,69632.51,69032.99,69458,15242
2026-06-24T14:00:00+00:00,69458,69527.51,69127.99,69412.51,14240
2026-06-24T14:30:00+00:00,69412.51,69815.01,69408,69754.99,9426
2026-06-24T15:00:00+00:00,69754.99,69789.99,69497.99,69725,6428
2026-06-24T15:30:00+00:00,69725,69782.51,69573,69632.51,4874
2026-06-24T16:00:00+00:00,69632.51,69730.01,69562.99,69662.99,4538
2026-06-24T16:30:00+00:00,69662.99,69684.99,69377.99,69403.01,5335
2026-06-24T17:00:00+00:00,69403.01,69517.49,68978,68993.01,7681
2026-06-24T17:30:00+00:00,68993.01,69182.51,68898,69063,6195
2026-06-24T18:00:00+00:00,69063,69412.51,69033,69392.51,6445
2026-06-24T18:30:00+00:00,69392.51,69407.51,69042.99,69103,5056
2026-06-24T19:00:00+00:00,69103,69232.51,68932.99,69182.51,6665
2026-06-24T19:30:00+00:00,69182.51,69492.51,69137.99,69470.01,7347
2026-06-24T20:00:00+00:00,69470.01,70752.51,69417.99,70668.01,8489
2026-06-24T20:30:00+00:00,70668.01,71094.99,70577.99,71075.01,3388
2026-06-24T22:00:00+00:00,71075.01,71378.01,70987.99,71192.99,717
2026-06-24T22:30:00+00:00,71192.99,71347.51,71107.99,71262.99,423
2026-06-24T23:00:00+00:00,71262.99,71432.99,71212.99,71362.99,485
2026-06-24T23:30:00+00:00,71362.99,71463.01,71072.99,71407.99,3946
2026-06-25T00:00:00+00:00,71407.99,71482.99,70808,70943.01,17738
2026-06-25T00:30:00+00:00,70943.01,71248.01,70762.99,71168.01,13310
2026-06-25T01:00:00+00:00,71168.01,71418.01,71087.99,71362.99,9385
2026-06-25T01:30:00+00:00,71362.99,71880,71327.99,71852.51,7227
2026-06-25T02:00:00+00:00,71852.51,72012.51,71592.99,71968,7313
2026-06-25T02:30:00+00:00,71968,72032.51,71863.01,71972.5,3629
2026-06-25T03:00:00+00:00,71972.5,72117.51,71912.99,72047.51,2990
2026-06-25T03:30:00+00:00,72047.51,72182.5,72002.99,72137.99,5076
2026-06-25T04:00:00+00:00,72137.99,72197.5,71948,72017.5,3558
2026-06-25T04:30:00+00:00,72017.5,72227.51,71892.99,72167.99,2954
2026-06-25T05:00:00+00:00,72167.99,72405.01,72167.99,72312.5,3152
2026-06-25T05:30:00+00:00,72312.5,72532.51,72288,72473,4012
2026-06-25T06:00:00+00:00,72473,72697.49,72433.01,72489.99,2947
2026-06-25T06:30:00+00:00,72489.99,72592.51,72372.51,72397.51,1900
2026-06-25T07:00:00+00:00,72397.51,72602.5,72393,72507.5,1079
2026-06-25T07:30:00+00:00,72507.5,72602.51,72477.99,72602.51,711
2026-06-25T08:00:00+00:00,72602.51,72637.49,72357.99,72372.5,2433
2026-06-25T08:30:00+00:00,72372.5,72460.01,72298.01,72347.5,1664
2026-06-25T09:00:00+00:00,72347.5,72585,72343,72438.01,1621
2026-06-25T09:30:00+00:00,72438.01,72522.51,72407.51,72457.51,1191
2026-06-25T10:00:00+00:00,72457.51,72522.5,72417.99,72487.51,990
2026-06-25T10:30:00+00:00,72487.51,72532.5,72422.49,72485.01,1062
2026-06-25T11:00:00+00:00,72485.01,72577.01,72312.49,72342,1492.0711225364182
2026-06-25T11:30:00+00:00,72342,72457,72287.5,72352.51,1965
2026-06-25T12:00:00+00:00,72352.51,72462.01,72307.49,72307.5,1908
2026-06-25T12:30:00+00:00,72307.5,72707.01,72307.5,72612.5,5283
2026-06-25T13:00:00+00:00,72612.5,72642.01,72297.49,72381.99,2741
2026-06-25T13:30:00+00:00,72381.99,72407.01,70787.49,70822.51,16427
2026-06-25T14:00:00+00:00,70822.51,71726.99,70822.51,71492.51,22621
2026-06-25T14:30:00+00:00,71492.51,71717.01,71322.49,71472,15395
2026-06-25T15:00:00+00:00,71472,71622.01,70952.49,71312,13840
2026-06-25T15:30:00+00:00,71312,71517,71272.49,71342.5,10203
2026-06-25T16:00:00+00:00,71342.5,71792.01,71312.49,71567.49,7351
2026-06-25T16:30:00+00:00,71567.49,71577,71152.49,71287.49,6819
2026-06-25T17:00:00+00:00,71287.49,71522.01,71267.49,71387.5,5801
2026-06-25T17:30:00+00:00,71387.5,71494.49,71282.49,71382.5,5859
2026-06-25T18:00:00+00:00,71382.5,71542.01,71117.49,71507.51,7238
2026-06-25T18:30:00+00:00,71507.51,71512.01,71112.49,71267.5,5439
2026-06-25T19:00:00+00:00,71267.5,71277.01,71037.49,71152.51,6116
2026-06-25T19:30:00+00:00,71152.51,71277.01,70982.49,71276.99,7189
2026-06-25T20:00:00+00:00,71276.99,71507.49,71262.51,71397.5,2333
2026-06-25T20:30:00+00:00,71397.5,71402.01,71217.51,71249.5,718
2026-06-25T22:00:00+00:00,71250,71250,70952.99,71003,546
2026-06-25T22:30:00+00:00,71003,71183.01,70997.99,71167.99,466
2026-06-25T23:00:00+00:00,71167.99,71628.01,71092.99,71582.99,807
2026-06-25T23:30:00+00:00,71582.99,71713.01,70797.99,70978.01,3243
2026-06-26T00:00:00+00:00,70978.01,71428.01,70167.99,70553.01,16104
2026-06-26T00:30:00+00:00,70553.01,70753.01,70282.99,70353.01,16929
2026-06-26T01:00:00+00:00,70353.01,70713.01,70227.99,70403,13746
2026-06-26T01:30:00+00:00,70403,70427.99,69887.99,70028,12727
2026-06-26T02:00:00+00:00,70028,70107.5,69618,69743.01,10080
2026-06-26T02:30:00+00:00,69743.01,69787.51,69262.99,69403.01,7444
2026-06-26T03:00:00+00:00,69403.01,69433.01,69197.99,69308.01,6509
2026-06-26T03:30:00+00:00,69308.01,69368.01,68777.99,69333.01,14340
2026-06-26T04:00:00+00:00,69333.01,69637.49,69212.99,69428,13354
2026-06-26T04:30:00+00:00,69428,69492.51,68842.99,69018,9920
2026-06-26T05:00:00+00:00,69018,69427.51,68942.99,69357.99,9929
2026-06-26T05:30:00+00:00,69357.99,69493.01,69052.99,69223.01,8531
2026-06-26T06:00:00+00:00,69223.01,69517.5,69143.01,69478,5208
2026-06-26T06:30:00+00:00,69478,69852.51,69387.99,69772.51,2901
2026-06-26T07:00:00+00:00,69772.51,69827.51,69482.99,69822.5,1951
2026-06-26T07:30:00+00:00,69822.5,69915.01,69758,69882.5,1470
2026-06-26T08:00:00+00:00,69882.5,70122.5,69588.01,69717.49,3824
2026-06-26T08:30:00+00:00,69717.49,69735.01,69163.01,69207.51,3473
2026-06-26T09:00:00+00:00,69207.51,69355,69157.51,69272.5,3593
2026-06-26T09:30:00+00:00,69272.5,69520,69207.51,69377.51,3157
2026-06-26T10:00:00+00:00,69377.51,69417.5,69212.5,69317.99,3409
2026-06-26T10:30:00+00:00,69317.99,69382.5,69162.99,69302.5,3179
2026-06-26T11:00:00+00:00,69302.5,69417.51,69218.01,69248.01,3586
2026-06-26T11:30:00+00:00,69248.01,69332.5,69098,69203,3275
2026-06-26T12:00:00+00:00,69203,69552.51,69172.99,69402.99,3921
2026-06-26T12:30:00+00:00,69402.99,69427.51,69127.99,69233,3846
2026-06-26T13:00:00+00:00,69233,69322.5,68932.99,69307.99,6038
2026-06-26T13:30:00+00:00,69307.99,69542.51,69102.99,69533,19184
2026-06-26T14:00:00+00:00,69533,70047.49,69502.99,69983.01,14389
2026-06-26T14:30:00+00:00,69983.01,70032.51,69682.49,69762.51,9733
2026-06-26T15:00:00+00:00,69762.51,70022.51,69527.99,70008.01,8553
2026-06-26T15:30:00+00:00,70008.01,70212.51,69808.01,69978,8821
2026-06-26T16:00:00+00:00,69978,70027.5,69692.99,69892.49,6492
2026-06-26T16:30:00+00:00,69892.49,70047.49,69882.99,69983.01,4663
2026-06-26T17:00:00+00:00,69983.01,70132.51,69902.99,70007.99,3780
2026-06-26T17:30:00+00:00,70007.99,70082.51,69803.5,69808.51999999999,3988.191072450498
2026-06-26T18:00:00+00:00,69808.51999999999,69868.01999999999,69663.5,69683.5,3121
2026-06-26T18:30:00+00:00,69683.5,69748.5,69548.5,69598.51999999999,3304
2026-06-26T19:00:00+00:00,69598.51999999999,69818.01999999999,69538.5,69668.5,4421
2026-06-26T19:30:00+00:00,69668.5,69848,69613.5,69693.51,6104
2026-06-26T20:00:00+00:00,69693.51,69753.5,69538.5,69688.51999999999,3755
2026-06-26T20:30:00+00:00,69688.51999999999,69693.51,69478.5,69535.5,1537
2026-06-28T22:00:00+00:00,69544.99,70197.4,69544.99,70062.39,427
2026-06-28T22:30:00+00:00,70062.39,70107.4,70042.38,70047.4,287
2026-06-28T23:00:00+00:00,70047.4,70296.89,70022.4,70112.38,515
2026-06-28T23:30:00+00:00,70112.38,70212.4,69772.38,69782.4,1812
2026-06-29T00:00:00+00:00,69782.4,69832.4,68722.39,68732.39,17848
2026-06-29T00:30:00+00:00,68732.39,69111.88,68182.38,69091.88,16146
2026-06-29T01:00:00+00:00,69091.88,69191.89,68692.38,68707.39,17194
2026-06-29T01:30:00+00:00,68707.39,69334.39,68607.38,69137.38,13990
2026-06-29T02:00:00+00:00,69137.38,69152.38,68617.38,69037.4,8214
2026-06-29T02:30:00+00:00,69037.4,69217.39,69007.38,69117.4,3707
2026-06-29T03:00:00+00:00,69117.4,69296.88,69047.4,69087.4,2635
2026-06-29T03:30:00+00:00,69087.4,69256.9,68767.38,69232.39,7684
2026-06-29T04:00:00+00:00,69232.39,69241.88,68847.4,68872.4,4512
2026-06-29T04:30:00+00:00,68872.4,68917.4,68697.38,68727.38,6241
2026-06-29T05:00:00+00:00,68727.38,69001.9,68612.38,68902.39,8551
2026-06-29T05:30:00+00:00,68902.39,69491.89,68847.4,69486.89,6722
2026-06-29T06:00:00+00:00,69486.89,69764.38,69297.38,69636.88,4080
2026-06-29T06:30:00+00:00,69636.88,69784.39,69562.39,69661.88,1942
2026-06-29T07:00:00+00:00,69661.88,69721.88,69462.38,69677.39,1604
2026-06-29T07:30:00+00:00,69677.39,69831.88,69642.38,69817.39,1319
2026-06-29T08:00:00+00:00,69817.39,70014.38,69777.39,69851.9,3419
2026-06-29T08:30:00+00:00,69851.9,70026.89,69817.39,69852.38,2095
2026-06-29T09:00:00+00:00,69852.38,69984.4,69817.39,69959.4,2223
2026-06-29T09:30:00+00:00,69959.4,69974.4,69811.88,69901.9,2198
2026-06-29T10:00:00+00:00,69901.9,70061.89,69901.9,70041.9,1264
2026-06-29T10:30:00+00:00,70041.9,70111.89,69992.38,70074.4,1270
2026-06-29T11:00:00+00:00,70074.4,70154.4,69952.39,69989.4,1427
2026-06-29T11:30:00+00:00,69989.4,70081.9,69946.88,69956.9,1578
2026-06-29T12:00:00+00:00,69956.9,70014.4,69889.38,69919.39,1669
2026-06-29T12:30:00+00:00,69919.39,69954.4,69702.39,69917.4,1580
2026-06-29T13:00:00+00:00,69917.4,70006.89,69761.89,69771.88,1561
2026-06-29T13:30:00+00:00,69771.88,69964.39,69426.88,69521.9,14574
2026-06-29T14:00:00+00:00,69521.9,69546.89,68779.4,69414.39,18312
2026-06-29T14:30:00+00:00,69414.39,69794.4,69337.39,69791.9,11602
2026-06-29T15:00:00+00:00,69791.9,69981.9,69696.88,69981.9,8181
2026-06-29T15:30:00+00:00,69981.9,70219.39,69914.39,70206.9,4206
2026-06-29T16:00:00+00:00,70206.9,70446.89,70206.9,70401.88,2968
2026-06-29T16:30:00+00:00,70401.88,70504.4,70314.38,70489.4,2071
2026-06-29T17:00:00+00:00,70489.4,70684.38,70484.39,70604.39,2058
2026-06-29T17:30:00+00:00,70604.39,70679.39,70551.9,70596.88,1642
2026-06-29T18:00:00+00:00,70596.88,70719.4,70586.88,70654.4,1935
2026-06-29T18:30:00+00:00,70654.4,70789.4,70636.88,70714.39,1345
2026-06-29T19:00:00+00:00,70714.39,70779.4,70629.39,70719.39,1613
2026-06-29T19:30:00+00:00,70719.39,70849.39,70664.38,70819.39,2033
2026-06-29T20:00:00+00:00,70819.39,70829.4,70757.38,70777.38,829
2026-06-29T20:30:00+00:00,70777.38,70786.89,70632.38,70651.88,289.66411951575515
2026-06-29T22:00:00+00:00,70646.88,70674.25,70524.24,70544.23,125
2026-06-29T22:30:00+00:00,70544.23,70599.24,70504.23,70504.23,144
2026-06-29T23:00:00+00:00,70504.23,70626.24,70504.23,70524.25,197.92242636337124
2026-06-29T23:30:00+00:00,70524.25,70794.25,70424.23,70694.25,2594
2026-06-30T00:00:00+00:00,70694.25,70748.73,69884.23,69944.24,13680
2026-06-30T00:30:00+00:00,69944.24,70029.25,69459.24,69894.25,14399
2026-06-30T01:00:00+00:00,69894.25,70298.75,69624.23,70294.23,9244
2026-06-30T01:30:00+00:00,70294.23,70406.23,69779.25,70114.24,5987
2026-06-30T02:00:00+00:00,70114.24,70264.25,69904.25,70229.23,3937
2026-06-30T02:30:00+00:00,70229.23,70308.75,70119.23,70139.23,2126
2026-06-30T03:00:00+00:00,70139.23,70298.75,70099.23,70294.24,1745
2026-06-30T03:30:00+00:00,70294.24,70623.74,70289.23,70393.74,3857
2026-06-30T04:00:00+00:00,70393.74,70758.75,70384.23,70753.73,2076
2026-06-30T04:30:00+00:00,70753.73,70794.24,70619.24,70678.75,2285
2026-06-30T05:00:00+00:00,70678.75,70798.73,70609.23,70619.23,1972
2026-06-30T05:30:00+00:00,70619.23,70729.25,70494.23,70518.73,2166
2026-06-30T06:00:00+00:00,70518.73,70558.75,70188.74,70291.25,3443
2026-06-30T06:30:00+00:00,70291.25,70361.25,70111.23,70283.74,1652
2026-06-30T07:00:00+00:00,70283.74,70438.73,70238.74,70378.73,1123
2026-06-30T07:30:00+00:00,70378.73,70426.24,70254.23,70288.73,848
2026-06-30T08:00:00+00:00,70288.73,70388.75,70068.73,70223.73,2769
2026-06-30T08:30:00+00:00,70223.73,70261.25,69784.24,70038.75,3234
2026-06-30T09:00:00+00:00,70038.75,70081.25,69953.73,69996.25,2041
2026-06-30T09:30:00+00:00,69996.25,70051.23,69878.73,69968.74,2100
2026-06-30T10:00:00+00:00,69968.74,70043.74,69931.23,70038.75,1596
2026-06-30T10:30:00+00:00,70038.75,70238.75,69958.74,70206.23,1587
2026-06-30T11:00:00+00:00,70206.23,70308.75,70171.23,70258.75,1545
2026-06-30T11:30:00+00:00,70258.75,70351.23,70213.74,70306.24,1424
2026-06-30T12:00:00+00:00,70306.24,70336.24,70098.75,70124.25,2459
2026-06-30T12:30:00+00:00,70124.25,70256.24,70038.73,70181.23,2351
2026-06-30T13:00:00+00:00,70181.23,70398.74,70166.25,70376.25,2360
2026-06-30T13:30:00+00:00,70376.25,70904.25,70334.23,70889.24,7292
2026-06-30T14:00:00+00:00,70889.24,71086.25,70778.75,71046.25,5987
2026-06-30T14:30:00+00:00,71046.25,71106.25,70961.23,71016.25,4271
2026-06-30T15:00:00+00:00,71016.25,71251.24,71016.25,71141.24,3148
2026-06-30T15:30:00+00:00,71141.24,71196.25,71078.75,71153.75,2219
2026-06-30T16:00:00+00:00,71153.75,71266.25,71138.73,71236.23,1215
2026-06-30T16:30:00+00:00,71236.23,71311.25,71191.23,71271.24,933
2026-06-30T17:00:00+00:00,71271.24,71338.75,71253.74,71316.23,682
2026-06-30T17:30:00+00:00,71316.23,71361.25,71293.73,71316.23,678
2026-06-30T18:00:00+00:00,71316.23,71371.24,71266.25,71323.73,792
2026-06-30T18:30:00+00:00,71323.73,71371.25,71281.23,71336.25,761
2026-06-30T19:00:00+00:00,71336.25,71386.25,71288.75,71333.74,545
2026-06-30T19:30:00+00:00,71333.74,71336.25,71206.25,71238.73,1768
2026-06-30T20:00:00+00:00,71238.73,71248.75,71104.24,71114.25,774
2026-06-30T20:30:00+00:00,71114.25,71118.75,70979.23,70998.75,329
2026-06-30T22:00:00+00:00,70998.75,71144.27,70944.78,71139.78,155
2026-06-30T22:30:00+00:00,71139.78,71149.28,71029.78,71044.77,122
2026-06-30T23:00:00+00:00,71044.77,71089.29,71019.79,71039.78,111.10546911293035
2026-06-30T23:30:00+00:00,71039.78,71279.27,70849.78,71239.77,1201
2026-07-01T00:00:00+00:00,71239.77,71929.79,71239.77,71834.78,8423
2026-07-01T00:30:00+00:00,71834.78,72109.28,71654.77,71659.79,8286
2026-07-01T01:00:00+00:00,71659.79,71824.27,70649.78,70769.77,11018
2026-07-01T01:30:00+00:00,70769.77,70909.77,70489.77,70589.28,9128
2026-07-01T02:00:00+00:00,70589.28,70626.78,70259.77,70394.77,6931
2026-07-01T02:30:00+00:00,70394.77,70594.29,70364.78,70489.77,2290
2026-07-01T03:00:00+00:00,70489.77,70539.79,70299.77,70369.27,2061
2026-07-01T03:30:00+00:00,70369.27,70829.27,70349.77,70764.77,5803
2026-07-01T04:00:00+00:00,70764.77,70774.27,70509.77,70769.78,3851
2026-07-01T04:30:00+00:00,70769.78,70894.28,70594.77,70724.79,2969
2026-07-01T05:00:00+00:00,70724.79,70879.27,70634.77,70764.77,3186
2026-07-01T05:30:00+00:00,70764.77,70899.79,70729.78,70769.79,3109
2026-07-01T06:00:00+00:00,70769.79,70819.29,70469.79,70549.29,3046
2026-07-01T06:30:00+00:00,70549.29,70696.79,70539.77,70669.27,1648
2026-07-01T07:00:00+00:00,70669.27,70709.29,70384.78,70584.28,1313
2026-07-01T07:30:00+00:00,70584.28,70729.29,70549.27,70721.79,838
2026-07-01T08:00:00+00:00,70721.79,70779.29,70566.77,70589.27,2333
2026-07-01T08:30:00+00:00,70589.27,70809.28,70524.27,70801.77,2021
2026-07-01T09:00:00+00:00,70801.77,70844.29,70684.27,70751.79,1879
2026-07-01T09:30:00+00:00,70751.79,70851.77,70716.77,70841.79,1259
2026-07-01T10:00:00+00:00,70841.79,70884.29,70719.29,70834.28,1067
2026-07-01T10:30:00+00:00,70834.28,70994.29,70809.77,70984.28,895
2026-07-01T11:00:00+00:00,70984.28,71089.29,70969.77,71004.27,1192
2026-07-01T11:30:00+00:00,71004.27,71016.77,70861.78,70881.77,1380
2026-07-01T12:00:00+00:00,70881.77,70984.28,70756.77,70959.29,1856
2026-07-01T12:30:00+00:00,70959.29,70991.77,70524.77,70589.77,4931
2026-07-01T13:00:00+00:00,70589.77,70654.29,70334.77,70374.79,4860
2026-07-01T13:30:00+00:00,70374.79,70509.27,70064.77,70379.79,14231
2026-07-01T14:00:00+00:00,70379.79,70491.79,70199.79,70249.79,5898
2026-07-01T14:30:00+00:00,70249.79,70276.77,69799.78,69884.27,5713
2026-07-01T15:00:00+00:00,69884.27,70294.28,69829.27,70291.77,5498
2026-07-01T15:30:00+00:00,70291.77,70349.29,70024.77,70064.27,4466
2026-07-01T16:00:00+00:00,70064.27,70149.28,69994.77,70049.29,3395
2026-07-01T16:30:00+00:00,70049.29,70086.77,69689.77,69729.28,2957
2026-07-01T17:00:00+00:00,69729.28,69909.29,69659.77,69874.29,3296
2026-07-01T17:30:00+00:00,69874.29,69934.29,69739.79,69759.78,2062
2026-07-01T18:00:00+00:00,69759.78,69879.27,69739.77,69784.77,1725
2026-07-01T18:30:00+00:00,69784.77,69809.28,69534.79,69656.79,1361
2026-07-01T19:00:00+00:00,69656.79,69906.79,69644.79,69861.77,3066
2026-07-01T19:30:00+00:00,69861.77,69964.29,69634.27,69674.27,3820
2026-07-01T20:00:00+00:00,69674.27,69679.29,69514.29,69569.78,1536
2026-07-01T20:30:00+00:00,69569.78,69669.29,69514.77,69619.27,630
2026-07-01T22:00:00+00:00,69619.27,69790.87,69619.27,69790.87,132
2026-07-01T22:30:00+00:00,69790.87,69805.88,69695.87,69750.88,98
2026-07-01T23:00:00+00:00,69750.88,69765.87,69620.85999999999,69690.37,173.6841243186184
2026-07-01T23:30:00+00:00,69690.37,69740.87999999999,69155.85999999999,69265.85999999999,2290
2026-07-02T00:00:00+00:00,69265.85999999999,69490.87999999999,68920.85999999999,69445.85999999999,14483
2026-07-02T00:30:00+00:00,69445.85999999999,69515.35999999999,68840.85999999999,69170.87999999999,13629
2026-07-02T01:00:00+00:00,69170.87999999999,69740.35999999999,69080.85999999999,69735.87999999999,10795
2026-07-02T01:30:00+00:00,69735.87999999999,70020.87999999999,69630.85999999999,69995.87999999999,9973
2026-07-02T02:00:00+00:00,69995.87999999999,70055.37999999999,69760.85999999999,69780.85999999999,6617
2026-07-02T02:30:00+00:00,69780.85999999999,69990.37999999999,69750.85999999999,69860.85999999999,4123
2026-07-02T03:00:00+00:00,69860.85999999999,69885.37999999999,69630.85999999999,69700.85999999999,3379
2026-07-02T03:30:00+00:00,69700.85999999999,69880.37,69445.85999999999,69560.85999999999,9719
2026-07-02T04:00:00+00:00,69560.85999999999,69690.85999999999,69270.85999999999,69440.85999999999,7370
2026-07-02T04:30:00+00:00,69440.85999999999,69495.37999999999,69215.85999999999,69440.85999999999,6027
2026-07-02T05:00:00+00:00,69440.85999999999,69745.37999999999,69320.87,69540.85999999999,7054
2026-07-02T05:30:00+00:00,69540.85999999999,69555.37,69255.87,69265.85999999999,7493
2026-07-02T06:00:00+00:00,69265.85999999999,69295.37999999999,68850.85999999999,68905.37999999999,4664
2026-07-02T06:30:00+00:00,68905.37999999999,69130.37999999999,68505.85999999999,68640.35999999999,2661
2026-07-02T07:00:00+00:00,68640.35999999999,68697.87999999999,68435.85999999999,68600.35999999999,2251
2026-07-02T07:30:00+00:00,68600.35999999999,68755.37,68530.85999999999,68600.87999999999,1816
2026-07-02T08:00:00+00:00,68600.87999999999,68880.37999999999,68465.87999999999,68835.37,4208
2026-07-02T08:30:00+00:00,68835.37,69097.87,68787.85999999999,68992.87999999999,2805
2026-07-02T09:00:00+00:00,68992.87999999999,69005.35999999999,68852.87999999999,68962.87999999999,2368
2026-07-02T09:30:00+00:00,68962.87999999999,69050.37999999999,68905.37,68935.37999999999,2333
2026-07-02T10:00:00+00:00,68935.37999999999,68940.35999999999,68762.85999999999,68927.87999999999,2489
2026-07-02T10:30:00+00:00,68927.87999999999,69095.37999999999,68922.87999999999,69057.87999999999,1786
2026-07-02T11:00:00+00:00,69057.87999999999,69135.37999999999,68945.37,69012.85999999999,1832
2026-07-02T11:30:00+00:00,69012.85999999999,69205.37999999999,68977.85999999999,69092.87999999999,1634
2026-07-02T12:00:00+00:00,69092.87999999999,69320.37999999999,69057.85999999999,69305.85999999999,2860
2026-07-02T12:30:00+00:00,69305.85999999999,69717.87999999999,69305.85999999999,69460.35999999999,7207
2026-07-02T13:00:00+00:00,69460.35999999999,69580.35999999999,69340.85999999999,69385.37999999999,4572
2026-07-02T13:30:00+00:00,69385.37999999999,69895.37,69265.35999999999,69785.85999999999,13374
2026-07-02T14:00:00+00:00,69785.85999999999,69805.35999999999,68910.87,68970.35999999999,10642
2026-07-02T14:30:00+00:00,68970.35999999999,69120.37999999999,68650.85999999999,68917.85999999999,17268
2026-07-02T15:00:00+00:00,68917.85999999999,68980.37999999999,68337.87,68352.87999999999,16570
2026-07-02T15:30:00+00:00,68352.87999999999,68765.37,68290.85999999999,68385.87999999999,11078
2026-07-02T16:00:00+00:00,68385.87999999999,68425.35999999999,68115.35999999999,68135.37999999999,8581
2026-07-02T16:30:00+00:00,68135.37999999999,68200.37,67892.87,67945.35999999999,7591
2026-07-02T17:00:00+00:00,67945.35999999999,68002.87999999999,67837.85999999999,67900.85999999999,7098
2026-07-02T17:30:00+00:00,67900.85999999999,67955.37999999999,67630.85999999999,67660.35999999999,5760
2026-07-02T18:00:00+00:00,67660.35999999999,68022.87999999999,67595.85999999999,67960.87,5954
2026-07-02T18:30:00+00:00,67960.87,68070.37999999999,67885.85999999999,67975.87,4753
2026-07-02T19:00:00+00:00,67975.87,68015.37999999999,67680.85999999999,67840.85999999999,4692
2026-07-02T19:30:00+00:00,67840.85999999999,68340.37999999999,67805.85999999999,68315.35999999999,5966
2026-07-02T20:00:00+00:00,68315.35999999999,68320.37999999999,68190.85999999999,68280.35999999999,1018
2026-07-02T20:30:00+00:00,68280.35999999999,68335.37999999999,68250.85999999999,68330.37999999999,746
2026-07-02T22:00:00+00:00,68325.39,68390.7,68311.19,68321.18,191
2026-07-02T22:30:00+00:00,68321.18,68405.68,68306.2,68331.19,144
2026-07-02T23:00:00+00:00,68331.19,68623.2,68306.18,68623.2,423.329093684134
2026-07-02T23:30:00+00:00,68623.2,68751.2,68326.18,68541.19,3729
2026-07-03T00:00:00+00:00,68541.19,68646.2,67876.19,67931.18,19049
2026-07-03T00:30:00+00:00,67931.18,68395.7,67751.18,68256.18,17368
2026-07-03T01:00:00+00:00,68256.18,69191.2,68216.18,69071.2,14937
2026-07-03T01:30:00+00:00,69071.2,69211.2,68946.18,69186.18,9561
2026-07-03T02:00:00+00:00,69186.18,69431.2,69141.18,69266.19,5916
2026-07-03T02:30:00+00:00,69266.19,69520.68,69246.19,69471.19,2276
2026-07-03T03:00:00+00:00,69471.19,69475.7,69336.18,69466.2,2227
2026-07-03T03:30:00+00:00,69466.2,69661.19,68981.19,69436.19,7962
2026-07-03T04:00:00+00:00,69436.19,69730.7,69406.19,69710.69,3851
2026-07-03T04:30:00+00:00,69710.69,69816.2,69576.18,69671.2,3881
2026-07-03T05:00:00+00:00,69671.2,69740.7,69491.2,69641.2,4544
2026-07-03T05:30:00+00:00,69641.2,69775.7,69536.18,69750.7,3359
2026-07-03T06:00:00+00:00,69750.7,69970.7,69686.2,69958.19,2690
2026-07-03T06:30:00+00:00,69958.19,70020.7,69851.18,69871.18,1419
2026-07-03T07:00:00+00:00,69871.18,69945.7,69803.18,69825.7,664
2026-07-03T07:30:00+00:00,69825.7,69855.7,69766.19,69770.68,538
2026-07-03T08:00:00+00:00,69770.68,69845.7,69646.18,69768.2,1702
2026-07-03T08:30:00+00:00,69768.2,69790.7,69576.2,69595.68,1477
2026-07-03T09:00:00+00:00,69595.68,69660.7,69535.68,69640.68,1392
2026-07-03T09:30:00+00:00,69640.68,69735.69,69616.19,69655.69,950
2026-07-03T10:00:00+00:00,69655.69,69713.19,69616.18,69685.69,671
2026-07-03T10:30:00+00:00,69685.69,69823.19,69681.19,69768.18,726
2026-07-03T11:00:00+00:00,69768.18,69783.19,69675.7,69698.18,550
2026-07-03T11:30:00+00:00,69698.18,69788.2,69690.68,69785.68,606
2026-07-03T12:00:00+00:00,69785.68,69875.7,69718.19,69735.68,1011
2026-07-03T12:30:00+00:00,69735.68,69753.19,69683.18,69718.2,697
2026-07-03T13:00:00+00:00,69718.2,69800.68,69695.69,69735.68,865
2026-07-03T13:30:00+00:00,69735.68,69793.2,69675.68,69775.69,1516.0383673469387
2026-07-03T14:00:00+00:00,69775.69,69820.7,69735.69,69758.19,905
2026-07-03T14:30:00+00:00,69758.19,69923.2,69730.68,69895.68,717
2026-07-03T15:00:00+00:00,69895.68,69965.7,69850.69,69853.2,778
2026-07-03T15:30:00+00:00,69853.2,69858.19,69783.19,69790.69,605
2026-07-03T16:00:00+00:00,69790.69,69838.19,69758.19,69803.19,309
2026-07-03T16:30:00+00:00,69803.19,69860.69,69793.2,69830.68,309
2026-07-03T17:00:00+00:00,69830.68,69831.08,69742.87999999999,69779.78,156.81148753730184
2026-07-03T17:30:00+00:00,69651.8,69654.3,69587.00000000001,69608.59999999999,102.91003089790254
2026-07-03T18:00:00+00:00,69608.59999999999,69608.59999999999,69587,69606.6,46.99881240255099
2026-07-03T18:30:00+00:00,69606.6,69611.1,69604.6,69610.9,50.74720587573937
2026-07-03T19:00:00+00:00,69610.9,69610.9,69598.5,69606.90000000001,93.26454903216205
2026-07-03T19:30:00+00:00,69606.90000000001,69629.7,69552,69567.09999999999,525.7817968917088
2026-07-05T22:00:00+00:00,69825.68,69856.91,69609.92,69824.92,105
2026-07-05T22:30:00+00:00,69824.92,69999.91,69659.9,69664.9,96
2026-07-05T23:00:00+00:00,69664.9,69974.92,69664.9,69922.4,304.9008124229472
2026-07-05T23:30:00+00:00,69922.4,70356.92,69872.4,70122.4,2711
2026-07-06T00:00:00+00:00,70122.4,70502.42,69397.4,69487.42,14139
2026-07-06T00:30:00+00:00,69487.42,70182.42,69407.4,69847.42,10918
2026-07-06T01:00:00+00:00,69847.42,69881.92,69472.4,69637.41,8493
2026-07-06T01:30:00+00:00,69637.41,69796.9,69257.4,69362.4,8236
2026-07-06T02:00:00+00:00,69362.4,69471.92,69037.4,69037.42,6856
2026-07-06T02:30:00+00:00,69037.42,69166.91,68937.4,69082.41,3825
2026-07-06T03:00:00+00:00,69082.41,69221.91,69037.4,69212.41,2941
2026-07-06T03:30:00+00:00,69212.41,69366.92,69087.4,69331.91,5612
2026-07-06T04:00:00+00:00,69331.91,69514.4,69137.41,69506.91,3620
2026-07-06T04:30:00+00:00,69506.91,69691.91,69487.4,69651.91,2806
2026-07-06T05:00:00+00:00,69651.91,69766.9,69432.4,69439.42,3099
2026-07-06T05:30:00+00:00,69439.42,69746.92,69362.41,69712.4,3135
2026-07-06T06:00:00+00:00,69712.4,69911.92,69616.9,69891.92,2302
2026-07-06T06:30:00+00:00,69891.92,70004.4,69849.42,69946.9,1297
2026-07-06T07:00:00+00:00,69946.9,69969.41,69817.41,69906.92,946
2026-07-06T07:30:00+00:00,69906.92,70084.41,69871.91,70049.42,735
2026-07-06T08:00:00+00:00,70049.42,70379.41,69989.42,70041.92,2987
2026-07-06T08:30:00+00:00,70041.92,70109.41,69961.92,70081.91,1582
2026-07-06T09:00:00+00:00,70081.91,70086.9,69916.9,70046.91,1574
2026-07-06T09:30:00+00:00,70046.91,70106.9,69901.92,69981.91,1674
2026-07-06T10:00:00+00:00,69981.91,70001.92,69916.9,69981.91,1167
2026-07-06T10:30:00+00:00,69981.91,70059.41,69899.41,69989.41,1090
2026-07-06T11:00:00+00:00,69989.41,70029.41,69861.91,69971.9,1757
2026-07-06T11:30:00+00:00,69971.9,70109.42,69959.4,70004.42,1440
2026-07-06T12:00:00+00:00,70004.42,70141.92,69976.9,70014.41,2108
2026-07-06T12:30:00+00:00,70014.41,70071.91,69964.4,70061.9,1533
2026-07-06T13:00:00+00:00,70061.9,70084.42,69886.9,69991.91,2232
2026-07-06T13:30:00+00:00,69991.91,70371.92,69927.4,70226.92,10501
2026-07-06T14:00:00+00:00,70226.92,70471.9,70152.4,70369.41,6370
2026-07-06T14:30:00+00:00,70369.41,70409.42,70254.4,70304.4,3508
2026-07-06T15:00:00+00:00,70304.4,70369.41,70116.9,70366.9,3679
2026-07-06T15:30:00+00:00,70366.9,70409.41,70304.41,70351.91,1842
2026-07-06T16:00:00+00:00,70351.91,70439.4,70311.9,70341.91,1277
2026-07-06T16:30:00+00:00,70341.91,70379.4,70264.4,70284.4,1455
2026-07-06T17:00:00+00:00,70284.4,70369.42,70194.4,70211.92,1552
2026-07-06T17:30:00+00:00,70211.92,70236.91,70071.91,70129.4,2154
2026-07-06T18:00:00+00:00,70129.4,70334.42,70129.4,70304.42,1179
2026-07-06T18:30:00+00:00,70304.42,70314.42,70231.92,70274.4,1046
2026-07-06T19:00:00+00:00,70274.4,70391.9,70256.91,70379.42,1021
2026-07-06T19:30:00+00:00,70379.42,70379.42,70211.92,70261.9,1685
2026-07-06T20:00:00+00:00,70261.9,70301.92,70217.4,70286.9,416.8415065481312
2026-07-06T20:30:00+00:00,70286.9,70306.92,70239.9,70241.91,225.02296450939457
2026-07-06T22:00:00+00:00,70246.91,70293.97,70241.96,70241.97,16
2026-07-06T22:30:00+00:00,70241.97,70293.98,70146.96,70146.96,141
2026-07-06T23:00:00+00:00,70146.96,70283.98,70141.97,70231.46,274
2026-07-06T23:30:00+00:00,70231.46,70256.48,69591.96,69686.98,1647
2026-07-07T00:00:00+00:00,69686.98,70076.46,69286.96,69886.98,10455
2026-07-07T00:30:00+00:00,69886.98,70081.98,69266.97,69316.97,10788
2026-07-07T01:00:00+00:00,69316.97,69416.48,68861.96,68896.97,8109
2026-07-07T01:30:00+00:00,68896.97,69426.48,68786.97,68961.46,6332
2026-07-07T02:00:00+00:00,68961.46,69201.48,68896.97,68946.97,5419
2026-07-07T02:30:00+00:00,68946.97,69056.48,68861.96,68901.46,2373
2026-07-07T03:00:00+00:00,68901.46,69076.48,68686.96,68726.96,2510
2026-07-07T03:30:00+00:00,68726.96,68951.46,68536.96,68651.98,5942
2026-07-07T04:00:00+00:00,68651.98,68821.47,68501.96,68586.97,4421
2026-07-07T04:30:00+00:00,68586.97,68676.48,68421.96,68501.98,2851
2026-07-07T05:00:00+00:00,68501.98,68506.97,68121.47,68271.98,4067
2026-07-07T05:30:00+00:00,68271.98,68816.46,68271.96,68691.98,4827
2026-07-07T06:00:00+00:00,68691.98,68771.97,68391.96,68456.48,3278
2026-07-07T06:30:00+00:00,68456.48,68576.47,68351.98,68561.46,1457
2026-07-07T07:00:00+00:00,68561.46,68668.98,68466.98,68638.96,1090
2026-07-07T07:30:00+00:00,68638.96,68651.47,68446.96,68453.96,631
2026-07-07T08:00:00+00:00,68453.96,68626.46,68321.96,68543.98,2947
2026-07-07T08:30:00+00:00,68543.98,68653.96,68306.96,68316.97,1766
2026-07-07T09:00:00+00:00,68316.97,68488.97,68261.98,68441.98,1151
2026-07-07T09:30:00+00:00,68441.98,68536.47,68361.98,68486.96,1752
2026-07-07T10:00:00+00:00,68486.96,68603.98,68316.96,68511.98,1958
2026-07-07T10:30:00+00:00,68511.98,68516.48,68351.97,68441.48,1566
2026-07-07T11:00:00+00:00,68441.48,68446.48,68266.96,68331.98,2170
2026-07-07T11:30:00+00:00,68331.98,68381.48,68186.96,68376.46,1819
2026-07-07T12:00:00+00:00,68376.46,68611.48,68341.96,68506.46,1977
2026-07-07T12:30:00+00:00,68506.46,68526.46,68306.96,68361.98,1967
2026-07-07T13:00:00+00:00,68361.98,68418.98,68266.97,68291.48,1882
2026-07-07T13:30:00+00:00,68291.48,68503.98,68001.97,68136.97,11607
2026-07-07T14:00:00+00:00,68136.97,68316.47,67701.98,67801.47,8789
2026-07-07T14:30:00+00:00,67801.47,67848.96,67506.97,67626.96,5480
2026-07-07T15:00:00+00:00,67626.96,67786.48,67496.96,67626.48,5492
2026-07-07T15:30:00+00:00,67626.48,67751.47,67391.96,67721.46,6245
2026-07-07T16:00:00+00:00,67721.46,68031.47,67701.96,67961.98,5352
2026-07-07T16:30:00+00:00,67961.98,68046.46,67881.96,67996.97,3006
2026-07-07T17:00:00+00:00,67996.97,68121.48,67941.96,68046.46,2221
2026-07-07T17:30:00+00:00,68046.46,68188.98,68036.46,68188.98,2767
2026-07-07T18:00:00+00:00,68188.98,68206.47,68038.96,68056.48,2590
2026-07-07T18:30:00+00:00,68056.48,68073.98,67711.96,67726.46,5246
2026-07-07T19:00:00+00:00,67726.46,67781.48,67451.96,67626.47,6463
2026-07-07T19:30:00+00:00,67626.47,67788.96,67593.98,67776.47,6368
2026-07-07T20:00:00+00:00,67776.47,67816.46,67676.98,67696.47,1096
2026-07-07T20:30:00+00:00,67696.47,67701.46,67541.96,67571.98,545
2026-07-07T22:00:00+00:00,67571.98,67590.81,67381.31,67556.31,64
2026-07-07T22:30:00+00:00,67556.31,67565.82,67496.33,67506.33,97
2026-07-07T23:00:00+00:00,67506.33,67605.83,67466.31,67591.33,238.14259073303685
2026-07-07T23:30:00+00:00,67591.33,67751.32,67286.33,67341.32,3205
2026-07-08T00:00:00+00:00,67341.32,68038.32,67076.32,68031.33,15459
2026-07-08T00:30:00+00:00,68031.33,68555.82,67581.31,68426.31,12351
2026-07-08T01:00:00+00:00,68426.31,68518.31,68086.31,68136.33,10892
2026-07-08T01:30:00+00:00,68136.33,68200.82,67781.31,67921.33,11634
2026-07-08T02:00:00+00:00,67921.33,68080.81,67606.32,67881.32,7161
2026-07-08T02:30:00+00:00,67881.32,68096.32,67811.31,68046.32,4080
2026-07-08T03:00:00+00:00,68046.32,68385.83,68046.32,68341.32,2368
2026-07-08T03:30:00+00:00,68341.32,68470.83,68051.32,68051.33,5913
2026-07-08T04:00:00+00:00,68051.33,68090.82,67796.32,67871.32,4432
2026-07-08T04:30:00+00:00,67871.32,67910.83,67516.31,67765.81,5903
2026-07-08T05:00:00+00:00,67765.81,67995.81,67696.31,67741.31,6031
2026-07-08T05:30:00+00:00,67741.31,67760.83,67261.31,67466.31,5709
2026-07-08T06:00:00+00:00,67466.31,67480.82,67106.31,67116.32,3871
2026-07-08T06:30:00+00:00,67116.32,67175.83,66766.33,66960.81,2469
2026-07-08T07:00:00+00:00,66960.81,67000.82,66746.32,66993.32,1992
2026-07-08T07:30:00+00:00,66993.32,67190.83,66988.31,67150.81,1458
2026-07-08T08:00:00+00:00,67150.81,67233.32,66161.31,66181.33,9844
2026-07-08T08:30:00+00:00,66181.33,66215.81,65698.31,65718.31,9678
2026-07-08T09:00:00+00:00,65718.31,65753.33,65423.31,65595.82,7893
2026-07-08T09:30:00+00:00,65595.82,65968.32,65580.82,65795.82,5037
2026-07-08T10:00:00+00:00,65795.82,66035.83,65693.31,66028.32,4383
2026-07-08T10:30:00+00:00,66028.32,66273.32,65990.81,66138.32,3933
2026-07-08T11:00:00+00:00,66138.32,66198.32,66045.83,66103.32,3296
2026-07-08T11:30:00+00:00,66103.32,66640.82,66060.83,66453.33,6443
2026-07-08T12:00:00+00:00,66453.33,66680.83,66311.31,66635.81,3444
2026-07-08T12:30:00+00:00,66635.81,66798.33,66555.81,66568.33,4328
2026-07-08T13:00:00+00:00,66568.33,66805.82,66555.81,66740.82,4664
2026-07-08T13:30:00+00:00,66740.82,67280.82,66740.82,67215.83,14423
2026-07-08T14:00:00+00:00,67215.83,67403.33,67065.82,67180.81,12473
2026-07-08T14:30:00+00:00,67180.81,67320.83,66853.31,67098.32,10840
2026-07-08T15:00:00+00:00,67098.32,67125.83,66611.31,66680.83,7793
2026-07-08T15:30:00+00:00,66680.83,66968.33,66628.31,66913.33,8142
2026-07-08T16:00:00+00:00,66913.33,67358.32,66913.33,67295.83,5515
2026-07-08T16:30:00+00:00,67295.83,67565.81,67165.81,67545.82,5897
2026-07-08T17:00:00+00:00,67545.82,67703.31,67466.32,67690.81,2971
2026-07-08T17:30:00+00:00,67690.81,67733.31,67456.31,67513.33,2350
2026-07-08T18:00:00+00:00,67513.33,67705.82,67466.32,67583.32,2900
2026-07-08T18:30:00+00:00,67583.32,67663.31,67515.81,67633.31,2396
2026-07-08T19:00:00+00:00,67633.31,67725.82,67593.31,67670.81,2565
2026-07-08T19:30:00+00:00,67670.81,67843.33,67565.83,67765.81,3465
2026-07-08T20:00:00+00:00,67765.81,67780.81,67565.81,67600.81,1089
2026-07-08T20:30:00+00:00,67600.81,67745.83,67571.31,67663.31,1066
2026-07-08T22:00:00+00:00,67658.31,67765.67,67635.65,67670.66,151
2026-07-08T22:30:00+00:00,67670.66,67750.67,67670.66,67730.65,143
2026-07-08T23:00:00+00:00,67730.65,67827.15999999999,67672.63999999998,67742.65,213.6488749726935
2026-07-08T23:30:00+00:00,67742.65,67977.63999999998,67607.63999999998,67697.63999999998,1582
2026-07-09T00:00:00+00:00,67697.63999999998,68282.15999999999,67692.63999999998,68172.15999999999,8485
2026-07-09T00:30:00+00:00,68172.15999999999,68427.15999999999,67957.65,68102.65999999999,8539
2026-07-09T01:00:00+00:00,68102.65999999999,68527.13999999998,68062.63999999998,68212.15999999999,7235
2026-07-09T01:30:00+00:00,68212.15999999999,68322.15,67902.65999999999,67937.65999999999,7476
2026-07-09T02:00:00+00:00,67937.65999999999,68592.15,67817.65,68392.13999999998,7105
2026-07-09T02:30:00+00:00,68392.13999999998,68394.65,67867.63999999998,67904.63999999998,4027
2026-07-09T03:00:00+00:00,67904.63999999998,68067.15,67627.63999999998,68052.65999999999,5287
2026-07-09T03:30:00+00:00,68052.65999999999,68237.13999999998,67972.63999999998,68102.63999999998,6233
2026-07-09T04:00:00+00:00,68102.63999999998,68199.63999999998,67762.63999999998,67862.65,4322
2026-07-09T04:30:00+00:00,67862.65,68102.15,67862.63999999998,67972.63999999998,3716
2026-07-09T05:00:00+00:00,67972.63999999998,68192.15999999999,67687.65,67747.65999999999,5971
2026-07-09T05:30:00+00:00,67747.65999999999,68227.15,67577.65,68212.65999999999,4290
2026-07-09T06:00:00+00:00,68212.65999999999,68272.65,67877.15,68039.63999999998,3485
2026-07-09T06:30:00+00:00,68039.63999999998,68087.15999999999,67817.65,67872.15,2330
2026-07-09T07:00:00+00:00,67872.15,67974.65,67837.13999999998,67904.63999999998,1127
2026-07-09T07:30:00+00:00,67904.63999999998,68067.15999999999,67857.13999999998,67977.15999999999,980
2026-07-09T08:00:00+00:00,67977.15999999999,68162.15999999999,67824.65,68157.15,3317
2026-07-09T08:30:00+00:00,68157.15,68189.65999999999,67789.65999999999,67877.13999999998,2619
2026-07-09T09:00:00+00:00,67877.13999999998,67922.15,67712.13999999998,67757.15,2400
2026-07-09T09:30:00+00:00,67757.15,67789.65,67612.65,67754.65,2302
2026-07-09T10:00:00+00:00,67754.65,67827.15999999999,67687.13999999998,67744.63999999998,1543
2026-07-09T10:30:00+00:00,67744.63999999998,67754.65,67464.63999999998,67627.13999999998,2946
2026-07-09T11:00:00+00:00,67627.13999999998,67762.15999999999,67584.63999999998,67737.15999999999,1989
2026-07-09T11:30:00+00:00,67737.15999999999,68059.65999999999,67699.63999999998,68004.65,2031
2026-07-09T12:00:00+00:00,68004.65,68152.15,67952.63999999998,68147.65,1706
2026-07-09T12:30:00+00:00,68147.65,68327.15999999999,68129.65,68257.15999999999,1878
2026-07-09T13:00:00+00:00,68257.15999999999,68502.13999999998,68247.13999999998,68482.15,1958
2026-07-09T13:30:00+00:00,68482.15,68937.15,68412.63999999998,68887.15,6384
2026-07-09T14:00:00+00:00,68887.15,68929.63999999998,68414.63999999998,68647.15999999999,6716
2026-07-09T14:30:00+00:00,68647.15999999999,68837.15999999999,68542.13999999998,68737.15,3487
2026-07-09T15:00:00+00:00,68737.15,68922.15999999999,68707.63999999998,68842.63999999998,1639
2026-07-09T15:30:00+00:00,68842.63999999998,68967.15,68827.63999999998,68867.13999999998,1410
2026-07-09T16:00:00+00:00,68867.13999999998,68997.13999999998,68867.13999999998,68889.63999999998,1033
2026-07-09T16:30:00+00:00,68889.63999999998,68927.15,68822.63999999998,68892.65999999999,838
2026-07-09T17:00:00+00:00,68892.65999999999,68997.15999999999,68892.65,68962.13999999998,442
2026-07-09T17:30:00+00:00,68962.13999999998,69024.63999999998,68922.13999999998,68984.63999999998,467
2026-07-09T18:00:00+00:00,68984.63999999998,69074.65999999999,68917.65999999999,68947.15,641
2026-07-09T18:30:00+00:00,68947.15,68992.15,68902.63999999998,68982.15,659
2026-07-09T19:00:00+00:00,68982.15,69002.13999999998,68887.63999999998,68982.13999999998,728
2026-07-09T19:30:00+00:00,68982.13999999998,69032.15999999999,68912.15,69012.13999999998,1085
2026-07-09T20:00:00+00:00,69012.13999999998,69052.15999999999,68972.13999999998,68997.65999999999,235
2026-07-09T20:30:00+00:00,68997.65999999999,69057.13999999998,68987.65999999999,69039.65999999999,186
2026-07-09T22:00:00+00:00,69037.67,69062.88,68840.87,68840.89,122
2026-07-09T22:30:00+00:00,68840.89,68925.37,68805.87,68865.89,129
2026-07-09T23:00:00+00:00,68865.89,69017.89,68825.87,68988.39,187.66994922295737
2026-07-09T23:30:00+00:00,68988.39,69290.37,68893.37,69178.39,1270
2026-07-10T00:00:00+00:00,69178.39,69298.39,68603.39,68718.37,8046
2026-07-10T00:30:00+00:00,68718.37,69237.87,68593.39,69237.87,6520
2026-07-10T01:00:00+00:00,69237.87,69297.89,68888.37,69247.89,4110
2026-07-10T01:30:00+00:00,69247.89,69482.89,69193.38,69333.38,3719
2026-07-10T02:00:00+00:00,69333.38,69362.89,68848.39,69052.88,3646
2026-07-10T02:30:00+00:00,69052.88,69297.89,69013.37,69263.37,1429
2026-07-10T03:00:00+00:00,69263.37,69312.89,69118.37,69137.88,704
2026-07-10T03:30:00+00:00,69137.88,69237.89,68973.39,69083.39,2098
2026-07-10T04:00:00+00:00,69083.39,69172.87,69018.38,69088.38,1556
2026-07-10T04:30:00+00:00,69088.38,69137.89,68788.38,68853.38,1399
2026-07-10T05:00:00+00:00,68853.38,68907.89,68733.38,68868.38,1911
2026-07-10T05:30:00+00:00,68868.38,68977.89,68738.37,68768.39,1559
2026-07-10T06:00:00+00:00,68768.39,68842.87,68553.39,68757.88,2429
2026-07-10T06:30:00+00:00,68757.88,68905.39,68693.38,68797.88,1570
2026-07-10T07:00:00+00:00,68797.88,68872.89,68732.89,68867.88,866
2026-07-10T07:30:00+00:00,68867.88,68912.87,68702.87,68742.88,869
2026-07-10T08:00:00+00:00,68742.88,68747.88,68470.37,68667.88,2966
2026-07-10T08:30:00+00:00,68667.88,68825.37,68537.87,68710.38,2094
2026-07-10T09:00:00+00:00,68710.38,68867.87,68617.88,68772.89,1610
2026-07-10T09:30:00+00:00,68772.89,68880.39,68747.87,68817.87,1212
2026-07-10T10:00:00+00:00,68817.87,68957.89,68815.38,68952.87,1045
2026-07-10T10:30:00+00:00,68952.87,69020.39,68942.89,68962.88,754
2026-07-10T11:00:00+00:00,68962.88,69067.89,68957.87,68957.87,935
2026-07-10T11:30:00+00:00,68957.87,68957.87,68840.37,68895.38,1237
2026-07-10T12:00:00+00:00,68895.38,69098.39,68710.38,68857.89,3079
2026-07-10T12:30:00+00:00,68857.89,68907.88,68735.38,68737.89,1159
2026-07-10T13:00:00+00:00,68737.89,68787.89,68638.39,68662.87,1410
2026-07-10T13:30:00+00:00,68662.87,68885.39,68435.37,68737.89,9751
2026-07-10T14:00:00+00:00,68737.89,68950.38,68665.38,68867.87,6528
2026-07-10T14:30:00+00:00,68867.87,69015.39,68198.37,68827.87,7234
2026-07-10T15:00:00+00:00,68827.87,69132.88,68723.37,69110.37,4635
2026-07-10T15:30:00+00:00,69110.37,69117.89,68753.38,68963.38,3972
2026-07-10T16:00:00+00:00,68963.38,69182.89,68963.38,69148.38,1524
2026-07-10T16:30:00+00:00,69148.38,69212.89,69135.39,69167.88,990
2026-07-10T17:00:00+00:00,69167.88,69280.38,69132.88,69270.39,733
2026-07-10T17:30:00+00:00,69270.39,69350.39,69238.37,69250.38,575.599423631124
2026-07-10T18:00:00+00:00,69250.38,69322.87,69200.87,69225.38,1153
2026-07-10T18:30:00+00:00,69225.38,69235.39,69165.88,69190.89,499
2026-07-10T19:00:00+00:00,69190.89,69257.89,69190.88,69240.38,507
2026-07-10T19:30:00+00:00,69240.38,69290.38,69205.38,69247.88,607
2026-07-10T20:00:00+00:00,69247.88,69300.39,69240.38,69300.37,203.05691160956152
2026-07-10T20:30:00+00:00,69300.37,69300.38,69275.87,69280.38,42.065063068547616
2026-07-12T22:00:00+00:00,69285.38,69285.38,68575.11,68790.1,473
2026-07-12T22:30:00+00:00,68790.1,68844.59,68675.09,68830.09,295
2026-07-12T23:00:00+00:00,68830.09,68919.6,68795.09,68880.1,251
2026-07-12T23:30:00+00:00,68880.1,68980.1,68470.09,68569.61,1571.8007614213197
2026-07-13T00:00:00+00:00,68569.61,69175.11,68340.1,69005.1,10618
2026-07-13T00:30:00+00:00,69005.1,69020.1,68025.1,68160.1,10408
2026-07-13T01:00:00+00:00,68160.1,68319.6,67750.09,67809.59,10409
2026-07-13T01:30:00+00:00,67809.59,67880.11,67345.09,67515.09,10609
2026-07-13T02:00:00+00:00,67515.09,67949.61,67330.09,67890.09,7515
2026-07-13T02:30:00+00:00,67890.09,67899.61,67635.09,67645.11,3687
2026-07-13T03:00:00+00:00,67645.11,67674.6,67480.09,67589.61,2230
2026-07-13T03:30:00+00:00,67589.61,67589.61,67205.09,67240.1,4778
2026-07-13T04:00:00+00:00,67240.1,67252.19,67037.2,67176.7,4146
2026-07-13T04:30:00+00:00,67176.7,67246.7,66972.2,67046.71,2063
2026-07-13T05:00:00+00:00,67046.71,67321.71,66852.19,66886.71,5969
2026-07-13T05:30:00+00:00,66886.71,67401.7,66727.2,67387.21,6343
2026-07-13T06:00:00+00:00,67387.21,67451.71,67124.19,67291.69,4135
2026-07-13T06:30:00+00:00,67291.69,67456.7,67192.19,67302.19,2042
2026-07-13T07:00:00+00:00,67302.19,67519.2,67262.2,67471.7,1496
2026-07-13T07:30:00+00:00,67471.7,67476.69,67351.7,67416.7,973
2026-07-13T08:00:00+00:00,67416.7,67716.71,67411.71,67656.69,2863
2026-07-13T08:30:00+00:00,67656.69,67746.69,67649.19,67731.69,1461
2026-07-13T09:00:00+00:00,67731.69,67806.71,67619.2,67784.19,1435
2026-07-13T09:30:00+00:00,67784.19,67831.69,67736.7,67821.7,889
2026-07-13T10:00:00+00:00,67821.7,67851.71,67641.69,67646.69,1238
2026-07-13T10:30:00+00:00,67646.69,67771.69,67599.19,67739.2,1209
2026-07-13T11:00:00+00:00,67739.2,67826.7,67601.69,67739.19,1809
2026-07-13T11:30:00+00:00,67739.19,67791.7,67634.19,67651.69,1377
2026-07-13T12:00:00+00:00,67651.69,67779.21,67556.71,67626.7,2494
2026-07-13T12:30:00+00:00,67626.7,67824.2,67584.19,67799.2,1470
2026-07-13T13:00:00+00:00,67799.2,67869.21,67744.19,67856.71,1536
2026-07-13T13:30:00+00:00,67856.71,67927.21,67517.21,67801.69,10360
2026-07-13T14:00:00+00:00,67801.69,67951.69,67302.21,67902.19,7671
2026-07-13T14:30:00+00:00,67902.19,67987.21,67707.21,67986.7,4979
2026-07-13T15:00:00+00:00,67986.7,68036.71,67877.19,67976.71,3675
2026-07-13T15:30:00+00:00,67976.71,68026.69,67747.19,67777.19,3043
2026-07-13T16:00:00+00:00,67777.19,67856.69,67567.2,67622.19,2250
2026-07-13T16:30:00+00:00,67622.19,67641.69,67402.21,67551.69,4329
2026-07-13T17:00:00+00:00,67551.69,67676.71,67532.19,67572.2,1838
2026-07-13T17:30:00+00:00,67572.2,67621.71,67416.7,67419.2,1862
2026-07-13T18:00:00+00:00,67419.2,67551.71,67347.2,67356.7,2552
2026-07-13T18:30:00+00:00,67356.7,67471.71,67302.19,67392.2,1796
2026-07-13T19:00:00+00:00,67392.2,67451.7,67182.19,67211.69,2184
2026-07-13T19:30:00+00:00,67211.69,67386.7,67142.2,67341.71,2353
2026-07-13T20:00:00+00:00,67341.71,67346.71,67097.21,67177.2,845
2026-07-13T20:30:00+00:00,67177.2,67191.71,67052.19,67079.19,511
2026-07-13T22:00:00+00:00,67079.19,67153.97,67068.95,67078.95,99
2026-07-13T22:30:00+00:00,67078.95,67163.97,66993.95,66998.96,152
2026-07-13T23:00:00+00:00,66998.96,67028.47,66928.95,66933.97,278
2026-07-13T23:30:00+00:00,66933.97,66958.47,66458.95,66883.97,2422
2026-07-14T00:00:00+00:00,66883.97,67248.47,66338.95,66823.97,17003
2026-07-14T00:30:00+00:00,66823.97,67478.97,66643.95,67418.96,14737
2026-07-14T01:00:00+00:00,67418.96,67613.47,67203.95,67558.96,9931
2026-07-14T01:30:00+00:00,67558.96,67593.47,67013.95,67078.45,7863
2026-07-14T02:00:00+00:00,67078.45,67213.46,66628.95,66768.95,6394
2026-07-14T02:30:00+00:00,66768.95,67158.46,66683.97,66928.96,5146
2026-07-14T03:00:00+00:00,66928.96,66958.47,66498.95,66818.97,4057
2026-07-14T03:30:00+00:00,66818.97,67203.47,66768.95,67133.96,7786
2026-07-14T04:00:00+00:00,67133.96,67220.95,66848.96,67083.95,5637
2026-07-14T04:30:00+00:00,67083.95,67548.47,67033.97,67513.45,3421
2026-07-14T05:00:00+00:00,67513.45,67818.47,67423.95,67768.95,2970
2026-07-14T05:30:00+00:00,67768.95,67893.46,67598.95,67708.95,3352
2026-07-14T06:00:00+00:00,67708.95,67858.45,67668.95,67785.96,2537
2026-07-14T06:30:00+00:00,67785.96,67885.96,67618.96,67618.97,1646
2026-07-14T07:00:00+00:00,67618.97,67758.47,67553.95,67673.46,1632
2026-07-14T07:30:00+00:00,67673.46,67678.46,67488.97,67600.95,1854
2026-07-14T08:00:00+00:00,67600.95,67883.46,67575.95,67855.95,3855
2026-07-14T08:30:00+00:00,67855.95,67883.47,67658.47,67685.96,2498
2026-07-14T09:00:00+00:00,67685.96,67868.45,67620.97,67690.95,2618
2026-07-14T09:30:00+00:00,67690.95,67843.45,67688.47,67783.45,1639
2026-07-14T10:00:00+00:00,67783.45,67818.47,67735.95,67783.47,1237
2026-07-14T10:30:00+00:00,67783.47,67930.97,67733.47,67828.46,2102
2026-07-14T11:00:00+00:00,67828.46,68118.46,67685.95,68060.97,4251
2026-07-14T11:30:00+00:00,68060.97,68143.46,67975.96,68098.45,2038
2026-07-14T12:00:00+00:00,68098.45,68180.97,67918.45,68168.97,2033
2026-07-14T12:30:00+00:00,68168.97,68733.96,68168.97,68388.45,4314
2026-07-14T13:00:00+00:00,68388.45,68668.46,68355.97,68615.96,3478
2026-07-14T13:30:00+00:00,68615.96,68648.46,68343.45,68555.96,9476
2026-07-14T14:00:00+00:00,68555.96,68620.97,68050.97,68268.47,10284
2026-07-14T14:30:00+00:00,68268.47,68578.96,68198.45,68383.46,5593
2026-07-14T15:00:00+00:00,68383.46,68578.46,68325.95,68425.96,4325
2026-07-14T15:30:00+00:00,68425.96,68460.95,68148.95,68203.46,3600
2026-07-14T16:00:00+00:00,68203.46,68218.47,68090.96,68190.97,3339
2026-07-14T16:30:00+00:00,68190.97,68253.47,68123.45,68213.46,1467
2026-07-14T17:00:00+00:00,68213.46,68270.95,68153.45,68250.97,1230
2026-07-14T17:30:00+00:00,68250.97,68268.46,68135.95,68143.45,1043
2026-07-14T18:00:00+00:00,68143.45,68200.97,68100.96,68185.97,964
2026-07-14T18:30:00+00:00,68185.97,68210.97,68063.95,68118.45,1187
2026-07-14T19:00:00+00:00,68118.45,68155.97,68025.96,68083.45,1244
2026-07-14T19:30:00+00:00,68083.45,68220.97,68035.95,68160.97,2092
2026-07-14T20:00:00+00:00,68160.97,68208.45,68118.95,68138.96,381
2026-07-14T20:30:00+00:00,68138.96,68213.45,68108.97,68210.95,184.61613007429742
2026-07-14T22:00:00+00:00,68210.95,68379.96,68134.97,68324.97,90
2026-07-14T22:30:00+00:00,68324.97,68384.98,68269.97,68284.48,69
2026-07-14T23:00:00+00:00,68284.48,68354.96,68209.96,68319.96,214
2026-07-14T23:30:00+00:00,68319.96,68519.97,68269.98,68354.96,1258
2026-07-15T00:00:00+00:00,68354.96,68854.96,68119.98,68704.97,6311
2026-07-15T00:30:00+00:00,68704.97,68749.46,68149.97,68309.98,5473
2026-07-15T01:00:00+00:00,68309.98,68366.98,67939.98,68064.96,4754
2026-07-15T01:30:00+00:00,68064.96,68404.48,67894.97,68399.97,4098
2026-07-15T02:00:00+00:00,68399.97,68494.96,68344.96,68434.97,1772
2026-07-15T02:30:00+00:00,68434.97,68559.47,68434.96,68454.98,714
2026-07-15T03:00:00+00:00,68454.98,68594.48,68449.96,68589.48,645
2026-07-15T03:30:00+00:00,68589.48,68704.47,68479.97,68674.96,1335
2026-07-15T04:00:00+00:00,68674.96,68749.48,68569.98,68574.47,1073
2026-07-15T04:30:00+00:00,68574.47,68689.48,68539.97,68681.96,1150
2026-07-15T05:00:00+00:00,68681.96,68889.48,68464.97,68514.98,3330
2026-07-15T05:30:00+00:00,68514.98,68804.47,68464.97,68804.47,1810
2026-07-15T06:00:00+00:00,68804.47,68839.47,68679.97,68759.46,1584
2026-07-15T06:30:00+00:00,68759.46,68884.48,68759.46,68774.48,1479
2026-07-15T07:00:00+00:00,68774.48,68904.48,68564.46,68649.48,1185
2026-07-15T07:30:00+00:00,68649.48,68764.47,68559.96,68721.96,907
2026-07-15T08:00:00+00:00,68721.96,68724.46,68274.96,68439.47,2016
2026-07-15T08:30:00+00:00,68439.47,68536.98,68384.46,68529.46,1294
2026-07-15T09:00:00+00:00,68529.46,68624.48,68524.48,68544.47,974
2026-07-15T09:30:00+00:00,68544.47,68551.97,68384.47,68399.46,1000
2026-07-15T10:00:00+00:00,68399.46,68474.48,68314.47,68344.46,1276
2026-07-15T10:30:00+00:00,68344.46,68424.46,68319.47,68331.97,1143
2026-07-15T11:00:00+00:00,68331.97,68394.47,68296.98,68324.46,1268
2026-07-15T11:30:00+00:00,68324.46,68406.98,68271.96,68279.48,1243
2026-07-15T12:00:00+00:00,68279.48,68309.47,68164.97,68214.98,1379
2026-07-15T12:30:00+00:00,68214.98,68539.48,68194.97,68524.47,2035
2026-07-15T13:00:00+00:00,68524.47,68636.97,68389.96,68444.46,1271
2026-07-15T13:30:00+00:00,68444.46,68464.48,67999.47,68171.97,6913
2026-07-15T14:00:00+00:00,68171.97,68209.46,67656.97,67814.47,6288
2026-07-15T14:30:00+00:00,67814.47,67831.97,67504.98,67616.96,6724
2026-07-15T15:00:00+00:00,67616.96,67691.97,67429.47,67644.46,5900
2026-07-15T15:30:00+00:00,67644.46,67696.98,67559.96,67566.98,3823
2026-07-15T16:00:00+00:00,67566.98,67609.48,67116.96,67189.47,3979
2026-07-15T16:30:00+00:00,67189.47,67336.98,67074.46,67284.47,3884
2026-07-15T17:00:00+00:00,67284.47,67561.96,67274.46,67546.97,1908
2026-07-15T17:30:00+00:00,67546.97,67789.46,67546.97,67749.48,2124
2026-07-15T18:00:00+00:00,67749.48,67856.98,67734.46,67856.98,1284
2026-07-15T18:30:00+00:00,67856.98,67894.47,67589.48,67616.97,1702
2026-07-15T19:00:00+00:00,67616.97,67741.96,67594.97,67676.96,1349
2026-07-15T19:30:00+00:00,67676.96,67791.97,67594.98,67789.48,2292
2026-07-15T20:00:00+00:00,67789.48,67816.96,67659.96,67789.96,468
2026-07-15T20:30:00+00:00,67789.96,67794.47,67634.96,67661.96,254.65189873417722
2026-07-15T22:00:00+00:00,67661.96,67855.38,67661.96,67810.38,85
2026-07-15T22:30:00+00:00,67810.38,67839.87,67765.36,67820.38,131
2026-07-15T23:00:00+00:00,67820.38,67839.88,67742.86,67823.35,194.748521562431
2026-07-15T23:30:00+00:00,67823.35,67895.37000000001,67393.35,67418.35,1272
2026-07-16T00:00:00+00:00,67418.35,67793.37000000001,66963.35,67007.87000000001,7766
2026-07-16T00:30:00+00:00,67007.87000000001,67122.85,66598.35,66738.36,4727
2026-07-16T01:00:00+00:00,66738.36,66837.86,66573.36,66677.87000000001,4751
2026-07-16T01:30:00+00:00,66677.87000000001,67047.87000000001,66568.37000000001,66808.37000000001,5554
2026-07-16T02:00:00+00:00,66808.37000000001,66882.87000000001,66553.36,66882.87000000001,3558
2026-07-16T02:30:00+00:00,66882.87000000001,67132.85,66843.35,67093.37000000001,1909
2026-07-16T03:00:00+00:00,67093.37000000001,67217.87000000001,66843.36,66908.37000000001,1513
2026-07-16T03:30:00+00:00,66908.37000000001,67232.86,66878.36,67228.35,3344
2026-07-16T04:00:00+00:00,67228.35,67282.87000000001,66993.35,67015.37000000001,1932
2026-07-16T04:30:00+00:00,67015.37000000001,67017.87000000001,66778.35,66828.36,1916
2026-07-16T05:00:00+00:00,66828.36,67103.36,66743.37000000001,67102.86,2954
2026-07-16T05:30:00+00:00,67102.86,67222.87000000001,66643.35,66725.35,4134
2026-07-16T06:00:00+00:00,66725.35,67100.35,66598.36,66967.86,5261
2026-07-16T06:30:00+00:00,66967.86,67012.86,66743.37000000001,66973.35,1765
2026-07-16T07:00:00+00:00,66973.35,66982.87000000001,66698.35,66727.87000000001,1281
2026-07-16T07:30:00+00:00,66727.87000000001,66762.87000000001,66468.37000000001,66482.86,1049
2026-07-16T08:00:00+00:00,66482.86,66595.37000000001,66273.36,66492.87000000001,3615
2026-07-16T08:30:00+00:00,66492.87000000001,66747.87000000001,66475.36,66737.86,2124
2026-07-16T09:00:00+00:00,66737.86,66915.37000000001,66737.85,66832.87000000001,1755
2026-07-16T09:30:00+00:00,66832.87000000001,66867.86,66598.35,66613.35,2028
2026-07-16T10:00:00+00:00,66613.35,66752.85,66558.35,66652.85,1816
2026-07-16T10:30:00+00:00,66652.85,66712.87000000001,66543.35,66597.87000000001,1523
2026-07-16T11:00:00+00:00,66597.87000000001,66597.87000000001,66298.35,66412.87000000001,2508
2026-07-16T11:30:00+00:00,66412.87000000001,66437.87000000001,66143.37000000001,66372.87000000001,2810
2026-07-16T12:00:00+00:00,66372.87000000001,66457.87000000001,66143.36,66213.36,2200
2026-07-16T12:30:00+00:00,66213.36,66248.35,66013.37000000001,66103.37000000001,2944
2026-07-16T13:00:00+00:00,66103.37000000001,66392.86,66093.35,66372.87000000001,1831
2026-07-16T13:30:00+00:00,66372.87000000001,66487.86,66033.35,66258.36,8601
2026-07-16T14:00:00+00:00,66258.36,66582.85,66228.35,66463.36,9229
2026-07-16T14:30:00+00:00,66463.36,66470.36,66243.35,66417.86,7192
2026-07-16T15:00:00+00:00,66417.86,66600.35,66258.35,66492.87000000001,5791
2026-07-16T15:30:00+00:00,66492.87000000001,66647.87000000001,66413.36,66493.35,4055
2026-07-16T16:00:00+00:00,66493.35,66498.37000000001,66083.36,66163.35,4671
2026-07-16T16:30:00+00:00,66163.35,66302.87000000001,66103.36,66268.35,3294
2026-07-16T17:00:00+00:00,66268.35,66292.85,66163.35,66257.87000000001,2661
2026-07-16T17:30:00+00:00,66257.87000000001,66287.87000000001,66038.36,66080.35,2918
2026-07-16T18:00:00+00:00,66080.35,66162.85,65958.35,66092.87000000001,3023
2026-07-16T18:30:00+00:00,66092.87000000001,66092.87000000001,65868.36,65892.86,3094
2026-07-16T19:00:00+00:00,65892.86,65992.87000000001,65738.35,65802.87000000001,3099
2026-07-16T19:30:00+00:00,65802.87000000001,66025.35,65708.35,66003.35,3362
2026-07-16T20:00:00+00:00,66003.35,66007.85,65848.35,65865.36,734
2026-07-16T20:30:00+00:00,65865.36,65930.36,65813.35,65930.36,369
2026-07-16T22:00:00+00:00,65932.37,65940.26,65805.25,65805.25,86
2026-07-16T22:30:00+00:00,65805.25,65885.27,65740.26,65805.27,188
2026-07-16T23:00:00+00:00,65805.27,65849.77,65675.27,65775.26,572
2026-07-16T23:30:00+00:00,65775.26,65925.26,65505.27,65505.27,1848
2026-07-17T00:00:00+00:00,65505.27,65769.76,64590.27,64620.25,13670
2026-07-17T00:30:00+00:00,64620.25,65010.27,64220.25,64789.76,10516
2026-07-17T01:00:00+00:00,64789.76,65134.77,64615.25,64650.25,7973
2026-07-17T01:30:00+00:00,64650.25,64650.25,64215.27,64275.26,6510
2026-07-17T02:00:00+00:00,64275.26,64360.26,64055.25,64120.25,3045
2026-07-17T02:30:00+00:00,64120.25,64159.76,64010.26,64105.25,1231
2026-07-17T03:00:00+00:00,64105.25,64449.77,64080.25,64424.75,1486
2026-07-17T03:30:00+00:00,64424.75,64424.75,63795.25,63795.26,3035
2026-07-17T04:00:00+00:00,63795.26,63825.26,63140.27,63215.25,3632
2026-07-17T04:30:00+00:00,63215.25,63465.26,62790.25,63340.26,7251
2026-07-17T05:00:00+00:00,63340.26,63574.75,63200.26,63395.27,4723
2026-07-17T05:30:00+00:00,63395.27,63760.27,63245.26,63745.25,5440
2026-07-17T06:00:00+00:00,63745.25,64367.27,63745.25,64315.26,5006
2026-07-17T06:30:00+00:00,64315.26,64315.26,63915.25,63977.25,2313
2026-07-17T07:00:00+00:00,63977.25,64099.76,63889.76,64092.27,2150
2026-07-17T07:30:00+00:00,64092.27,64104.77,63890.25,63939.75,1609
2026-07-17T08:00:00+00:00,63939.75,64372.25,63597.26,63910.27,6924
2026-07-17T08:30:00+00:00,63910.27,63929.77,63612.26,63834.76,4912
2026-07-17T09:00:00+00:00,63834.76,64087.26,63707.26,64044.77,4378
2026-07-17T09:30:00+00:00,64044.77,64094.77,63900.26,63975.27,3463
2026-07-17T10:00:00+00:00,63975.27,64249.77,63915.25,64200.27,3582
2026-07-17T10:30:00+00:00,64200.27,64404.75,64200.25,64320.26,2251
2026-07-17T11:00:00+00:00,64320.26,64379.75,64105.25,64225.26,2618
2026-07-17T11:30:00+00:00,64225.26,64349.76,64170.25,64310.26,2110
2026-07-17T12:00:00+00:00,64310.26,64379.75,64135.25,64200.26,2420
2026-07-17T12:30:00+00:00,64200.26,64244.77,64020.25,64069.76,1891
2026-07-17T13:00:00+00:00,64069.76,64082.26,63727.26,63769.75,4064
2026-07-17T13:30:00+00:00,63769.75,64194.77,63425.27,64180.27,14821
2026-07-17T14:00:00+00:00,64180.27,64694.77,64175.25,64649.77,8219
2026-07-17T14:30:00+00:00,64649.77,64709.77,64350.25,64365.26,9571
2026-07-17T15:00:00+00:00,64365.26,64592.26,64207.26,64582.26,10758
2026-07-17T15:30:00+00:00,64582.26,64987.27,64474.77,64972.27,8506
2026-07-17T16:00:00+00:00,64972.27,65014.77,64772.27,64889.77,4736
2026-07-17T16:30:00+00:00,64889.77,65129.77,64840.25,65039.75,2295
2026-07-17T17:00:00+00:00,65039.75,65234.77,65015.26,65219.75,2802
2026-07-17T17:30:00+00:00,65219.75,65229.77,64990.25,65019.75,2450
2026-07-17T18:00:00+00:00,65019.75,65132.27,64984.75,65114.75,3041
2026-07-17T18:30:00+00:00,65114.75,65199.77,64985.25,65129.77,2396
2026-07-17T19:00:00+00:00,65129.77,65144.75,64895.26,65070.26,2371
2026-07-17T19:30:00+00:00,65070.26,65249.75,65040.26,65132.26,2564
2026-07-17T20:00:00+00:00,65132.26,65134.77,64955.26,65089.75,878
2026-07-17T20:30:00+00:00,65089.75,65124.75,65065.25,65100.25,275
2026-07-19T22:00:00+00:00,64949.07,64964.57,64624.58,64764.57,494
2026-07-19T22:30:00+00:00,64764.57,65054.57,64699.59,64789.57,350
2026-07-19T23:00:00+00:00,64789.57,64944.59,64749.57,64799.59,214.936612487834
2026-07-19T23:30:00+00:00,64799.59,65094.59,64604.57,65059.59,2134
2026-07-20T00:00:00+00:00,65059.59,65379.59,64769.59,65069.58,6826
2026-07-20T00:30:00+00:00,65069.58,65094.58,64664.59,64784.58,7808
2026-07-20T01:00:00+00:00,64784.58,65174.09,64744.57,64889.58,8622
2026-07-20T01:30:00+00:00,64889.58,65046.59,64644.57,64849.59,7159
2026-07-20T02:00:00+00:00,64849.59,65089.57,64624.57,64699.57,5431
2026-07-20T02:30:00+00:00,64699.57,65144.57,64699.57,65009.59,4589
2026-07-20T03:00:00+00:00,65009.59,65079.09,64834.57,64904.59,3752
2026-07-20T03:30:00+00:00,64904.59,65174.58,64879.58,65044.57,3016
2026-07-20T04:00:00+00:00,65044.57,65134.08,64839.57,65029.59,3570
2026-07-20T04:30:00+00:00,65029.59,65289.58,64984.57,65094.07,2815
2026-07-20T05:00:00+00:00,65094.07,65134.07,64824.57,64919.58,4245
2026-07-20T05:30:00+00:00,64919.58,64964.09,64784.59,64849.07,3550
2026-07-20T06:00:00+00:00,64849.07,64919.09,64739.57,64759.09,2462
2026-07-20T06:30:00+00:00,64759.09,64829.08,64659.07,64829.08,1218
2026-07-20T07:00:00+00:00,64829.08,65089.08,64794.57,65084.07,1827
2026-07-20T07:30:00+00:00,65084.07,65234.09,65059.09,65149.07,1726
2026-07-20T08:00:00+00:00,65149.07,65389.08,65141.59,65251.59,2858
2026-07-20T08:30:00+00:00,65251.59,65266.59,65084.09,65209.07,1627
2026-07-20T09:00:00+00:00,65209.07,65271.59,65141.57,65211.58,1801
2026-07-20T09:30:00+00:00,65211.58,65516.58,65199.08,65421.59,1932
2026-07-20T10:00:00+00:00,65421.59,65444.09,65259.09,65349.07,1175
2026-07-20T10:30:00+00:00,65349.07,65496.57,65291.57,65484.08,1204
2026-07-20T11:00:00+00:00,65484.08,65689.08,65484.08,65574.09,1485
2026-07-20T11:30:00+00:00,65574.09,65974.09,65564.07,65749.07,4318
2026-07-20T12:00:00+00:00,65749.07,65759.08,65394.07,65611.58,3254
2026-07-20T12:30:00+00:00,65611.58,65659.09,65464.08,65524.08,1843
2026-07-20T13:00:00+00:00,65524.08,65656.58,65521.57,65624.07,2084
2026-07-20T13:30:00+00:00,65624.07,65916.57,65599.57,65664.08,6104
2026-07-20T14:00:00+00:00,65664.08,65876.57,65589.09,65836.57,7007
2026-07-20T14:30:00+00:00,65836.57,65866.59,65276.59,65339.07,6894
2026-07-20T15:00:00+00:00,65339.07,65644.07,65246.58,65614.08,5628
2026-07-20T15:30:00+00:00,65614.08,65764.09,65551.57,65724.07,3234
2026-07-20T16:00:00+00:00,65724.07,65869.07,65699.57,65764.08,1402
2026-07-20T16:30:00+00:00,65764.08,65794.07,65444.07,65506.57,2359
2026-07-20T17:00:00+00:00,65506.57,65569.09,65411.57,65526.57,2519
2026-07-20T17:30:00+00:00,65526.57,65564.09,65404.08,65509.08,2063
2026-07-20T18:00:00+00:00,65509.08,65631.59,65449.09,65451.59,2096
2026-07-20T18:30:00+00:00,65451.59,65454.09,65169.57,65239.07,3176
2026-07-20T19:00:00+00:00,65239.07,65314.09,64984.09,65174.57,4018
2026-07-20T19:30:00+00:00,65174.57,65284.08,65074.57,65114.07,4199
2026-07-20T20:00:00+00:00,65114.07,65189.08,65034.57,65089.09,685
2026-07-20T20:30:00+00:00,65089.09,65179.09,65074.57,65104.08,300
2026-07-20T22:00:00+00:00,65104.08,65104.08,64946.3,64976.32,149
2026-07-20T22:30:00+00:00,64976.32,64996.32,64845.8,64881.32,146
2026-07-20T23:00:00+00:00,64881.32,65211.31,64876.32,65151.32,374
2026-07-20T23:30:00+00:00,65151.32,65191.31,64635.82,64905.81,4318
2026-07-21T00:00:00+00:00,64905.81,65160.81,64311.3,65046.31,20860
2026-07-21T00:30:00+00:00,65046.31,65246.32,64816.31,64931.31,13337
2026-07-21T01:00:00+00:00,64931.31,65560.82,64696.31,65560.82,12213
2026-07-21T01:30:00+00:00,65560.82,65746.31,65271.3,65316.3,7663
2026-07-21T02:00:00+00:00,65316.3,65510.81,65111.31,65351.32,5919
2026-07-21T02:30:00+00:00,65351.32,65665.81,65346.31,65581.32,2569
2026-07-21T03:00:00+00:00,65581.32,65715.82,65581.32,65685.8,1669
2026-07-21T03:30:00+00:00,65685.8,66085.82,65616.3,66071.3,4475
2026-07-21T04:00:00+00:00,66071.3,66125.82,65816.3,65931.32,3532
2026-07-21T04:30:00+00:00,65931.32,66110.81,65886.31,65946.3,2312
2026-07-21T05:00:00+00:00,65946.3,66025.81,65721.3,65965.8,3237
2026-07-21T05:30:00+00:00,65965.8,66195.8,65876.32,66086.31,3203
2026-07-21T06:00:00+00:00,66086.31,66280.82,66048.3,66228.3,3298
2026-07-21T06:30:00+00:00,66228.3,66378.3,66228.3,66300.8,2356
2026-07-21T07:00:00+00:00,66300.8,66385.82,66158.32,66195.82,1078
2026-07-21T07:30:00+00:00,66195.82,66285.81,66113.3,66260.81,924
2026-07-21T08:00:00+00:00,66260.81,66415.81,66175.82,66338.32,3319
2026-07-21T08:30:00+00:00,66338.32,66378.3,66213.3,66240.8,1963
2026-07-21T09:00:00+00:00,66240.8,66383.3,66200.8,66210.8,1722
2026-07-21T09:30:00+00:00,66210.8,66293.31,66155.82,66168.31,1056
2026-07-21T10:00:00+00:00,66168.31,66313.31,66160.8,66218.31,1958
2026-07-21T10:30:00+00:00,66218.31,66310.8,66103.3,66110.8,1090
2026-07-21T11:00:00+00:00,66110.8,66165.8,65985.82,66078.32,1325
2026-07-21T11:30:00+00:00,66078.32,66130.8,66043.31,66078.32,803
2026-07-21T12:00:00+00:00,66078.32,66230.81,66065.82,66110.82,1579
2026-07-21T12:30:00+00:00,66110.82,66305.82,66013.3,66285.8,1794
2026-07-21T13:00:00+00:00,66285.8,66405.81,66216.32,66405.81,1595
2026-07-21T13:30:00+00:00,66405.81,66445.82,66153.31,66423.3,9623
2026-07-21T14:00:00+00:00,66423.3,66863.32,66408.3,66838.3,6042
2026-07-21T14:30:00+00:00,66838.3,67025.82,66783.3,67003.31,3416
2026-07-21T15:00:00+00:00,67003.31,67268.31,66958.3,67235.81,3298
2026-07-21T15:30:00+00:00,67235.81,67288.32,67188.3,67238.3,2188
2026-07-21T16:00:00+00:00,67238.3,67328.31,67223.3,67238.3,1305
2026-07-21T16:30:00+00:00,67238.3,67303.3,67223.31,67263.3,820
2026-07-21T17:00:00+00:00,67263.3,67275.82,67173.3,67233.32,881
2026-07-21T17:30:00+00:00,67233.32,67273.32,67193.31,67228.32,765
2026-07-21T18:00:00+00:00,67228.32,67295.82,67213.3,67253.32,736
2026-07-21T18:30:00+00:00,67253.32,67270.81,67200.81,67213.3,674
2026-07-21T19:00:00+00:00,67213.3,67228.32,67148.3,67153.3,879
2026-07-21T19:30:00+00:00,67153.3,67200.82,67068.32,67173.32,1138
2026-07-21T20:00:00+00:00,67173.32,67200.82,67146.31,67173.31,475
2026-07-21T20:30:00+00:00,67173.31,67215.81,67146.3,67215.81,287
2026-07-21T22:00:00+00:00,67215.81,67270.23,67150.24,67165.22,157
2026-07-21T22:30:00+00:00,67165.22,67222.23,67105.22,67140.24,155
2026-07-21T23:00:00+00:00,67140.24,67194.74,67040.22,67074.72,372
2026-07-21T23:30:00+00:00,67074.72,67544.73,67055.22,67495.23,2732
2026-07-22T00:00:00+00:00,67495.23,67584.74,67235.23,67554.73,12771
2026-07-22T00:30:00+00:00,67554.73,67654.74,67205.22,67410.24,8768
2026-07-22T01:00:00+00:00,67410.24,67604.72,67180.22,67479.73,7265
2026-07-22T01:30:00+00:00,67479.73,67642.23,67410.22,67574.72,4292
2026-07-22T02:00:00+00:00,67574.72,67619.72,67400.22,67515.24,4446
2026-07-22T02:30:00+00:00,67515.24,67519.73,67295.23,67329.73,2344
2026-07-22T03:00:00+00:00,67329.73,67399.74,67175.22,67390.22,2357
2026-07-22T03:30:00+00:00,67390.22,67444.73,66825.24,66985.24,5094
2026-07-22T04:00:00+00:00,66985.24,67144.74,66915.22,67100.22,2961
2026-07-22T04:30:00+00:00,67100.22,67104.72,66720.22,66834.74,2676
2026-07-22T05:00:00+00:00,66834.74,66844.74,66240.23,66390.23,6791
2026-07-22T05:30:00+00:00,66390.23,66539.73,66210.22,66310.24,7002
2026-07-22T06:00:00+00:00,66310.24,66315.22,66029.73,66084.72,3374
2026-07-22T06:30:00+00:00,66084.72,66184.73,65995.22,66049.73,1762
2026-07-22T07:00:00+00:00,66049.73,66224.74,65964.72,66200.23,1136
2026-07-22T07:30:00+00:00,66200.23,66209.72,65770.23,65844.74,1938
2026-07-22T08:00:00+00:00,65844.74,66089.74,65752.22,66032.24,3614
2026-07-22T08:30:00+00:00,66032.24,66117.22,65882.24,65904.73,2201
2026-07-22T09:00:00+00:00,65904.73,66119.74,65890.24,65954.73,2222
2026-07-22T09:30:00+00:00,65954.73,65959.72,65782.22,65922.22,2200
2026-07-22T10:00:00+00:00,65922.22,66199.74,65919.73,66169.72,2052
2026-07-22T10:30:00+00:00,66169.72,66237.23,66114.73,66189.73,1734
2026-07-22T11:00:00+00:00,66189.73,66209.73,65987.22,66007.22,2024
2026-07-22T11:30:00+00:00,66007.22,66089.74,65839.73,65937.22,1907
2026-07-22T12:00:00+00:00,65937.22,65982.24,65824.72,65897.24,1532
2026-07-22T12:30:00+00:00,65897.24,65987.24,65615.23,65799.72,2439
2026-07-22T13:00:00+00:00,65799.72,65977.23,65799.72,65927.24,1456
2026-07-22T13:30:00+00:00,65927.24,66129.74,65922.23,66104.74,4916
2026-07-22T14:00:00+00:00,66104.74,66154.72,65964.72,66124.72,4637
2026-07-22T14:30:00+00:00,66124.72,66214.74,66074.72,66204.73,5334
2026-07-22T15:00:00+00:00,66204.73,66474.72,66204.72,66424.72,3183
2026-07-22T15:30:00+00:00,66424.72,66634.74,66357.22,66585.24,3591
2026-07-22T16:00:00+00:00,66585.24,66647.24,66534.72,66564.73,2068
2026-07-22T16:30:00+00:00,66564.73,66644.74,66530.22,66617.24,1880
2026-07-22T17:00:00+00:00,66617.24,66712.23,66600.24,66679.73,1771
2026-07-22T17:30:00+00:00,66679.73,66719.74,66539.74,66554.72,1987
2026-07-22T18:00:00+00:00,66554.72,66589.74,66479.72,66504.74,2194
2026-07-22T18:30:00+00:00,66504.74,66539.73,66434.72,66512.23,1736
2026-07-22T19:00:00+00:00,66512.23,66529.73,66424.72,66492.22,1876
2026-07-22T19:30:00+00:00,66492.22,66502.23,66339.72,66364.74,3016
2026-07-22T20:00:00+00:00,66364.74,66589.73,66305.23,66510.24,3611
2026-07-22T20:30:00+00:00,66510.24,66510.24,66305.22,66317.24,1168
2026-07-22T22:00:00+00:00,66317.24,66317.24,66026.61,66041.63,237
2026-07-22T22:30:00+00:00,66041.63,66141.12,65916.61,66126.61,262
2026-07-22T23:00:00+00:00,66126.61,66266.63,66031.61,66236.63,511
2026-07-22T23:30:00+00:00,66236.63,66676.62,66206.62,66651.62,2534
2026-07-23T00:00:00+00:00,66651.62,67016.11,66491.62,66701.61,10819
2026-07-23T00:30:00+00:00,66701.61,67038.61,66606.63,66991.61,7827
2026-07-23T01:00:00+00:00,66991.61,67081.63,66801.61,66876.11,6490
2026-07-23T01:30:00+00:00,66876.11,66891.62,66556.62,66581.62,6330
2026-07-23T02:00:00+00:00,66581.62,66746.11,66431.61,66481.61,4278
2026-07-23T02:30:00+00:00,66481.61,66631.63,66411.62,66461.63,2327
2026-07-23T03:00:00+00:00,66461.63,66481.62,66251.61,66346.61,1756
2026-07-23T03:30:00+00:00,66346.61,66661.12,66321.62,66606.61,3646
2026-07-23T04:00:00+00:00,66606.61,66656.13,66371.61,66576.63,2558
2026-07-23T04:30:00+00:00,66576.63,66666.13,66486.62,66561.11,2391
2026-07-23T05:00:00+00:00,66561.11,66781.62,66466.61,66781.62,2925
2026-07-23T05:30:00+00:00,66781.62,66866.63,66406.61,66406.61,2914
2026-07-23T06:00:00+00:00,66406.61,66496.63,66271.61,66421.13,2448
2026-07-23T06:30:00+00:00,66421.13,66476.11,66246.11,66263.62,1465
2026-07-23T07:00:00+00:00,66263.62,66273.61,65961.11,66141.11,2048
2026-07-23T07:30:00+00:00,66141.11,66151.13,65886.13,66081.12,1498
2026-07-23T08:00:00+00:00,66081.12,66391.13,66036.62,66336.13,2707
2026-07-23T08:30:00+00:00,66336.13,66366.11,66166.61,66351.12,1483
2026-07-23T09:00:00+00:00,66351.12,66526.11,66231.13,66253.63,1613
2026-07-23T09:30:00+00:00,66253.63,66363.63,66216.61,66276.11,1045
2026-07-23T10:00:00+00:00,66276.11,66318.63,66218.63,66296.12,1489
2026-07-23T10:30:00+00:00,66296.12,66461.12,66283.63,66431.13,1218
2026-07-23T11:00:00+00:00,66431.13,66461.11,66241.11,66261.12,1443
2026-07-23T11:30:00+00:00,66261.12,66291.13,66011.63,66271.12,2451
2026-07-23T12:00:00+00:00,66271.12,66286.12,65926.61,65946.61,2139
2026-07-23T12:30:00+00:00,65946.61,65993.62,65706.63,65793.63,3120
2026-07-23T13:00:00+00:00,65793.63,65831.12,65531.62,65611.62,4832
2026-07-23T13:30:00+00:00,65611.62,66021.13,65516.12,65546.11,10756
2026-07-23T14:00:00+00:00,65546.11,65673.62,65351.11,65461.13,12174
2026-07-23T14:30:00+00:00,65461.13,65563.62,65233.62,65356.13,8235
2026-07-23T15:00:00+00:00,65356.13,65376.12,65051.11,65106.12,6940
2026-07-23T15:30:00+00:00,65106.12,65241.13,65001.11,65201.13,4873
2026-07-23T16:00:00+00:00,65201.13,65488.62,65181.13,65461.12,3822
2026-07-23T16:30:00+00:00,65461.12,65503.63,65283.61,65341.12,3133
2026-07-23T17:00:00+00:00,65341.12,65411.11,65233.62,65353.61,3685
2026-07-23T17:30:00+00:00,65353.61,65363.61,65201.12,65206.12,3339
2026-07-23T18:00:00+00:00,65206.12,65268.63,65168.61,65256.13,2757
2026-07-23T18:30:00+00:00,65256.13,65316.12,65171.12,65208.63,2695
2026-07-23T19:00:00+00:00,65208.63,65351.13,65136.13,65348.61,2167
2026-07-23T19:30:00+00:00,65348.61,65396.13,65163.62,65378.62,3045
2026-07-23T20:00:00+00:00,65378.62,65626.62,65371.62,65581.63,1723
2026-07-23T20:30:00+00:00,65581.63,65626.63,65421.63,65446.12,532
2026-07-23T22:00:00+00:00,65446.12,65446.12,65258,65268.02,140
2026-07-23T22:30:00+00:00,65268.02,65478.01,65268,65468.02,280
2026-07-23T23:00:00+00:00,65468.02,65527.52,65398,65498,363
2026-07-23T23:30:00+00:00,65498,65712.51,65378.02,65433,3864
2026-07-24T00:00:00+00:00,65433,65712.51,64653,64733,15609
2026-07-24T00:30:00+00:00,64733,65077.51,64548,64863.02,11164
2026-07-24T01:00:00+00:00,64863.02,64927.5,64513.01,64693.01,9337
2026-07-24T01:30:00+00:00,64693.01,64828,64398,64452.51,9210
2026-07-24T02:00:00+00:00,64452.51,64622.5,64418,64608.01,6305
2026-07-24T02:30:00+00:00,64608.01,64632.51,64238,64268.01,3394
2026-07-24T03:00:00+00:00,64268.01,64577.52,64213.01,64548,4294
2026-07-24T03:30:00+00:00,64548,64577.51,64288.02,64338,8994
2026-07-24T04:00:00+00:00,64338,64692.52,64263.02,64642.5,5926
2026-07-24T04:30:00+00:00,64642.5,64652.51,64447.51,64582.5,5830
2026-07-24T05:00:00+00:00,64582.5,64703.01,64443,64623.02,5788
2026-07-24T05:30:00+00:00,64623.02,64677.5,64463,64508,4785
2026-07-24T06:00:00+00:00,64508,64782.51,64418.01,64637.52,3627
2026-07-24T06:30:00+00:00,64637.52,64682.51,64463.01,64662.51,2191
2026-07-24T07:00:00+00:00,64662.51,65087.5,64653,65043.01,1907
2026-07-24T07:30:00+00:00,65043.01,65057.52,64943,64973,1481
2026-07-24T08:00:00+00:00,64973,64997.52,64643,64838.02,4315
2026-07-24T08:30:00+00:00,64838.02,64967.52,64813,64923.01,2829
2026-07-24T09:00:00+00:00,64923.01,65037.51,64843,64953,3084
2026-07-24T09:30:00+00:00,64953,65097.5,64938.02,65087.51,2184
2026-07-24T10:00:00+00:00,65087.51,65120.02,65038,65092.52,1636
2026-07-24T10:30:00+00:00,65092.52,65127.52,64973,65028,1737
2026-07-24T11:00:00+00:00,65028,65090.02,64993,65022.52,2091
2026-07-24T11:30:00+00:00,65022.52,65202.52,64922.51,65123.02,2677
2026-07-24T12:00:00+00:00,65123.02,65222.52,64983.01,65153,3105
2026-07-24T12:30:00+00:00,65153,65162.51,64838,64887.51,2252
2026-07-24T13:00:00+00:00,64887.51,65007.5,64868,64872.51,2339
2026-07-24T13:30:00+00:00,64872.51,64892.5,64478,64508.02,12489
2026-07-24T14:00:00+00:00,64508.02,64832.52,64468,64553,12467
2026-07-24T14:30:00+00:00,64553,64667.52,64263.01,64642.51,9365
2026-07-24T15:00:00+00:00,64642.51,64947.52,64458,64823,11872
2026-07-24T15:30:00+00:00,64823,65012.5,64788.02,64997.51,5933
2026-07-24T16:00:00+00:00,64997.51,65072.51,64928,64957.5,2699
2026-07-24T16:30:00+00:00,64957.5,64957.5,64678,64782.51,4108
2026-07-24T17:00:00+00:00,64782.51,64877.52,64633,64862.51,4307
2026-07-24T17:30:00+00:00,64862.51,64917.52,64733,64752.5,2571
2026-07-24T18:00:00+00:00,64752.5,64797.51,64557.51,64563,2338
2026-07-24T18:30:00+00:00,64563,64577.52,64338.01,64497.52,3410
2026-07-24T19:00:00+00:00,64497.52,64542.51,64273,64342.52,3095
2026-07-24T19:30:00+00:00,64342.52,64462.52,64328,64413.02,3989
2026-07-24T20:00:00+00:00,64413.02,64417.5,64293.02,64323.02,961
2026-07-24T20:30:00+00:00,64323.02,64360.01,64283,64360.01,334
2026-07-26T22:00:00+00:00,64360.01,65715.07,64360.01,65525.55,409
2026-07-26T22:30:00+00:00,65525.55,65685.57,65360.57,65600.56,264
2026-07-26T23:00:00+00:00,65600.56,65600.56,65335.57,65430.57,414.9480890204578
2026-07-26T23:30:00+00:00,65430.57,65630.57,65270.55,65415.57,2765
2026-07-27T00:00:00+00:00,65415.57,65415.57,64630.56,64700.07,16783
2026-07-27T00:30:00+00:00,64700.07,65005.06,64490.07,64530.57,13643
2026-07-27T01:00:00+00:00,64530.57,64635.07,64195.56,64310.57,11524
2026-07-27T01:30:00+00:00,64310.57,64820.06,64295.55,64820.06,12336
2026-07-27T02:00:00+00:00,64820.06,64965.07,64685.55,64875.06,6315
2026-07-27T02:30:00+00:00,64875.06,64930.07,64640.56,64680.07,3442
2026-07-27T03:00:00+00:00,64680.07,64997.57,64635.56,64900.56,2726
2026-07-27T03:30:00+00:00,64900.56,64960.55,64515.56,64620.55,6791
2026-07-27T04:00:00+00:00,64620.55,64825.05,64530.55,64695.57,5562
2026-07-27T04:30:00+00:00,64695.57,65000.05,64610.55,64835.07,3595
2026-07-27T05:00:00+00:00,64835.07,64930.06,64815.55,64890.55,3252
2026-07-27T05:30:00+00:00,64890.55,64950.07,64815.55,64870.55,3087
2026-07-27T06:00:00+00:00,64870.55,65115.07,64870.55,65085.05,2517
2026-07-27T06:30:00+00:00,65085.05,65185.05,65020.55,65035.06,1322
2026-07-27T07:00:00+00:00,65035.06,65180.07,65005.55,65065.56,1304
2026-07-27T07:30:00+00:00,65065.56,65070.56,64930.56,64945.55,993
2026-07-27T08:00:00+00:00,64945.55,65110.07,64880.56,65050.55,4126
2026-07-27T08:30:00+00:00,65050.55,65240.07,65010.57,65200.56,2328
2026-07-27T09:00:00+00:00,65200.56,65205.07,65110.55,65135.56,1495
2026-07-27T09:30:00+00:00,65135.56,65255.07,65125.55,65210.55,1260
2026-07-27T10:00:00+00:00,65210.55,65240.07,65165.55,65195.06,1113
2026-07-27T10:30:00+00:00,65195.06,65320.07,65155.55,65285.07,802
2026-07-27T11:00:00+00:00,65285.07,65295.06,64970.56,64970.57,1542
2026-07-27T11:30:00+00:00,64970.57,65080.07,64970.55,65035.57,1643
2026-07-27T12:00:00+00:00,65035.57,65115.07,64915.55,64960.56,1851
2026-07-27T12:30:00+00:00,64960.56,65220.07,64945.07,65220.06,1439
2026-07-27T13:00:00+00:00,65220.06,65230.07,64900.55,64900.55,1789
2026-07-27T13:30:00+00:00,64900.55,65005.05,64395.55,64432.57,12202
2026-07-27T14:00:00+00:00,64432.57,64480.07,63900.07,63905.56,11731
2026-07-27T14:30:00+00:00,63905.56,64075.57,63655.55,64065.06,13751
2026-07-27T15:00:00+00:00,64065.06,64085.07,63675.57,63725.57,9464
2026-07-27T15:30:00+00:00,63725.57,63745.07,63490.56,63610.55,7840
2026-07-27T16:00:00+00:00,63610.55,63895.07,63530.07,63765.05,7774
2026-07-27T16:30:00+00:00,63765.05,63845.07,63480.56,63505.56,6161
2026-07-27T17:00:00+00:00,63505.56,63602.57,63385.55,63527.56,5331
2026-07-27T17:30:00+00:00,63527.56,63722.57,63520.06,63720.07,5548
2026-07-27T18:00:00+00:00,63720.07,63740.07,63605.57,63695.07,3173
2026-07-27T18:30:00+00:00,63695.07,63912.57,63565.55,63902.56,3635
2026-07-27T19:00:00+00:00,63902.56,64100.07,63870.55,64095.06,2972
2026-07-27T19:30:00+00:00,64095.06,64140.06,63955.55,64060.07,2507
2026-07-27T20:00:00+00:00,64060.07,64100.05,63970.56,63975.55,450
2026-07-27T20:30:00+00:00,63975.55,64070.07,63890.57,63900.06,462
2026-07-27T22:00:00+00:00,63900.06,63900.06,63806.87,63821.39,192
2026-07-27T22:30:00+00:00,63821.39,63971.88,63811.89,63906.88,144
2026-07-27T23:00:00+00:00,63906.88,63971.38,63806.869999999995,63941.869999999995,269
2026-07-27T23:30:00+00:00,63941.869999999995,63941.869999999995,63516.86,63551.869999999995,3551
2026-07-28T00:00:00+00:00,63551.869999999995,63641.88,62431.86,62636.86,16194
2026-07-28T00:30:00+00:00,62636.86,62791.88,62211.86,62336.86,13622
2026-07-28T01:00:00+00:00,62336.86,62541.369999999995,62191.86,62456.88,10039
2026-07-28T01:30:00+00:00,62456.88,62611.88,62201.86,62206.88,8060
2026-07-28T02:00:00+00:00,62206.88,62256.38,62011.86,62161.88,6899
2026-07-28T02:30:00+00:00,62161.88,62276.88,62086.86,62206.86,4759
2026-07-28T03:00:00+00:00,62206.86,62486.88,62061.869999999995,62271.869999999995,4246
2026-07-28T03:30:00+00:00,62271.869999999995,62651.88,62011.86,62536.869999999995,9712
2026-07-28T04:00:00+00:00,62536.869999999995,62536.88,62261.86,62466.86,5799
2026-07-28T04:30:00+00:00,62466.86,62596.86,62426.86,62441.88,4767
2026-07-28T05:00:00+00:00,62441.88,62561.369999999995,62266.86,62331.88,5265
2026-07-28T05:30:00+00:00,62331.88,62346.869999999995,62156.86,62246.869999999995,4660
2026-07-28T06:00:00+00:00,62246.869999999995,62486.88,62156.86,62436.88,5375
2026-07-28T06:30:00+00:00,62436.88,62571.369999999995,62346.869999999995,62511.88,3290
2026-07-28T07:00:00+00:00,62511.88,62686.38,62476.86,62501.88,2545
2026-07-28T07:30:00+00:00,62501.88,62601.36,62431.869999999995,62501.38,1926
2026-07-28T08:00:00+00:00,62501.38,62686.88,62216.86,62631.86,7873
2026-07-28T08:30:00+00:00,62631.86,62811.38,62551.86,62706.88,3849
2026-07-28T09:00:00+00:00,62706.88,62721.369999999995,62581.88,62706.86,2615
2026-07-28T09:30:00+00:00,62706.86,62706.86,62461.86,62523.88,2027
2026-07-28T10:00:00+00:00,62523.88,62526.369999999995,62411.86,62516.869999999995,2103
2026-07-28T10:30:00+00:00,62516.869999999995,62546.38,62341.86,62451.36,2899
2026-07-28T11:00:00+00:00,62451.36,62471.38,62166.86,62216.36,4559
2026-07-28T11:30:00+00:00,62216.36,62481.38,62086.86,62456.88,3385
2026-07-28T12:00:00+00:00,62456.88,62631.369999999995,62446.88,62556.86,3405
2026-07-28T12:30:00+00:00,62556.86,62601.38,62446.86,62516.36,3946
2026-07-28T13:00:00+00:00,62516.36,62541.38,62316.86,62376.86,3439
2026-07-28T13:30:00+00:00,62376.86,62466.369999999995,62066.869999999995,62141.86,15403
2026-07-28T14:00:00+00:00,62141.86,62326.38,61926.869999999995,62266.369999999995,15509
2026-07-28T14:30:00+00:00,62266.369999999995,62581.36,62176.86,62421.36,10900
2026-07-28T15:00:00+00:00,62421.36,62806.38,62331.86,62711.88,7006
2026-07-28T15:30:00+00:00,62711.88,62981.86,62671.86,62926.869999999995,5839
2026-07-28T16:00:00+00:00,62926.869999999995,62986.36,62781.86,62851.88,4166
2026-07-28T16:30:00+00:00,62851.88,62911.38,62766.86,62861.88,3605
2026-07-28T17:00:00+00:00,62861.88,62891.38,62651.86,62656.88,4246
2026-07-28T17:30:00+00:00,62656.88,62741.36,62476.88,62561.369999999995,2909
2026-07-28T18:00:00+00:00,62561.369999999995,62616.38,62423.86,62453.86,3837
2026-07-28T18:30:00+00:00,62453.86,62551.36,62441.869999999995,62523.86,4050
2026-07-28T19:00:00+00:00,62523.86,62703.86,62523.86,62691.36,3395
2026-07-28T19:30:00+00:00,62691.36,62721.38,62523.869999999995,62541.369999999995,3958
2026-07-28T20:00:00+00:00,62541.369999999995,62616.369999999995,62401.869999999995,62591.369999999995,1454
2026-07-28T20:30:00+00:00,62591.369999999995,62591.38,62411.86,62421.38,904
2026-07-28T22:00:00+00:00,62416.39,62641.92,62371.91,62396.9,199
2026-07-28T22:30:00+00:00,62396.9,62446.92,62051.9,62051.91,383
2026-07-28T23:00:00+00:00,62051.91,62336.4,62026.91,62266.91,361
2026-07-28T23:30:00+00:00,62266.91,62956.9,62206.91,62801.92,4496
2026-07-29T00:00:00+00:00,62801.92,63251.91,62501.9,62796.91,17974
2026-07-29T00:30:00+00:00,62796.91,62996.41,62456.9,62516.4,12981
2026-07-29T01:00:00+00:00,62516.4,62716.91,61991.91,62521.9,14833
2026-07-29T01:30:00+00:00,62521.9,62551.41,61401.9,61421.9,15650
2026-07-29T02:00:00+00:00,61421.9,61786.9,61286.9,61786.9,17606
2026-07-29T02:30:00+00:00,61786.9,61866.42,61361.9,61386.91,8094
2026-07-29T03:00:00+00:00,61386.91,61651.92,61141.91,61146.92,6903
2026-07-29T03:30:00+00:00,61146.92,61233.92,60811.91,60871.92,7806
2026-07-29T04:00:00+00:00,60871.92,60921.42,60616.9,60686.92,8084
2026-07-29T04:30:00+00:00,60686.92,61341.92,60521.9,61316.92,10210
2026-07-29T05:00:00+00:00,61316.92,61451.4,61091.91,61398.9,10751
2026-07-29T05:30:00+00:00,61398.9,61586.4,61241.9,61366.92,10091
2026-07-29T06:00:00+00:00,61366.92,61636.41,61036.9,61566.9,8408
2026-07-29T06:30:00+00:00,61566.9,62511.91,61566.9,62426.9,4135
2026-07-29T07:00:00+00:00,62426.9,62491.92,62286.9,62376.92,2377
2026-07-29T07:30:00+00:00,62376.92,62536.92,62341.91,62476.9,1925
2026-07-29T08:00:00+00:00,62476.9,62721.41,62331.9,62446.41,6071
2026-07-29T08:30:00+00:00,62446.41,62741.4,62376.92,62611.9,3864
2026-07-29T09:00:00+00:00,62611.9,62801.42,62606.9,62751.4,3389
2026-07-29T09:30:00+00:00,62751.4,62906.4,62691.91,62811.89000000001,3281
2026-07-29T10:00:00+00:00,62811.89000000001,62911.39000000001,62711.89000000001,62911.39000000001,3364
2026-07-29T10:30:00+00:00,62911.39000000001,62926.4,62626.89000000001,62646.880000000005,2539
2026-07-29T11:00:00+00:00,62646.880000000005,62821.4,62616.880000000005,62746.380000000005,2776
2026-07-29T11:30:00+00:00,62746.380000000005,62841.4,62701.880000000005,62816.380000000005,2783
2026-07-29T12:00:00+00:00,62816.380000000005,62836.380000000005,62461.880000000005,62496.880000000005,4716
2026-07-29T12:30:00+00:00,62496.880000000005,62636.4,62446.380000000005,62601.880000000005,2495
2026-07-29T13:00:00+00:00,62601.880000000005,62621.39000000001,62436.880000000005,62546.9,2999
2026-07-29T13:30:00+00:00,62546.9,62776.4,62181.880000000005,62301.4,14779
2026-07-29T14:00:00+00:00,62301.4,62526.9,61796.880000000005,61891.880000000005,13408
2026-07-29T14:30:00+00:00,61891.880000000005,62116.39000000001,61686.9,61856.9,9220
2026-07-29T15:00:00+00:00,61856.9,61971.4,61751.880000000005,61806.9,8486
2026-07-29T15:30:00+00:00,61806.9,61911.39000000001,61561.9,61711.380000000005,6913
2026-07-29T16:00:00+00:00,61711.380000000005,61761.4,61391.880000000005,61746.380000000005,4765
2026-07-29T16:30:00+00:00,61746.380000000005,61816.4,61571.89000000001,61806.4,4554
2026-07-29T17:00:00+00:00,61806.4,62131.4,61796.880000000005,61956.39000000001,5777
2026-07-29T17:30:00+00:00,61956.39000000001,62071.9,61911.9,62061.39000000001,5568
2026-07-29T18:00:00+00:00,62061.39000000001,62521.89000000001,62026.89000000001,62276.89000000001,10568
2026-07-29T18:30:00+00:00,62276.89000000001,62998.880000000005,62121.880000000005,62983.9,14650
2026-07-29T19:00:00+00:00,62983.9,63071.39000000001,62151.880000000005,62226.880000000005,14147
2026-07-29T19:30:00+00:00,62226.880000000005,62326.9,61266.880000000005,61333.89000000001,14099
2026-07-29T20:00:00+00:00,61333.89000000001,61406.89000000001,60946.880000000005,60986.9,7978
2026-07-29T20:30:00+00:00,60986.9,61251.380000000005,60896.880000000005,60991.880000000005,2594
2026-07-29T22:00:00+00:00,61006.9,61634.62,61006.9,61474.61,222
2026-07-29T22:30:00+00:00,61474.61,61534.62,61434.62,61459.61,143
2026-07-29T23:00:00+00:00,61459.61,61671.6,61459.61,61647.1,445.5778233384589
2026-07-29T23:30:00+00:00,61647.1,62182.12,61357.11,61542.12,5623
2026-07-30T00:00:00+00:00,61542.12,62557.11,61317.11,62557.11,22320
2026-07-30T00:30:00+00:00,62557.11,62581.61,61612.12,62357.12,19312
2026-07-30T01:00:00+00:00,62357.12,62896.62,62327.12,62697.11,18980
2026-07-30T01:30:00+00:00,62697.11,62999.11,62677.11,62722.1,11679
2026-07-30T02:00:00+00:00,62722.1,62901.6,62247.11,62292.11,10780
2026-07-30T02:30:00+00:00,62292.11,62377.11,61977.1,61997.1,6152
2026-07-30T03:00:00+00:00,61997.1,62162.11,61742.1,61852.11,6886
2026-07-30T03:30:00+00:00,61852.11,62311.6,61677.1,62067.1,10533
2026-07-30T04:00:00+00:00,62067.1,62177.1,61772.079999999994,62172.079999999994,7798
2026-07-30T04:30:00+00:00,62172.079999999994,62247.1,61647.079999999994,61702.079999999994,8396
2026-07-30T05:00:00+00:00,61702.079999999994,62016.6,61572.079999999994,61897.079999999994,9129
2026-07-30T05:30:00+00:00,61897.079999999994,62321.59,61857.09,61957.09,7604
2026-07-30T06:00:00+00:00,61957.09,62097.1,61782.09,61974.1,5412
2026-07-30T06:30:00+00:00,61974.1,61987.09,61697.09,61857.09,2436
2026-07-30T07:00:00+00:00,61857.09,62121.579999999994,61637.09,61727.079999999994,3264
2026-07-30T07:30:00+00:00,61727.079999999994,61817.079999999994,61427.079999999994,61667.1,1957
2026-07-30T08:00:00+00:00,61667.1,62162.11,61477.079999999994,62087.61,6167
2026-07-30T08:30:00+00:00,62087.61,62127.1,61882.59,61997.61,4257
2026-07-30T09:00:00+00:00,61997.61,62167.1,61947.59,62107.61,4095
2026-07-30T09:30:00+00:00,62107.61,62197.11,61937.61,61952.61,2806
2026-07-30T10:00:00+00:00,61952.61,62182.11,61837.59,62172.59,3951
2026-07-30T10:30:00+00:00,62172.59,62372.1,62122.59,62242.59,3742
2026-07-30T11:00:00+00:00,62242.59,62532.11,62232.59,62532.1,3736
2026-07-30T11:30:00+00:00,62532.1,62712.1,62457.59,62647.61,3103
2026-07-30T12:00:00+00:00,62647.61,62782.11,62592.6,62647.61,3261
2026-07-30T12:30:00+00:00,62647.61,62832.6,62647.61,62717.61,5343
2026-07-30T13:00:00+00:00,62717.61,62934.59,62697.59,62912.09,5070
2026-07-30T13:30:00+00:00,62912.09,63042.11,62487.61,62997.1,12291
2026-07-30T14:00:00+00:00,62997.1,63284.61,62827.59,63252.61,12348
2026-07-30T14:30:00+00:00,63252.61,63382.11,63087.59,63192.59,9518
2026-07-30T15:00:00+00:00,63192.59,63382.61,63062.6,63237.61,10036
2026-07-30T15:30:00+00:00,63237.61,63512.11,63222.59,63382.6,5642
2026-07-30T16:00:00+00:00,63382.6,63607.1,63362.6,63587.61,3159
2026-07-30T16:30:00+00:00,63587.61,63662.61,63447.61,63507.59,3525
2026-07-30T17:00:00+00:00,63507.59,63674.61,63507.59,63637.1,1897
2026-07-30T17:30:00+00:00,63637.1,63657.1,63457.6,63512.09,2864
2026-07-30T18:00:00+00:00,63512.09,63557.11,63487.59,63552.1,1385
2026-07-30T18:30:00+00:00,63552.1,63579.61,63477.59,63572.11,1235
2026-07-30T19:00:00+00:00,63572.11,63772.11,63572.11,63632.59,1401
2026-07-30T19:30:00+00:00,63632.59,63732.11,63622.59,63704.61,1861
2026-07-30T20:00:00+00:00,63704.61,63837.59,63682.59,63737.6,2288
2026-07-30T20:30:00+00:00,63737.6,63792.1,63637.59,63667.11,1134
2026-07-30T22:00:00+00:00,63684.12,63767.89,63684.12,63732.89,21
2026-07-30T22:30:00+00:00,63732.89,63927.89,63732.89,63872.88,184
2026-07-30T23:00:00+00:00,63872.88,63897.39,63742.9,63807.9,406
2026-07-30T23:30:00+00:00,63807.9,64487.38,63792.88,64287.88,2693
2026-07-31T00:00:00+00:00,64287.88,64962.4,64287.88,64962.4,10108
2026-07-31T00:30:00+00:00,64962.4,65317.4,64852.88,65272.9,7767
2026-07-31T01:00:00+00:00,65272.9,65512.4,65207.88,65272.89,5701
2026-07-31T01:30:00+00:00,65272.89,65349.89,65117.9,65174.88,7062
2026-07-31T02:00:00+00:00,65174.88,65227.39,64602.88,64657.88,5113
2026-07-31T02:30:00+00:00,64657.88,64667.9,64427.89,64542.89,3322
2026-07-31T03:00:00+00:00,64542.89,64547.89,64162.88,64487.9,4688
2026-07-31T03:30:00+00:00,64487.9,64602.9,63922.88,64272.89,6986
2026-07-31T04:00:00+00:00,64272.89,64282.9,63997.88,64237.89,4218
2026-07-31T04:30:00+00:00,64237.89,64577.39,64232.88,64437.89,3323
2026-07-31T05:00:00+00:00,64437.89,64727.38,64432.88,64607.9,3296
2026-07-31T05:30:00+00:00,64607.9,64612.88,64012.89,64427.88,5039
2026-07-31T06:00:00+00:00,64427.88,64512.89,64327.88,64417.9,4812
2026-07-31T06:30:00+00:00,64417.9,64437.88,63532.88,63757.9,4687
2026-07-31T07:00:00+00:00,63757.9,64157.4,63647.88,64092.88,2258
2026-07-31T07:30:00+00:00,64092.88,64202.9,64027.88,64037.89,1797
2026-07-31T08:00:00+00:00,64037.89,64037.89,63717.88,63942.9,6912
2026-07-31T08:30:00+00:00,63942.9,63962.4,63642.88,63752.89,4481
2026-07-31T09:00:00+00:00,63752.89,64017.39,63692.89,63847.39,5198
2026-07-31T09:30:00+00:00,63847.39,63932.38,63772.89,63862.88,3781
2026-07-31T10:00:00+00:00,63862.88,64242.4,63832.9,64202.39,2908
2026-07-31T10:30:00+00:00,64202.39,64267.39,64087.89,64147.9,2689
2026-07-31T11:00:00+00:00,64147.9,64322.39,64052.88,64072.38,3944
2026-07-31T11:30:00+00:00,64072.38,64079.88,63947.88,64047.89,2700
2026-07-31T12:00:00+00:00,64047.89,64062.4,63857.89,63927.89,2623
2026-07-31T12:30:00+00:00,63927.89,63977.4,63762.89,63867.9,3590
2026-07-31T13:00:00+00:00,63867.9,64107.4,63837.88,63957.89,4198
2026-07-31T13:30:00+00:00,63957.89,64132.39,63052.88,63132.9,18366
2026-07-31T14:00:00+00:00,63132.9,63207.88,62652.88,63097.88,18400
2026-07-31T14:30:00+00:00,63097.88,63462.4,63052.88,63342.88,12235
2026-07-31T15:00:00+00:00,63342.88,63427.4,62882.88,62987.9,12302
2026-07-31T15:30:00+00:00,62987.9,63332.88,62887.88,63247.88,9589
2026-07-31T16:00:00+00:00,63247.88,63327.38,63097.89,63322.89,6826
2026-07-31T16:30:00+00:00,63322.89,63387.38,63182.88,63292.88,5527
2026-07-31T17:00:00+00:00,63292.88,63492.39,63292.88,63362.38,3207
2026-07-31T17:30:00+00:00,63362.38,63432.39,63252.88,63317.9,4295
2026-07-31T18:00:00+00:00,63317.9,63477.4,63302.9,63422.89,3671
2026-07-31T18:30:00+00:00,63422.89,63482.4,63387.88,63427.4,2179
2026-07-31T19:00:00+00:00,63427.4,63522.4,63357.88,63467.39,3027
2026-07-31T19:30:00+00:00,63467.39,63534.88,63262.89,63282.9,3537
2026-07-31T20:00:00+00:00,63282.9,63362.4,63067.9,63117.9,2038
2026-07-31T20:30:00+00:00,63117.9,63157.4,63037.88,63057.4,644
2026-08-02T22:00:00+00:00,63057.4,63695.59,63057.4,63405.6,439
2026-08-02T22:30:00+00:00,63405.6,63560.6,63385.6,63520.6,127
2026-08-02T23:00:00+00:00,63520.6,63895.6,63520.6,63700.6,303.18407248450166
2026-08-02T23:30:00+00:00,63700.6,64190.58,63330.6,63795.58,2843
2026-08-03T00:00:00+00:00,63795.58,63795.59,63190.6,63295.6,13322
2026-08-03T00:30:00+00:00,63295.6,63450.58,62915.58,63160.59,14846
2026-08-03T01:00:00+00:00,63160.59,63365.6,62785.58,63040.6,10274
2026-08-03T01:30:00+00:00,63040.6,63395.09,62815.58,63345.6,8152
2026-08-03T02:00:00+00:00,63345.6,63655.1,63245.6,63340.59,5407
2026-08-03T02:30:00+00:00,63340.59,63525.09,63340.59,63465.08,2988
2026-08-03T03:00:00+00:00,63465.08,63470.58,63250.59,63315.58,2033
2026-08-03T03:30:00+00:00,63315.58,64000.09,63305.58,63735.6,5303
2026-08-03T04:00:00+00:00,63735.6,63910.6,63640.58,63885.08,3786
2026-08-03T04:30:00+00:00,63885.08,63900.1,63695.58,63725.08,3618
2026-08-03T05:00:00+00:00,63725.08,63825.1,63620.58,63725.08,3443
2026-08-03T05:30:00+00:00,63725.08,63795.09,63650.58,63715.58,3658
2026-08-03T06:00:00+00:00,63715.58,63845.1,63620.58,63775.08,3202
2026-08-03T06:30:00+00:00,63775.08,63915.59,63700.59,63700.6,1677
2026-08-03T07:00:00+00:00,63700.6,63815.58,63595.58,63710.59,2456
2026-08-03T07:30:00+00:00,63710.59,63770.59,63605.58,63765.59,1463
2026-08-03T08:00:00+00:00,63765.59,63795.6,63290.6,63340.59,3939
2026-08-03T08:30:00+00:00,63340.59,63527.6,63275.59,63520.6,2580
2026-08-03T09:00:00+00:00,63520.6,63545.1,63255.58,63285.59,2288
2026-08-03T09:30:00+00:00,63285.59,63380.6,63080.59,63205.08,2741
2026-08-03T10:00:00+00:00,63205.08,63215.1,62895.58,62995.58,3472
2026-08-03T10:30:00+00:00,62995.58,63075.1,62930.58,63050.58,2529
2026-08-03T11:00:00+00:00,63050.58,63055.1,62880.59,62895.1,3278
2026-08-03T11:30:00+00:00,62895.1,62990.09,62625.58,62665.59,3493
2026-08-03T12:00:00+00:00,62665.59,62715.1,62535.58,62640.58,3605
2026-08-03T12:30:00+00:00,62640.58,62735.1,62570.58,62640.59,2861
2026-08-03T13:00:00+00:00,62640.59,62690.08,62480.58,62535.58,4189
2026-08-03T13:30:00+00:00,62535.58,62660.1,62127.59,62635.58,13367
2026-08-03T14:00:00+00:00,62635.58,62912.6,62495.09,62910.09,10967
2026-08-03T14:30:00+00:00,62910.09,63275.1,62880.1,63230.59,5674
2026-08-03T15:00:00+00:00,63230.59,63245.1,63025.6,63045.08,4624
2026-08-03T15:30:00+00:00,63045.08,63265.1,63040.58,63190.1,3661
2026-08-03T16:00:00+00:00,63190.1,63275.1,63160.08,63205.58,2273
2026-08-03T16:30:00+00:00,63205.58,63230.1,63080.58,63100.08,1622
2026-08-03T17:00:00+00:00,63100.08,63212.6,63065.58,63175.59,1045
2026-08-03T17:30:00+00:00,63175.59,63352.59,63170.1,63345.09,916
2026-08-03T18:00:00+00:00,63345.09,63460.09,63325.58,63330.6,1148
2026-08-03T18:30:00+00:00,63330.6,63355.09,63270.59,63285.58,1141
2026-08-03T19:00:00+00:00,63285.58,63380.09,63285.58,63357.58,1163
2026-08-03T19:30:00+00:00,63357.58,63475.1,63357.58,63422.58,1216
2026-08-03T20:00:00+00:00,63422.58,63590.1,63390.58,63555.6,585
2026-08-03T20:30:00+00:00,63555.6,63650.09,63470.58,63482.58,323
2026-08-03T22:00:00+00:00,63482.58,63538.14,63482.58,63508.13,56
2026-08-03T22:30:00+00:00,63508.13,63583.12,63508.13,63533.14,66
2026-08-03T23:00:00+00:00,63533.14,63598.14,63508.12,63573.13,121.50156915526996
2026-08-03T23:30:00+00:00,63573.13,64313.14,63538.13,64308.12,2104
2026-08-04T00:00:00+00:00,64308.12,64323.14,63538.12,63683.14,11836
2026-08-04T00:30:00+00:00,63683.14,63743.13,63028.14,63188.13,9724
2026-08-04T01:00:00+00:00,63188.13,63340.14,62948.12,63178.12,9684
2026-08-04T01:30:00+00:00,63178.12,63777.64,63128.12,63738.14,5845
2026-08-04T02:00:00+00:00,63738.14,63748.14,63348.12,63418.14,5604
2026-08-04T02:30:00+00:00,63418.14,63603.14,63393.13,63403.13,2929
2026-08-04T03:00:00+00:00,63403.13,63498.14,63318.12,63453.12,1993
2026-08-04T03:30:00+00:00,63453.12,63643.14,63358.13,63593.12,4577
2026-08-04T04:00:00+00:00,63593.12,63653.14,63348.13,63653.12,3621
2026-08-04T04:30:00+00:00,63653.12,63758.13,63528.12,63653.14,3174
2026-08-04T05:00:00+00:00,63653.14,63712.64,63468.12,63668.14,4124
2026-08-04T05:30:00+00:00,63668.14,64062.63,63623.12,64053.13,2179
2026-08-04T06:00:00+00:00,64053.13,64103.12,63983.12,64047.62,1833
2026-08-04T06:30:00+00:00,64047.62,64047.62,63877.63,63983.12,939
2026-08-04T07:00:00+00:00,63983.12,64113.14,63978.12,64047.64,940
2026-08-04T07:30:00+00:00,64047.64,64092.64,63993.12,64010.14,868
2026-08-04T08:00:00+00:00,64010.14,64205.12,63928.14,64027.63,3036
2026-08-04T08:30:00+00:00,64027.63,64027.63,63850.12,63872.63,1744
2026-08-04T09:00:00+00:00,63872.63,63877.64,63678.12,63782.64,2156
2026-08-04T09:30:00+00:00,63782.64,63885.14,63743.14,63807.63,1537
2026-08-04T10:00:00+00:00,63807.63,63947.62,63755.14,63927.64,1564
2026-08-04T10:30:00+00:00,63927.64,64142.62,63902.64,63965.12,2763
2026-08-04T11:00:00+00:00,63965.12,64322.63,63965.12,64322.63,1930
2026-08-04T11:30:00+00:00,64322.63,64527.64,64208.13,64457.63,3477
2026-08-04T12:00:00+00:00,64457.63,64460.14,64273.12,64333.14,1590
2026-08-04T12:30:00+00:00,64333.14,64347.64,64252.62,64307.64,1113
2026-08-04T13:00:00+00:00,64307.64,64590.13,64282.62,64313.13,2341
2026-08-04T13:30:00+00:00,64313.13,64827.62,64253.12,64653.14,6613
2026-08-04T14:00:00+00:00,64653.14,64847.64,64573.12,64835.14,3763
2026-08-04T14:30:00+00:00,64835.14,64913.12,64785.12,64857.63,2800
2026-08-04T15:00:00+00:00,64857.63,65022.63,64843.13,64952.64,1591
2026-08-04T15:30:00+00:00,64952.64,65135.12,64920.14,65082.62,1681
2026-08-04T16:00:00+00:00,65082.62,65187.63,65070.12,65180.13,1163
2026-08-04T16:30:00+00:00,65180.13,65262.64,65172.62,65260.14,668
2026-08-04T17:00:00+00:00,65260.14,65400.14,65257.62,65395.12,969
2026-08-04T17:30:00+00:00,65395.12,65550.14,65360.13,65412.62,1475
2026-08-04T18:00:00+00:00,65412.62,65490.13,65382.62,65485.12,1555
2026-08-04T18:30:00+00:00,65485.12,65507.64,65402.63,65465.12,1117
2026-08-04T19:00:00+00:00,65465.12,65575.14,65462.63,65512.62,990
2026-08-04T19:30:00+00:00,65512.62,65632.63,65458.12,65483.13,1785
2026-08-04T20:00:00+00:00,65483.13,65678.13,65368.14,65448.12,2004
2026-08-04T20:30:00+00:00,65448.12,65553.13,65428.14,65512.63,590
2026-08-04T22:00:00+00:00,65512.63,65574.62,65512.63,65574.62,1
2026-08-04T22:30:00+00:00,65574.62,65779.62,65574.62,65634.6,158
2026-08-04T23:00:00+00:00,65634.6,65784.62,65629.6,65699.6,267
2026-08-04T23:30:00+00:00,65699.6,65879.61,65529.6,65544.61,2175
2026-08-05T00:00:00+00:00,65544.61,66164.61,65514.62,66164.61,8503
2026-08-05T00:30:00+00:00,66164.61,66224.62,65824.6,65944.62,6861
2026-08-05T01:00:00+00:00,65944.62,66114.62,65689.6,65789.62,7654
2026-08-05T01:30:00+00:00,65789.62,66109.12,65759.6,66084.62,3505
2026-08-05T02:00:00+00:00,66084.62,66189.6,65929.61,65944.61,2222
2026-08-05T02:30:00+00:00,65944.61,66009.12,65874.6,65884.61,1766
2026-08-05T03:00:00+00:00,65884.61,65969.1,65829.12,65849.1,1151
2026-08-05T03:30:00+00:00,65849.1,66096.61,65809.61,66079.12,2791
2026-08-05T04:00:00+00:00,66079.12,66149.11,65964.6,66024.1,1848
2026-08-05T04:30:00+00:00,66024.1,66259.11,66024.1,66229.11,1709
2026-08-05T05:00:00+00:00,66229.11,66294.6,66139.61,66234.62,1997
2026-08-05T05:30:00+00:00,66234.62,66334.12,66199.6,66244.62,1806
2026-08-05T06:00:00+00:00,66244.62,66364.12,66244.6,66339.1,2022
2026-08-05T06:30:00+00:00,66339.1,66361.61,66254.6,66304.1,1386
2026-08-05T07:00:00+00:00,66304.1,66314.1,66071.62,66074.1,1407
2026-08-05T07:30:00+00:00,66074.1,66129.12,66041.61,66094.1,738
2026-08-05T08:00:00+00:00,66094.1,66239.1,65934.62,65989.12,2379
2026-08-05T08:30:00+00:00,65989.12,66089.11,65924.11,66041.61,1818
2026-08-05T09:00:00+00:00,66041.61,66234.12,65984.61,66219.12,1436
2026-08-05T09:30:00+00:00,66219.12,66261.62,66064.62,66069.1,1149
2026-08-05T10:00:00+00:00,66069.1,66126.61,66019.1,66084.11,971
2026-08-05T10:30:00+00:00,66084.11,66104.11,65966.62,66081.62,898
2026-08-05T11:00:00+00:00,66081.62,66304.12,66069.1,66274.62,1135
2026-08-05T11:30:00+00:00,66274.62,66484.11,66239.61,66369.61,1793
2026-08-05T12:00:00+00:00,66369.61,66419.1,66279.61,66344.61,2362
2026-08-05T12:30:00+00:00,66344.61,66414.12,66254.6,66344.6,2190
2026-08-05T13:00:00+00:00,66344.6,66599.12,66344.6,66564.12,1571
2026-08-05T13:30:00+00:00,66564.12,66816.61,66419.62,66734.61,7785
2026-08-05T14:00:00+00:00,66734.61,66734.61,66274.6,66294.61,7891
2026-08-05T14:30:00+00:00,66294.61,66314.12,65899.62,66004.1,5989
2026-08-05T15:00:00+00:00,66004.1,66119.1,65854.1,65964.12,4425
2026-08-05T15:30:00+00:00,65964.12,66079.11,65849.12,65901.61,4468
2026-08-05T16:00:00+00:00,65901.61,66049.1,65844.11,66044.1,4485
2026-08-05T16:30:00+00:00,66044.1,66054.1,65916.6,66026.6,2584
2026-08-05T17:00:00+00:00,66026.6,66046.62,65879.1,65911.62,3004
2026-08-05T17:30:00+00:00,65911.62,65991.62,65884.1,65966.62,2085
2026-08-05T18:00:00+00:00,65966.62,66001.61,65926.6,65961.6,1779
2026-08-05T18:30:00+00:00,65961.6,65961.61,65864.11,65871.62,1745
2026-08-05T19:00:00+00:00,65871.62,66019.12,65856.61,65994.11,1372
2026-08-05T19:30:00+00:00,65994.11,66021.6,65704.6,65721.6,2009
2026-08-05T20:00:00+00:00,65721.6,65784.6,65634.61,65759.62,1594
2026-08-05T20:30:00+00:00,65759.62,65816.6,65704.6,65811.61,507
2026-08-05T22:00:00+00:00,65811.61,65933.95,65798.96,65933.95,92
2026-08-05T22:30:00+00:00,65933.95,65983.46,65888.94,65888.96,206
2026-08-05T23:00:00+00:00,65888.96,65888.96,65813.95,65858.96,166.80332488024794
2026-08-05T23:30:00+00:00,65858.96,65858.96,65448.94,65553.94,1949
2026-08-06T00:00:00+00:00,65553.94,65733.96,65238.94,65288.96,9653
2026-08-06T00:30:00+00:00,65288.96,65558.44,65203.94,65228.95,7811
2026-08-06T01:00:00+00:00,65228.95,65318.46,64993.94,65048.96,6251
2026-08-06T01:30:00+00:00,65048.96,65168.96,64983.95,65068.96,6405
2026-08-06T02:00:00+00:00,65068.96,65423.46,65018.94,65323.96,4099
2026-08-06T02:30:00+00:00,65323.96,65643.45,65278.94,65623.94,2152
2026-08-06T03:00:00+00:00,65623.94,65743.44,65498.95,65518.95,1812
2026-08-06T03:30:00+00:00,65518.95,65658.46,65393.94,65603.96,4139
2026-08-06T04:00:00+00:00,65603.96,65688.46,65468.94,65668.45,2125
2026-08-06T04:30:00+00:00,65668.45,65718.46,65538.96,65673.46,2573
2026-08-06T05:00:00+00:00,65673.46,65883.45,65673.46,65758.94,4013
2026-08-06T05:30:00+00:00,65758.94,65798.45,65623.95,65733.94,2416
2026-08-06T06:00:00+00:00,65733.94,65778.45,65583.95,65735.95,2140
2026-08-06T06:30:00+00:00,65735.95,65768.45,65448.96,65523.44,1543
2026-08-06T07:00:00+00:00,65523.44,65720.94,65490.95,65673.44,1638
2026-08-06T07:30:00+00:00,65673.44,65683.46,65523.94,65540.95,831
2026-08-06T08:00:00+00:00,65540.95,65683.45,65413.95,65663.46,2938
2026-08-06T08:30:00+00:00,65663.46,65703.46,65525.94,65688.44,1771
2026-08-06T09:00:00+00:00,65688.44,65693.46,65463.44,65580.95,2074
2026-08-06T09:30:00+00:00,65580.95,65690.95,65550.95,65690.95,1452
2026-08-06T10:00:00+00:00,65690.95,65708.46,65623.95,65660.94,1485
2026-08-06T10:30:00+00:00,65660.94,65670.95,65503.44,65565.94,1632
2026-08-06T11:00:00+00:00,65565.94,65570.96,65330.95,65448.44,3300
2026-08-06T11:30:00+00:00,65448.44,65525.94,65310.96,65413.45,2693
2026-08-06T12:00:00+00:00,65413.45,65440.96,65220.96,65318.96,2176
2026-08-06T12:30:00+00:00,65318.96,65405.95,65258.95,65328.46,2230
2026-08-06T13:00:00+00:00,65328.46,65330.95,65113.44,65125.96,2240
2026-08-06T13:30:00+00:00,65125.96,65780.95,64948.45,65768.44,7957
2026-08-06T14:00:00+00:00,65768.44,66270.94,65698.44,66215.96,6613
2026-08-06T14:30:00+00:00,66215.96,66375.96,65988.45,66165.95,7131
2026-08-06T15:00:00+00:00,66165.95,66313.46,66058.44,66120.96,7038
2026-08-06T15:30:00+00:00,66120.96,66173.46,65885.94,65915.95,7274
2026-08-06T16:00:00+00:00,65915.95,66008.46,65778.46,65828.46,5951
2026-08-06T16:30:00+00:00,65828.46,65995.96,65778.45,65990.96,3762
2026-08-06T17:00:00+00:00,65990.96,66015.96,65878.44,65880.95,2833
2026-08-06T17:30:00+00:00,65880.95,65915.95,65778.44,65838.44,2669
2026-08-06T18:00:00+00:00,65838.44,65928.46,65743.44,65888.46,2295
2026-08-06T18:30:00+00:00,65888.46,65890.95,65723.46,65755.95,1630
2026-08-06T19:00:00+00:00,65755.95,65838.46,65638.45,65660.94,1907
2026-08-06T19:30:00+00:00,65660.94,65725.94,65580.94,65648.46,2597
2026-08-06T20:00:00+00:00,65648.46,65703.46,65528.94,65558.44,868
2026-08-06T20:30:00+00:00,65558.44,65573.46,65503.95,65573.44,485
2026-08-06T22:00:00+00:00,65573.44,65696.67,65536.15,65631.67,132
2026-08-06T22:30:00+00:00,65631.67,65663.65,65601.67,65661.65,94
2026-08-06T23:00:00+00:00,65661.65,65671.16,65606.65,65636.17,190
2026-08-06T23:30:00+00:00,65636.17,65931.16,65626.65,65881.67,1900
2026-08-07T00:00:00+00:00,65881.67,65956.16,65156.65,65401.66,10320
2026-08-07T00:30:00+00:00,65401.66,65536.65,65121.65,65261.17,8424
2026-08-07T01:00:00+00:00,65261.17,65286.16,64856.65,65086.67,7297
2026-08-07T01:30:00+00:00,65086.67,65176.67,64691.65,64921.66,7944
2026-08-07T02:00:00+00:00,64921.66,65191.67,64881.16,65076.17,5593
2026-08-07T02:30:00+00:00,65076.17,65171.15,64966.65,65121.66,2711
2026-08-07T03:00:00+00:00,65121.66,65206.16,65011.65,65111.15,1778
2026-08-07T03:30:00+00:00,65111.15,65331.66,65076.65,65106.66,4450
2026-08-07T04:00:00+00:00,65106.66,65396.17,65036.65,65381.66,3153
2026-08-07T04:30:00+00:00,65381.66,65396.66,65241.67,65316.65,2295
2026-08-07T05:00:00+00:00,65316.65,65723.67,65311.66,65691.15,3323
2026-08-07T05:30:00+00:00,65691.15,65701.17,65426.65,65511.66,2227
2026-08-07T06:00:00+00:00,65511.66,65738.66,65506.65,65731.17,1699
2026-08-07T06:30:00+00:00,65731.17,65738.66,65641.65,65733.65,850
2026-08-07T07:00:00+00:00,65733.65,65811.17,65686.66,65786.16,674
2026-08-07T07:30:00+00:00,65786.16,65801.16,65716.15,65756.17,715
2026-08-07T08:00:00+00:00,65756.17,65888.65,65721.66,65763.65,2030
2026-08-07T08:30:00+00:00,65763.65,65841.15,65711.15,65776.17,1076
2026-08-07T09:00:00+00:00,65776.17,65896.15,65736.15,65738.65,931
2026-08-07T09:30:00+00:00,65738.65,65811.15,65721.16,65761.17,1149
2026-08-07T10:00:00+00:00,65761.17,65803.67,65686.65,65781.15,1204
2026-08-07T10:30:00+00:00,65781.15,65846.17,65761.15,65836.17,822
2026-08-07T11:00:00+00:00,65836.17,65986.17,65816.15,65961.17,1060
2026-08-07T11:30:00+00:00,65961.17,66063.66,65936.15,65968.65,1017
2026-08-07T12:00:00+00:00,65968.65,66098.66,65931.16,65956.66,1497
2026-08-07T12:30:00+00:00,65956.66,66668.67,65956.66,66618.65,4095
2026-08-07T13:00:00+00:00,66618.65,66628.65,66423.66,66506.15,3008
2026-08-07T13:30:00+00:00,66506.15,66738.67,66266.15,66296.66,10722
2026-08-07T14:00:00+00:00,66296.66,66366.16,66056.16,66301.17,10529
2026-08-07T14:30:00+00:00,66301.17,66318.67,66091.15,66208.66,6720
2026-08-07T15:00:00+00:00,66208.66,66378.67,66203.66,66363.65,3694
2026-08-07T15:30:00+00:00,66363.65,66383.65,66098.66,66128.67,2944
2026-08-07T16:00:00+00:00,66128.67,66143.65,65866.15,65898.65,2708
2026-08-07T16:30:00+00:00,65898.65,66038.66,65838.65,65968.67,3223
2026-08-07T17:00:00+00:00,65968.67,66043.67,65946.15,65978.65,1402
2026-08-07T17:30:00+00:00,65978.65,66013.67,65958.65,65986.16,1156
2026-08-07T18:00:00+00:00,65986.16,66028.66,65933.65,65938.65,905
2026-08-07T18:30:00+00:00,65938.65,66016.15,65923.65,66016.15,786
2026-08-07T19:00:00+00:00,66016.15,66303.67,66016.15,66258.66,1519
2026-08-07T19:30:00+00:00,66258.66,66346.16,66188.65,66316.17,1463
2026-08-07T20:00:00+00:00,66316.17,66361.17,66261.65,66266.66,382
2026-08-07T20:30:00+00:00,66266.66,66326.16,66256.66,66301.67,114.98313388417372
2026-08-09T22:00:00+00:00,66301.67,66424.04,66137.03,66362.03,377
2026-08-09T22:30:00+00:00,66362.03,66362.04,66197.02,66232.02,132
2026-08-09T23:00:00+00:00,66232.02,66369.02,66232.02,66304.03,128.88973775650484
2026-08-09T23:30:00+00:00,66304.03,66434.04,66199.03,66199.03,1645
2026-08-10T00:00:00+00:00,66199.03,66728.54,66074.02,66514.03,8465
2026-08-10T00:30:00+00:00,66514.03,66723.54,66424.02,66509.03,5425
2026-08-10T01:00:00+00:00,66509.03,66984.03,66404.02,66854.03,4500
2026-08-10T01:30:00+00:00,66854.03,67058.53,66759.02,66984.03,3818
2026-08-10T02:00:00+00:00,66984.03,67048.52,66919.02,66974.04,2565
2026-08-10T02:30:00+00:00,66974.04,67023.53,66909.02,66914.03,1092
2026-08-10T03:00:00+00:00,66914.03,67008.52,66879.02,66904.02,1123
2026-08-10T03:30:00+00:00,66904.02,67003.54,66814.02,66914.03,2839
2026-08-10T04:00:00+00:00,66914.03,67003.54,66869.02,66984.02,1797
2026-08-10T04:30:00+00:00,66984.02,66998.54,66749.02,66814.02,2085
2026-08-10T05:00:00+00:00,66814.02,67023.54,66814.02,66973.53,1595
2026-08-10T05:30:00+00:00,66973.53,67026.04,66909.02,66933.54,1381
2026-08-10T06:00:00+00:00,66933.54,67118.54,66869.03,67091.04,1524
2026-08-10T06:30:00+00:00,67091.04,67168.53,67049.04,67084.04,1437
2026-08-10T07:00:00+00:00,67084.04,67196.04,67046.04,67196.03,752
2026-08-10T07:30:00+00:00,67196.03,67328.52,67176.04,67283.52,741
2026-08-10T08:00:00+00:00,67283.52,67598.52,67253.54,67276.04,2157
2026-08-10T08:30:00+00:00,67276.04,67321.02,67218.53,67283.54,1145
2026-08-10T09:00:00+00:00,67283.54,67356.02,67218.53,67273.54,1173
2026-08-10T09:30:00+00:00,67273.54,67298.54,67211.02,67236.03,973
2026-08-10T10:00:00+00:00,67236.03,67268.54,67146.02,67203.53,1135
2026-08-10T10:30:00+00:00,67203.53,67208.54,67108.53,67178.52,979
2026-08-10T11:00:00+00:00,67178.52,67208.53,67021.02,67153.53,1731
2026-08-10T11:30:00+00:00,67153.53,67266.04,67073.52,67188.54,1746
2026-08-10T12:00:00+00:00,67188.54,67196.03,67023.52,67073.52,2330
2026-08-10T12:30:00+00:00,67073.52,67116.04,67003.52,67071.03,2066
2026-08-10T13:00:00+00:00,67071.03,67238.52,67043.52,67231.03,2261
2026-08-10T13:30:00+00:00,67231.03,67256.02,66898.52,66983.52,10908
2026-08-10T14:00:00+00:00,66983.52,67141.04,66933.52,67008.53,5733
2026-08-10T14:30:00+00:00,67008.53,67158.54,66896.04,66903.53,4989
2026-08-10T15:00:00+00:00,66903.53,66981.04,66779.03,66816.02,3396
2026-08-10T15:30:00+00:00,66816.02,66876.03,66693.52,66866.02,2081
2026-08-10T16:00:00+00:00,66866.02,66898.54,66816.02,66853.52,1665
2026-08-10T16:30:00+00:00,66853.52,66863.53,66698.53,66743.52,2149
2026-08-10T17:00:00+00:00,66743.52,66821.04,66726.02,66736.04,728
2026-08-10T17:30:00+00:00,66736.04,66751.03,66681.02,66713.54,679
2026-08-10T18:00:00+00:00,66713.54,66748.52,66678.52,66703.52,649
2026-08-10T18:30:00+00:00,66703.52,66801.02,66686.04,66786.04,546
2026-08-10T19:00:00+00:00,66786.04,66856.03,66771.02,66838.53,518
2026-08-10T19:30:00+00:00,66838.53,66846.02,66703.53,66734.03,886
2026-08-10T20:00:00+00:00,66734.03,66753.54,66694.02,66719.04,278.5107499360123
2026-08-10T20:30:00+00:00,66719.04,66723.54,66673.54,66698.52,211.0429600886918
2026-08-10T22:00:00+00:00,66701.52,66822.65,66557.65,66557.65,21
2026-08-10T22:30:00+00:00,66557.65,66692.66,66557.65,66662.65,10
2026-08-10T23:00:00+00:00,66662.65,66712.65,66652.65,66687.16,64.67445694691318
2026-08-10T23:30:00+00:00,66687.16,66687.66,66447.67,66592.65,985.0550395596836
2026-08-11T00:00:00+00:00,66592.65,66657.16,66342.66,66657.15,3543
2026-08-11T00:30:00+00:00,66657.15,66857.16,66627.65,66797.15,2093
2026-08-11T01:00:00+00:00,66797.15,67007.65,66712.65,66977.65,3092
2026-08-11T01:30:00+00:00,66977.65,67047.15,66907.65,66907.65,1832
2026-08-11T02:00:00+00:00,66907.65,67117.17,66882.65,67102.66,1543
2026-08-11T02:30:00+00:00,67102.66,67182.17,67062.65,67082.66,1009
2026-08-11T03:00:00+00:00,67082.66,67207.17,67062.65,67187.66,806
2026-08-11T03:30:00+00:00,67187.66,67202.17,67037.66,67062.65,645
2026-08-11T04:00:00+00:00,67062.65,67127.15,67042.65,67112.66,719
2026-08-11T04:30:00+00:00,67112.66,67157.15,67057.67,67112.65,622
2026-08-11T05:00:00+00:00,67112.65,67157.16,67007.66,67017.16,755
2026-08-11T05:30:00+00:00,67017.16,67127.17,66947.65,66957.65,1249
2026-08-11T06:00:00+00:00,66957.65,67057.17,66907.65,66917.16,664
2026-08-11T06:30:00+00:00,66917.16,66942.15,66787.65,66907.17,620
2026-08-11T07:00:00+00:00,66907.17,67012.16,66892.16,66954.65,858
2026-08-11T07:30:00+00:00,66954.65,67002.16,66877.65,66952.16,545
2026-08-11T08:00:00+00:00,66952.16,67067.17,66862.65,66942.15,1779
2026-08-11T08:30:00+00:00,66942.15,67124.66,66902.67,67029.66,1063
2026-08-11T09:00:00+00:00,67029.66,67142.17,66982.17,67137.16,1631
2026-08-11T09:30:00+00:00,67137.16,67254.67,67122.67,67137.15,707
2026-08-11T10:00:00+00:00,67137.15,67314.67,67089.67,67292.15,1387
2026-08-11T10:30:00+00:00,67292.15,67339.66,67247.17,67302.15,801
2026-08-11T11:00:00+00:00,67302.15,67547.15,67292.15,67392.17,2563
2026-08-11T11:30:00+00:00,67392.17,67399.67,67309.65,67337.16,807
2026-08-11T12:00:00+00:00,67337.16,67409.66,67284.65,67314.66,1223
2026-08-11T12:30:00+00:00,67314.66,67402.17,67297.66,67332.15,753
2026-08-11T13:00:00+00:00,67332.15,67422.16,67282.66,67367.15,1073
2026-08-11T13:30:00+00:00,67367.15,67467.16,67142.15,67287.65,7110
2026-08-11T14:00:00+00:00,67287.65,67459.67,67242.67,67414.66,4022
2026-08-11T14:30:00+00:00,67414.66,67534.66,67329.65,67457.16,2764
2026-08-11T15:00:00+00:00,67457.16,67504.66,67252.17,67277.15,2394
2026-08-11T15:30:00+00:00,67277.15,67317.17,67154.65,67167.15,2218
2026-08-11T16:00:00+00:00,67167.15,67204.67,67129.65,67179.66,1579
2026-08-11T16:30:00+00:00,67179.66,67207.17,67109.65,67137.15,962
2026-08-11T17:00:00+00:00,67137.15,67164.66,66994.65,67104.65,1230
2026-08-11T17:30:00+00:00,67104.65,67164.66,67074.67,67134.65,831
2026-08-11T18:00:00+00:00,67134.65,67144.67,66942.15,66952.17,1169
2026-08-11T18:30:00+00:00,66952.17,67069.66,66942.16,67037.17,891
2026-08-11T19:00:00+00:00,67037.17,67077.17,66972.16,67067.17,782
2026-08-11T19:30:00+00:00,67067.17,67124.67,67042.15,67124.67,976
2026-08-11T20:00:00+00:00,67124.67,67202.67,67067.66,67202.66,417
2026-08-11T20:30:00+00:00,67202.66,67262.65,67187.65,67219.65,198
2026-08-11T22:00:00+00:00,67189.65,67189.65,67114.45,67139.45,45
2026-08-11T22:30:00+00:00,67139.45,67164.47,67099.45,67159.46,62
2026-08-11T23:00:00+00:00,67159.46,67159.47,67114.45,67134.45,76.36711236073936
2026-08-11T23:30:00+00:00,67134.45,67269.47,66999.46,67264.45,945
2026-08-12T00:00:00+00:00,67264.45,67264.45,66779.47,67109.46,8816
2026-08-12T00:30:00+00:00,67109.46,67133.97,66919.45,66989.47,3299
2026-08-12T01:00:00+00:00,66989.47,67014.47,66844.46,66948.96,2811
2026-08-12T01:30:00+00:00,66948.96,67173.97,66874.46,67108.96,1847
2026-08-12T02:00:00+00:00,67108.96,67118.96,66954.45,67094.45,1286
2026-08-12T02:30:00+00:00,67094.45,67318.97,67089.45,67318.95,609
2026-08-12T03:00:00+00:00,67318.95,67328.96,67259.45,67279.45,512
2026-08-12T03:30:00+00:00,67279.45,67408.97,67224.45,67324.45,1731
2026-08-12T04:00:00+00:00,67324.45,67468.97,67319.47,67444.46,804
2026-08-12T04:30:00+00:00,67444.46,67533.96,67329.45,67533.96,759
2026-08-12T05:00:00+00:00,67533.96,67583.96,67459.47,67563.96,649
2026-08-12T05:30:00+00:00,67563.96,67601.46,67524.45,67529.45,572
2026-08-12T06:00:00+00:00,67529.45,67718.97,67506.46,67681.47,1164
2026-08-12T06:30:00+00:00,67681.47,67698.95,67598.96,67683.95,920.4783810960282
2026-08-12T07:00:00+00:00,67683.95,67783.97,67681.46,67683.95,597
2026-08-12T07:30:00+00:00,67683.95,67756.47,67666.45,67756.47,398
2026-08-12T08:00:00+00:00,67756.47,67863.97,67678.96,67833.97,1454
2026-08-12T08:30:00+00:00,67833.97,67908.97,67691.45,67876.46,770
2026-08-12T09:00:00+00:00,67876.46,68023.96,67858.95,67976.45,1082
2026-08-12T09:30:00+00:00,67976.45,68041.47,67861.47,67923.97,920
2026-08-12T10:00:00+00:00,67923.97,67968.96,67901.45,67913.97,422
2026-08-12T10:30:00+00:00,67913.97,67956.47,67789.45,67931.45,813
2026-08-12T11:00:00+00:00,67931.45,68083.95,67926.45,68061.45,579
2026-08-12T11:30:00+00:00,68061.45,68211.47,68056.47,68191.45,531
2026-08-12T12:00:00+00:00,68191.45,68293.97,68046.46,68279.46,1111
2026-08-12T12:30:00+00:00,68279.46,68591.46,67844.46,68583.96,3520
2026-08-12T13:00:00+00:00,68583.96,68783.97,68558.96,68753.97,2105
2026-08-12T13:30:00+00:00,68753.97,68901.46,68524.46,68763.96,7673
2026-08-12T14:00:00+00:00,68763.96,68933.96,68708.96,68813.95,5028
2026-08-12T14:30:00+00:00,68813.95,68918.96,68618.95,68628.95,4195
2026-08-12T15:00:00+00:00,68628.95,68713.97,68554.46,68633.97,3537
2026-08-12T15:30:00+00:00,68633.97,68643.97,68493.96,68533.96,2132
2026-08-12T16:00:00+00:00,68533.96,68596.46,68476.46,68478.97,1245
2026-08-12T16:30:00+00:00,68478.97,68516.45,68428.95,68486.45,1053
2026-08-12T17:00:00+00:00,68486.45,68546.47,68466.45,68546.47,844
2026-08-12T17:30:00+00:00,68546.47,68588.97,68531.45,68553.97,800
2026-08-12T18:00:00+00:00,68553.97,68566.47,68508.97,68513.95,653
2026-08-12T18:30:00+00:00,68513.95,68571.46,68476.45,68481.45,555
2026-08-12T19:00:00+00:00,68481.45,68523.97,68466.45,68521.47,628
2026-08-12T19:30:00+00:00,68521.47,68531.47,68438.95,68521.47,1182
2026-08-12T20:00:00+00:00,68521.47,68643.97,68509.46,68516.45,331
2026-08-12T20:30:00+00:00,68516.45,68561.46,68504.45,68556.46,114.67095411787291
2026-08-12T22:00:00+00:00,68556.46,68649.45,68524.46,68529.47,154
2026-08-12T22:30:00+00:00,68529.47,68590.32,68524.45,68580.82,66
2026-08-12T23:00:00+00:00,68580.82,68605.83,68523.33,68528.32,106.29930748370992
2026-08-12T23:30:00+00:00,68528.32,68562.82,68333.34,68378.34,928
2026-08-13T00:00:00+00:00,68378.34,68847.82,68303.34,68432.83,7743
2026-08-13T00:30:00+00:00,68432.83,68660.34,68218.32,68657.83,5974
2026-08-13T01:00:00+00:00,68657.83,68677.84,68373.32,68393.33,4168
2026-08-13T01:30:00+00:00,68393.33,68630.32,68338.33,68498.34,2978
2026-08-13T02:00:00+00:00,68498.34,68665.34,68453.34,68613.32,1981
2026-08-13T02:30:00+00:00,68613.32,68762.83,68538.32,68757.84,1136
2026-08-13T03:00:00+00:00,68757.84,68777.84,68718.33,68737.83,934
2026-08-13T03:30:00+00:00,68737.83,68817.84,68703.34,68732.83,2297
2026-08-13T04:00:00+00:00,68732.83,68772.84,68628.33,68728.34,1607
2026-08-13T04:30:00+00:00,68728.34,68822.84,68513.32,68527.84,1917
2026-08-13T05:00:00+00:00,68527.84,68722.82,68488.32,68678.34,1734
2026-08-13T05:30:00+00:00,68678.34,68722.84,68393.32,68407.84,1965
2026-08-13T06:00:00+00:00,68407.84,68442.82,68303.33,68402.82,1519
2026-08-13T06:30:00+00:00,68402.82,68417.84,68253.32,68372.83,999
2026-08-13T07:00:00+00:00,68372.83,68397.84,68272.83,68337.84,593
2026-08-13T07:30:00+00:00,68337.84,68382.82,68255.32,68257.82,600
2026-08-13T08:00:00+00:00,68257.82,68355.34,68202.84,68352.84,2033
2026-08-13T08:30:00+00:00,68352.84,68352.84,68193.34,68285.34,779
2026-08-13T09:00:00+00:00,68285.34,68302.84,68143.32,68230.34,826
2026-08-13T09:30:00+00:00,68230.34,68377.84,68223.33,68372.84,610
2026-08-13T10:00:00+00:00,68372.84,68377.82,68290.32,68312.83,748
2026-08-13T10:30:00+00:00,68312.83,68372.84,68277.82,68347.84,558
2026-08-13T11:00:00+00:00,68347.84,68372.83,68257.82,68277.83,779
2026-08-13T11:30:00+00:00,68277.83,68485.32,68272.83,68437.83,931
2026-08-13T12:00:00+00:00,68437.83,68452.83,68303.32,68413.34,1090
2026-08-13T12:30:00+00:00,68413.34,68568.33,68318.32,68557.82,1838
2026-08-13T13:00:00+00:00,68557.82,68620.34,68520.32,68550.34,941
2026-08-13T13:30:00+00:00,68550.34,68970.34,68505.34,68957.82,4522
2026-08-13T14:00:00+00:00,68957.82,69270.34,68948.33,69270.33,2069
2026-08-13T14:30:00+00:00,69270.33,69547.84,69240.32,69448.33,2002
2026-08-13T15:00:00+00:00,69448.33,69527.83,69263.32,69307.84,3256
2026-08-13T15:30:00+00:00,69307.84,69352.84,69158.32,69178.32,2815
2026-08-13T16:00:00+00:00,69178.32,69312.84,69178.32,69312.84,1213
2026-08-13T16:30:00+00:00,69312.84,69375.32,69298.33,69372.83,761
2026-08-13T17:00:00+00:00,69372.83,69442.84,69372.83,69422.84,429
2026-08-13T17:30:00+00:00,69422.84,69440.33,69330.33,69330.33,415
2026-08-13T18:00:00+00:00,69330.33,69357.84,69288.33,69317.82,370
2026-08-13T18:30:00+00:00,69317.82,69372.83,69313.34,69327.82,303
2026-08-13T19:00:00+00:00,69327.82,69345.34,69238.32,69247.83,385
2026-08-13T19:30:00+00:00,69247.83,69247.83,69118.32,69175.32,1078
2026-08-13T20:00:00+00:00,69175.32,69210.32,69083.32,69113.34,545
2026-08-13T20:30:00+00:00,69113.34,69172.84,69103.33,69117.84,288.3232241829189
2026-08-13T22:00:00+00:00,69120.34,69257.08,69120.34,69202.06,140
2026-08-13T22:30:00+00:00,69202.06,69226.57,69152.06,69152.07,41
2026-08-13T23:00:00+00:00,69152.07,69287.07,69152.06,69252.07,138.23218139250815
2026-08-13T23:30:00+00:00,69252.07,69437.08,69177.06,69212.08,2123
2026-08-14T00:00:00+00:00,69212.08,69547.07,69197.06,69487.06,7668
2026-08-14T00:30:00+00:00,69487.06,69646.57,69202.07,69307.07,4620
2026-08-14T01:00:00+00:00,69307.07,69322.08,68882.06,68947.08,5136
2026-08-14T01:30:00+00:00,68947.08,68987.06,68782.06,68837.08,3513
2026-08-14T02:00:00+00:00,68837.08,69001.56,68812.06,68912.07,2752
2026-08-14T02:30:00+00:00,68912.07,68952.07,68757.06,68792.08,984
2026-08-14T03:00:00+00:00,68792.08,68971.56,68792.06,68962.07,893
2026-08-14T03:30:00+00:00,68962.07,69021.58,68657.07,68662.06,2132
2026-08-14T04:00:00+00:00,68662.06,68756.56,68572.06,68667.06,2260
2026-08-14T04:30:00+00:00,68667.06,68741.57,68547.06,68562.08,1710
2026-08-14T05:00:00+00:00,68562.08,68661.57,68497.07,68647.06,1996
2026-08-14T05:30:00+00:00,68647.06,68881.57,68572.06,68872.07,1519
2026-08-14T06:00:00+00:00,68872.07,68891.56,68647.08,68721.56,1217
2026-08-14T06:30:00+00:00,68721.56,68791.58,68597.07,68749.08,935
2026-08-14T07:00:00+00:00,68749.08,68764.08,68667.07,68709.06,513
2026-08-14T07:30:00+00:00,68709.06,68741.58,68676.56,68699.08,454
2026-08-14T08:00:00+00:00,68699.08,68789.08,68637.06,68756.56,1916
2026-08-14T08:30:00+00:00,68756.56,68841.58,68671.56,68789.06,1136
2026-08-14T09:00:00+00:00,68789.06,68946.57,68756.56,68861.56,1000
2026-08-14T09:30:00+00:00,68861.56,68909.08,68776.56,68899.06,1076
2026-08-14T10:00:00+00:00,68899.06,68956.58,68871.57,68886.58,681
2026-08-14T10:30:00+00:00,68886.58,68931.58,68879.06,68909.07,639
2026-08-14T11:00:00+00:00,68909.07,68974.06,68891.58,68939.08,854
2026-08-14T11:30:00+00:00,68939.08,69009.08,68901.57,68979.08,805
2026-08-14T12:00:00+00:00,68979.08,68989.06,68761.57,68809.07,1684
2026-08-14T12:30:00+00:00,68809.07,68859.06,68756.56,68844.08,1568
2026-08-14T13:00:00+00:00,68844.08,68916.56,68754.08,68779.08,1528
2026-08-14T13:30:00+00:00,68779.08,68964.06,68664.06,68791.57,6827
2026-08-14T14:00:00+00:00,68791.57,68999.07,68744.06,68849.06,4500
2026-08-14T14:30:00+00:00,68849.06,68866.58,68696.56,68709.08,3032
2026-08-14T15:00:00+00:00,68709.08,68776.58,68504.08,68609.08,2471
2026-08-14T15:30:00+00:00,68609.08,68611.57,68464.07,68531.56,1938
2026-08-14T16:00:00+00:00,68531.56,68616.57,68529.06,68611.56,1257
2026-08-14T16:30:00+00:00,68611.56,68619.06,68549.06,68556.57,815
2026-08-14T17:00:00+00:00,68556.57,68614.08,68544.07,68591.55,887.8831515691074
2026-08-14T17:30:00+00:00,68591.55,68636.56,68536.54,68581.54,640
2026-08-14T18:00:00+00:00,68581.54,68614.06,68559.05,68566.54,595
2026-08-14T18:30:00+00:00,68566.54,68621.56,68551.56,68606.55,470
2026-08-14T19:00:00+00:00,68606.55,68659.04,68571.54,68636.54,549
2026-08-14T19:30:00+00:00,68636.54,68726.56,68634.04,68719.04,865
2026-08-14T20:00:00+00:00,68719.04,68736.56,68659.55,68689.56,379
2026-08-14T20:30:00+00:00,68689.56,68749.06,68679.56,68744.05,163
2026-08-16T22:00:00+00:00,68741.57,68936.83,68741.57,68907.31,126
2026-08-16T22:30:00+00:00,68907.31,68922.33,68882.32,68897.33,40
2026-08-16T23:00:00+00:00,68897.33,68917.32,68847.31,68847.32,135.2064209937568
2026-08-16T23:30:00+00:00,68847.32,68991.81,68837.33,68962.33,1238
2026-08-17T00:00:00+00:00,68962.33,69136.83,68827.33,69026.81,5481
2026-08-17T00:30:00+00:00,69026.81,69056.83,68567.32,68576.83,2298
2026-08-17T01:00:00+00:00,68576.83,68712.31,68512.33,68686.82,1664
2026-08-17T01:30:00+00:00,68686.82,68791.82,68567.32,68717.31,1119
2026-08-17T02:00:00+00:00,68717.31,68831.83,68707.31,68736.83,1069
2026-08-17T02:30:00+00:00,68736.83,68761.81,68662.31,68741.83,438
2026-08-17T03:00:00+00:00,68741.83,68781.82,68712.31,68776.83,372
2026-08-17T03:30:00+00:00,68776.83,68936.83,68692.32,68871.82,978
2026-08-17T04:00:00+00:00,68871.82,69011.82,68862.32,68917.33,614
2026-08-17T04:30:00+00:00,68917.33,68961.83,68887.32,68941.83,367
2026-08-17T05:00:00+00:00,68941.83,68991.83,68877.33,68937.31,486
2026-08-17T05:30:00+00:00,68937.31,69216.83,68922.32,69207.32,823
2026-08-17T06:00:00+00:00,69207.32,69251.81,69131.82,69179.33,960
2026-08-17T06:30:00+00:00,69179.33,69296.83,69174.33,69266.82,773.662611950274
2026-08-17T07:00:00+00:00,69266.82,69316.82,69136.81,69196.82,516
2026-08-17T07:30:00+00:00,69196.82,69291.83,69186.82,69269.32,365
2026-08-17T08:00:00+00:00,69269.32,69291.81,69077.31,69129.32,1110
2026-08-17T08:30:00+00:00,69129.32,69146.81,69044.33,69062.31,719
2026-08-17T09:00:00+00:00,69062.31,69081.82,68999.33,69006.81,549
2026-08-17T09:30:00+00:00,69006.81,69034.32,68976.82,68996.81,339
2026-08-17T10:00:00+00:00,68996.81,69151.82,68936.82,69132.31,840
2026-08-17T10:30:00+00:00,69132.31,69151.83,68931.81,68961.82,1113
2026-08-17T11:00:00+00:00,68961.82,69051.83,68924.32,69016.83,692
2026-08-17T11:30:00+00:00,69016.83,69076.83,68987.31,69059.31,537
2026-08-17T12:00:00+00:00,69059.31,69116.83,68947.32,69012.32,1134
2026-08-17T12:30:00+00:00,69012.32,69056.83,68952.31,69039.32,858
2026-08-17T13:00:00+00:00,69039.32,69241.81,69039.32,69217.32,1074
2026-08-17T13:30:00+00:00,69217.32,69426.83,69114.31,69426.83,5247
2026-08-17T14:00:00+00:00,69426.83,69441.83,69241.81,69341.83,3065
2026-08-17T14:30:00+00:00,69341.83,69479.32,69319.32,69459.31,1573
2026-08-17T15:00:00+00:00,69459.31,69554.32,69424.31,69514.31,1370
2026-08-17T15:30:00+00:00,69514.31,69546.83,69371.83,69474.31,1094
2026-08-17T16:00:00+00:00,69474.31,69479.32,69381.82,69384.33,744
2026-08-17T16:30:00+00:00,69384.33,69389.33,69294.31,69309.32,576
2026-08-17T17:00:00+00:00,69309.32,69316.81,69112.32,69126.82,824
2026-08-17T17:30:00+00:00,69126.82,69156.81,69052.32,69089.31,857
2026-08-17T18:00:00+00:00,69089.31,69114.32,69026.81,69069.33,1186
2026-08-17T18:30:00+00:00,69069.33,69099.31,69031.82,69089.31,651
2026-08-17T19:00:00+00:00,69089.31,69091.81,68989.31,69046.82,635
2026-08-17T19:30:00+00:00,69046.82,69119.32,69029.32,69076.81,954
2026-08-17T20:00:00+00:00,69076.81,69076.81,69027.32,69041.82,149.7408077994429
2026-08-17T20:30:00+00:00,69041.82,69041.82,68887.32,69004.31,249
2026-08-17T22:00:00+00:00,69004.31,69123.36,68978.87,68998.86,54
2026-08-17T22:30:00+00:00,68998.86,69028.86,68973.87,68993.86,73
2026-08-17T23:00:00+00:00,68993.86,69006.36,68946.35,68976.35,113.17616837121204
2026-08-17T23:30:00+00:00,68976.35,69096.36,68866.35,68936.35,1426
2026-08-18T00:00:00+00:00,68936.35,69060.85,68596.36,69046.36,8276
2026-08-18T00:30:00+00:00,69046.36,69120.87,68921.35,68941.37,2750
2026-08-18T01:00:00+00:00,68941.37,69070.87,68811.35,68831.35,2322
2026-08-18T01:30:00+00:00,68831.35,68841.37,68356.37,68561.37,3661
2026-08-18T02:00:00+00:00,68561.37,68646.37,68151.35,68166.37,2829
2026-08-18T02:30:00+00:00,68166.37,68241.35,68006.35,68056.35,1916
2026-08-18T03:00:00+00:00,68056.35,68101.36,67876.35,67941.35,1422
2026-08-18T03:30:00+00:00,67941.35,68035.87,67711.35,67986.35,3544
2026-08-18T04:00:00+00:00,67986.35,68120.87,67806.35,67871.37,2392
2026-08-18T04:30:00+00:00,67871.37,67955.87,67796.35,67886.37,1304
2026-08-18T05:00:00+00:00,67886.37,67890.87,67721.35,67738.35,1358
2026-08-18T05:30:00+00:00,67738.35,67765.85,67560.86,67565.86,1663
2026-08-18T06:00:00+00:00,67565.86,67633.36,67400.87,67523.36,3117
2026-08-18T06:30:00+00:00,67523.36,67695.85,67465.86,67681.37,1401
2026-08-18T07:00:00+00:00,67681.37,67730.85,67621.35,67640.87,952
2026-08-18T07:30:00+00:00,67640.87,67665.85,67396.36,67396.36,971
2026-08-18T08:00:00+00:00,67396.36,67420.87,67161.35,67320.85,3231
2026-08-18T08:30:00+00:00,67320.85,67420.87,67200.85,67270.85,1728
2026-08-18T09:00:00+00:00,67270.85,67295.87,67151.35,67185.86,2517
2026-08-18T09:30:00+00:00,67185.86,67268.35,67085.85,67255.85,2399
2026-08-18T10:00:00+00:00,67255.85,67290.86,67161.35,67220.87,1495
2026-08-18T10:30:00+00:00,67220.87,67335.86,67211.37,67295.87,744
2026-08-18T11:00:00+00:00,67295.87,67365.87,67265.85,67305.86,977
2026-08-18T11:30:00+00:00,67305.86,67368.36,67235.85,67320.86,997
2026-08-18T12:00:00+00:00,67320.86,67415.87,67298.37,67345.85,1659
2026-08-18T12:30:00+00:00,67345.85,67385.86,67253.35,67280.86,1343
2026-08-18T13:00:00+00:00,67280.86,67293.37,67153.37,67165.85,1515
2026-08-18T13:30:00+00:00,67165.85,67355.87,66925.86,67011.35,7313
2026-08-18T14:00:00+00:00,67011.35,67065.87,66815.85,66973.35,6532
2026-08-18T14:30:00+00:00,66973.35,67015.87,66381.35,66425.85,4492
2026-08-18T15:00:00+00:00,66425.85,66460.85,66200.85,66253.36,4899
2026-08-18T15:30:00+00:00,66253.36,66375.86,66121.35,66358.37,3243
2026-08-18T16:00:00+00:00,66358.37,66380.87,66268.35,66268.37,2285
2026-08-18T16:30:00+00:00,66268.37,66433.37,66260.87,66373.36,1740
2026-08-18T17:00:00+00:00,66373.36,66400.87,66315.85,66343.37,1405
2026-08-18T17:30:00+00:00,66343.37,66368.37,66223.37,66223.37,1081
2026-08-18T18:00:00+00:00,66223.37,66318.37,66183.37,66313.35,1332
2026-08-18T18:30:00+00:00,66313.35,66328.37,66238.35,66245.85,1000
2026-08-18T19:00:00+00:00,66245.85,66378.37,66228.35,66363.36,984
2026-08-18T19:30:00+00:00,66363.36,66363.37,66263.35,66300.86,1478
2026-08-18T20:00:00+00:00,66300.86,66300.86,66161.35,66210.85,345
2026-08-18T20:30:00+00:00,66210.85,66220.86,66066.35,66070.85,264.64487132126584
2026-08-18T22:00:00+00:00,66068.35,66191.27,66021.79,66031.79,209
2026-08-18T22:30:00+00:00,66031.79,66068.77,65931.77,65996.78,172
2026-08-18T23:00:00+00:00,65996.78,66111.29,65976.78,66081.78,207.95864106351553
2026-08-18T23:30:00+00:00,66081.78,66216.79,65941.77,65941.79,2340
2026-08-19T00:00:00+00:00,65941.79,66006.77,65346.78,65721.79,10836
2026-08-19T00:30:00+00:00,65721.79,66036.29,65616.77,65841.79,10226
2026-08-19T01:00:00+00:00,65841.79,66251.28,65816.78,66166.79,9907
2026-08-19T01:30:00+00:00,66166.79,66246.28,65826.78,65921.77,5752
2026-08-19T02:00:00+00:00,65921.77,65936.27,65606.78,65736.78,4456
2026-08-19T02:30:00+00:00,65736.78,65826.28,65676.78,65801.79,2890
2026-08-19T03:00:00+00:00,65801.79,65896.28,65731.77,65831.29,2564
2026-08-19T03:30:00+00:00,65831.29,65906.77,65676.77,65686.77,4317
2026-08-19T04:00:00+00:00,65686.77,65713.78,65471.78,65566.78,2780
2026-08-19T04:30:00+00:00,65566.78,65603.77,65156.77,65351.77,3023
2026-08-19T05:00:00+00:00,65351.77,65596.79,65261.77,65461.78,4090
2026-08-19T05:30:00+00:00,65461.78,65486.28,65221.77,65371.77,2540
2026-08-19T06:00:00+00:00,65371.77,65503.78,65296.28,65421.28,2944
2026-08-19T06:30:00+00:00,65421.28,65861.27,65321.78,65841.77,1999
2026-08-19T07:00:00+00:00,65841.77,65863.79,65686.77,65846.79,1380
2026-08-19T07:30:00+00:00,65846.79,66008.79,65786.79,66001.78,1094
2026-08-19T08:00:00+00:00,66001.78,66361.29,65871.79,66296.29,3265
2026-08-19T08:30:00+00:00,66296.29,66403.77,66266.79,66296.28,1595
2026-08-19T09:00:00+00:00,66296.28,66378.78,66111.78,66116.27,2101
2026-08-19T09:30:00+00:00,66116.27,66276.28,66111.78,66223.79,1986
2026-08-19T10:00:00+00:00,66223.79,66273.79,66161.28,66251.29,2239
2026-08-19T10:30:00+00:00,66251.29,66271.29,66111.77,66146.29,1743
2026-08-19T11:00:00+00:00,66146.29,66271.29,66101.29,66111.29,2934
2026-08-19T11:30:00+00:00,66111.29,66121.29,65991.78,66106.29,1658
2026-08-19T12:00:00+00:00,66106.29,66266.27,66031.27,66221.27,2331
2026-08-19T12:30:00+00:00,66221.27,66731.28,66166.27,66731.27,5777
2026-08-19T13:00:00+00:00,66731.27,66896.29,66616.77,66731.78,3361
2026-08-19T13:30:00+00:00,66731.78,66811.29,66106.77,66296.78,14610
2026-08-19T14:00:00+00:00,66296.78,66363.78,65756.78,66136.27,12781
2026-08-19T14:30:00+00:00,66136.27,66391.28,66086.79,66381.78,4415
2026-08-19T15:00:00+00:00,66381.78,66396.28,66216.27,66261.78,3644
2026-08-19T15:30:00+00:00,66261.78,66281.29,66106.77,66206.28,2547
2026-08-19T16:00:00+00:00,66206.28,66331.29,66101.77,66111.79,2015
2026-08-19T16:30:00+00:00,66111.79,66186.28,66081.77,66086.77,1488
2026-08-19T17:00:00+00:00,66086.77,66111.28,65976.77,66031.29,1745
2026-08-19T17:30:00+00:00,66031.29,66036.28,65901.77,65941.79,1408
2026-08-19T18:00:00+00:00,65941.79,65981.28,65741.78,65901.27,2998
2026-08-19T18:30:00+00:00,65901.27,65996.29,65881.78,65916.29,2204
2026-08-19T19:00:00+00:00,65916.29,65986.29,65901.27,65933.78,2028
2026-08-19T19:30:00+00:00,65933.78,66013.79,65846.27,65973.77,2974
2026-08-19T20:00:00+00:00,65973.77,66036.29,65943.78,66006.27,506
2026-08-19T20:30:00+00:00,66006.27,66241.28,65986.77,66226.27,479
2026-08-19T22:00:00+00:00,66226.27,66371.86,66179.85,66329.85,153
2026-08-19T22:30:00+00:00,66329.85,66404.86,66324.84,66379.86,90
2026-08-19T23:00:00+00:00,66379.86,66544.84,66354.84,66469.84,310
2026-08-19T23:30:00+00:00,66469.84,66489.36,66069.84,66074.84,1716
2026-08-20T00:00:00+00:00,66074.84,66239.36,65654.84,66019.85,7881
2026-08-20T00:30:00+00:00,66019.85,66269.85,65819.84,66254.86,4549
2026-08-20T01:00:00+00:00,66254.86,66339.86,65924.86,65974.35,4882
2026-08-20T01:30:00+00:00,65974.35,66204.36,65879.84,66034.84,4027
2026-08-20T02:00:00+00:00,66034.84,66099.35,65869.84,65989.84,3145
2026-08-20T02:30:00+00:00,65989.84,66084.36,65869.86,65999.85,2151
2026-08-20T03:00:00+00:00,65999.85,66094.34,65949.84,65964.36,1612
2026-08-20T03:30:00+00:00,65964.36,65969.34,65744.85,65894.84,2343
2026-08-20T04:00:00+00:00,65894.84,66159.36,65864.84,66139.34,1662
2026-08-20T04:30:00+00:00,66139.34,66244.35,66049.85,66179.35,1412
2026-08-20T05:00:00+00:00,66179.35,66254.36,66069.84,66179.84,1938
2026-08-20T05:30:00+00:00,66179.84,66289.86,66074.84,66109.85,1353
2026-08-20T06:00:00+00:00,66109.85,66304.36,66089.84,66291.86,1480
2026-08-20T06:30:00+00:00,66291.86,66384.36,66214.85,66304.35,1176
2026-08-20T07:00:00+00:00,66304.35,66304.35,65979.84,66054.34,1293
2026-08-20T07:30:00+00:00,66054.34,66114.35,65914.34,65919.35,1037
2026-08-20T08:00:00+00:00,65919.35,66066.86,65834.35,65846.86,3888
2026-08-20T08:30:00+00:00,65846.86,65904.36,65731.84,65771.85,2914
2026-08-20T09:00:00+00:00,65771.85,65929.34,65739.34,65854.36,2230
2026-08-20T09:30:00+00:00,65854.36,65899.35,65744.84,65869.35,2069
2026-08-20T10:00:00+00:00,65869.35,65936.84,65801.85,65824.36,2094
2026-08-20T10:30:00+00:00,65824.36,65926.86,65741.85,65924.35,1994
2026-08-20T11:00:00+00:00,65924.35,65974.34,65521.84,65521.84,3492
2026-08-20T11:30:00+00:00,65521.84,65636.85,65414.34,65441.85,3194
2026-08-20T12:00:00+00:00,65441.85,65474.34,65074.35,65114.84,4436
2026-08-20T12:30:00+00:00,65114.84,65359.36,64889.35,65334.84,2590
2026-08-20T13:00:00+00:00,65334.84,65409.36,65274.84,65369.34,2134
2026-08-20T13:30:00+00:00,65369.34,65779.36,65364.86,65549.84,9593
2026-08-20T14:00:00+00:00,65549.84,65744.85,65459.86,65649.34,7820
2026-08-20T14:30:00+00:00,65649.34,65841.84,65629.86,65789.36,3538
2026-08-20T15:00:00+00:00,65789.36,65984.35,65619.84,65699.86,5668
2026-08-20T15:30:00+00:00,65699.86,65719.85,65484.85,65674.86,3389
2026-08-20T16:00:00+00:00,65674.86,65769.36,65624.84,65734.36,2863
2026-08-20T16:30:00+00:00,65734.36,65864.35,65644.85,65819.36,1914
2026-08-20T17:00:00+00:00,65819.36,65819.36,65639.84,65669.85,1121
2026-08-20T17:30:00+00:00,65669.85,65699.36,65599.84,65624.34,914
2026-08-20T18:00:00+00:00,65624.34,65624.35,65399.35,65479.35,999
2026-08-20T18:30:00+00:00,65479.35,65494.36,65304.84,65364.36,1140
2026-08-20T19:00:00+00:00,65364.36,65524.36,65349.84,65519.36,844
2026-08-20T19:30:00+00:00,65519.36,65614.36,65439.84,65589.84,1282
2026-08-20T20:00:00+00:00,65589.84,65604.84,65454.84,65519.86,408
2026-08-20T20:30:00+00:00,65519.86,65541.86,65489.86,65529.35,211
2026-08-20T22:00:00+00:00,65529.35,65551.12,65386.1,65446.12,172
2026-08-20T22:30:00+00:00,65446.12,65546.11,65446.12,65546.1,97
2026-08-20T23:00:00+00:00,65546.1,65580.62,65511.11,65566.1,83.15056159871243
2026-08-20T23:30:00+00:00,65566.1,65610.6,65196.1,65271.1,1695.5329298682805
2026-08-21T00:00:00+00:00,65271.1,65936.12,65191.11,65646.12,8677
2026-08-21T00:30:00+00:00,65646.12,65815.61,65441.11,65441.11,6212
2026-08-21T01:00:00+00:00,65441.11,65716.12,65261.11,65641.11,6515
2026-08-21T01:30:00+00:00,65641.11,65921.12,65601.1,65746.11,4092
2026-08-21T02:00:00+00:00,65746.11,66025.62,65721.1,66006.11,2577
2026-08-21T02:30:00+00:00,66006.11,66045.62,65941.11,66006.11,1205
2026-08-21T03:00:00+00:00,66006.11,66035.62,65921.1,66001.11,1042
2026-08-21T03:30:00+00:00,66001.11,66135.62,65806.11,65921.12,2662
2026-08-21T04:00:00+00:00,65921.12,66020.6,65876.11,65915.6,2582
2026-08-21T04:30:00+00:00,65915.6,66091.1,65871.1,65996.12,1567
2026-08-21T05:00:00+00:00,65996.12,66038.11,65851.11,65885.61,1767
2026-08-21T05:30:00+00:00,65885.61,65900.62,65746.1,65880.61,1637
2026-08-21T06:00:00+00:00,65880.61,66080.62,65826.1,66028.12,1779
2026-08-21T06:30:00+00:00,66028.12,66180.62,66028.12,66058.1,897
2026-08-21T07:00:00+00:00,66058.1,66215.62,66010.61,66175.62,678
2026-08-21T07:30:00+00:00,66175.62,66298.12,66166.11,66286.1,561
2026-08-21T08:00:00+00:00,66286.1,66308.1,66006.12,66120.6,2222
2026-08-21T08:30:00+00:00,66120.6,66198.11,66110.62,66185.61,1174
2026-08-21T09:00:00+00:00,66185.61,66203.11,66000.61,66005.62,1446
2026-08-21T09:30:00+00:00,66005.62,66155.62,65995.61,66130.61,939
2026-08-21T10:00:00+00:00,66130.61,66218.11,66101.1,66140.62,971
2026-08-21T10:30:00+00:00,66140.62,66193.12,66120.62,66165.61,603
2026-08-21T11:00:00+00:00,66165.61,66413.11,66075.6,66410.62,1809
2026-08-21T11:30:00+00:00,66410.62,66470.62,66258.11,66268.1,1552
2026-08-21T12:00:00+00:00,66268.1,66288.11,66180.61,66230.6,1209
2026-08-21T12:30:00+00:00,66230.6,66280.61,66108.12,66145.61,1153
2026-08-21T13:00:00+00:00,66145.61,66193.1,65973.1,66078.1,1586
2026-08-21T13:30:00+00:00,66078.1,66103.12,65651.12,65940.61,7162
2026-08-21T14:00:00+00:00,65940.61,65975.62,65705.6,65773.11,5801
2026-08-21T14:30:00+00:00,65773.11,65818.11,65605.6,65725.6,5205
2026-08-21T15:00:00+00:00,65725.6,65873.12,65680.61,65858.11,2365
2026-08-21T15:30:00+00:00,65858.11,66188.12,65850.6,66043.11,1873
2026-08-21T16:00:00+00:00,66043.11,66075.6,65895.62,65958.12,2272
2026-08-21T16:30:00+00:00,65958.12,65973.12,65863.1,65960.62,1183
2026-08-21T17:00:00+00:00,65960.62,65970.62,65855.61,65905.62,1263
2026-08-21T17:30:00+00:00,65905.62,65955.62,65890.6,65895.61,784
2026-08-21T18:00:00+00:00,65895.61,65955.62,65863.12,65868.12,655
2026-08-21T18:30:00+00:00,65868.12,65943.1,65833.11,65938.11,734
2026-08-21T19:00:00+00:00,65938.11,65975.62,65915.61,65953.12,681
2026-08-21T19:30:00+00:00,65953.12,66053.11,65906.1,65921.12,1063
2026-08-21T20:00:00+00:00,65921.12,65953.12,65901.11,65911.11,208
2026-08-21T20:30:00+00:00,65911.11,65970.62,65911.11,65968.11,79
2026-08-23T22:00:00+00:00,65968.11,65983.52,65806.5,65911.52,107
2026-08-23T22:30:00+00:00,65911.52,66136.51,65881.51,66111.51,396
2026-08-23T23:00:00+00:00,66111.51,66111.52,65931.51,66066.51,210
2026-08-23T23:30:00+00:00,66066.51,66236.52,65886.5,66181.52,1566
2026-08-24T00:00:00+00:00,66181.52,66258.51,65646.5,65711.5,9362
2026-08-24T00:30:00+00:00,65711.5,66046.02,65651.5,66016.51,6734
2026-08-24T01:00:00+00:00,66016.51,66216.51,65876.5,66061.5,4728
2026-08-24T01:30:00+00:00,66061.5,66141.51,65766.51,65776.51,5898
2026-08-24T02:00:00+00:00,65776.51,66021.5,65746.51,65986.5,3532
2026-08-24T02:30:00+00:00,65986.5,66026.02,65876.51,65981.51,1829
2026-08-24T03:00:00+00:00,65981.51,65996.02,65696.51,65701.5,1306
2026-08-24T03:30:00+00:00,65701.5,65721.5,65551.5,65606.5,2800
2026-08-24T04:00:00+00:00,65606.5,65791.01,65591.52,65686.02,1916
2026-08-24T04:30:00+00:00,65686.02,65741.02,65616.5,65626.51,1858
2026-08-24T05:00:00+00:00,65626.51,65801.01,65616.51,65711.51,1917
2026-08-24T05:30:00+00:00,65711.51,65721.51,65551.5,65571.52,1677
2026-08-24T06:00:00+00:00,65571.52,65653.51,65471.51,65563.5,1937
2026-08-24T06:30:00+00:00,65563.5,65576.02,65456,65481.51,1385
2026-08-24T07:00:00+00:00,65481.51,65626.02,65416.5,65531,932
2026-08-24T07:30:00+00:00,65531,65601.02,65411.5,65411.5,773
2026-08-24T08:00:00+00:00,65411.5,65676.02,65266.5,65606.01,2586
2026-08-24T08:30:00+00:00,65606.01,65708.5,65581,65626.02,1274
2026-08-24T09:00:00+00:00,65626.02,65721.02,65598.5,65696.01,1056
2026-08-24T09:30:00+00:00,65696.01,65773.51,65678.5,65743.52,802
2026-08-24T10:00:00+00:00,65743.52,65811.02,65706,65716,927
2026-08-24T10:30:00+00:00,65716,65771.02,65636,65668.51,1025
2026-08-24T11:00:00+00:00,65668.51,65686.01,65578.5,65653.5,1286
2026-08-24T11:30:00+00:00,65653.5,65956.01,65653.5,65676,2484
2026-08-24T12:00:00+00:00,65676,65681.01,65543.5,65591,1026
2026-08-24T12:30:00+00:00,65591,65626.01,65411.52,65521,1826
2026-08-24T13:00:00+00:00,65521,65533.51,65441.5,65496.02,1158
2026-08-24T13:30:00+00:00,65496.02,65496.02,64911,65083.5,7983
2026-08-24T14:00:00+00:00,65083.5,65091.02,64861,64956.02,5305
2026-08-24T14:30:00+00:00,64956.02,65191.02,64936.02,65068.5,3536
2026-08-24T15:00:00+00:00,65068.5,65316,64966,65266.01,2906
2026-08-24T15:30:00+00:00,65266.01,65406.01,65191.5,65281,2385
2026-08-24T16:00:00+00:00,65281,65401.02,65251,65356.01,2045
2026-08-24T16:30:00+00:00,65356.01,65383.52,65266.01,65278.52,1031
2026-08-24T17:00:00+00:00,65278.52,65486.02,65268.52,65311.01,2304
2026-08-24T17:30:00+00:00,65311.01,65316.02,65256.5,65276.52,1419
2026-08-24T18:00:00+00:00,65276.52,65551.02,65276.5,65541.01,1328
2026-08-24T18:30:00+00:00,65541.01,65561.02,65431.51,65431.52,1044
2026-08-24T19:00:00+00:00,65431.52,65466.01,65416.5,65441.51,728
2026-08-24T19:30:00+00:00,65441.51,65476.02,65296.5,65356.52,1189
2026-08-24T20:00:00+00:00,65356.52,65386.02,65326.52,65326.52,178
2026-08-24T20:30:00+00:00,65326.52,65386.01,65306,65386.01,257
2026-08-24T22:00:00+00:00,65386.01,65403.51,65303.5,65353.52,28
2026-08-24T22:30:00+00:00,65353.52,65438.51,65353.52,65418.5,19
2026-08-24T23:00:00+00:00,65418.5,65423.52,65358.5,65378.02,39
2026-08-24T23:30:00+00:00,65378.02,65378.02,65123.5,65148.5,1350
2026-08-25T00:00:00+00:00,65148.5,65318.51,64613.5,65013.5,10771
2026-08-25T00:30:00+00:00,65013.5,65233.51,64793.5,65138.5,6940
2026-08-25T01:00:00+00:00,65138.5,65153.51,64853.5,64943.52,5911
2026-08-25T01:30:00+00:00,64943.52,65303.02,64938.51,65208.51,5268
2026-08-25T02:00:00+00:00,65208.51,65623,65178.5,65608.51,3989
2026-08-25T02:30:00+00:00,65608.51,65788,65568.5,65613.52,3192
2026-08-25T03:00:00+00:00,65613.52,65923.02,65608.51,65863.52,2317
2026-08-25T03:30:00+00:00,65863.52,65873.02,65608.5,65738.5,3710
2026-08-25T04:00:00+00:00,65738.5,65848.51,65693.5,65788.5,2544
2026-08-25T04:30:00+00:00,65788.5,65893.02,65698.5,65763.52,2706
2026-08-25T05:00:00+00:00,65763.52,65865.52,65688.5,65818.51,3210
2026-08-25T05:30:00+00:00,65818.51,65838.02,65688.51,65763.5,2423
2026-08-25T06:00:00+00:00,65763.5,65958,65748.5,65948,1744
2026-08-25T06:30:00+00:00,65948,65958.02,65858.52,65928.01,871
2026-08-25T07:00:00+00:00,65928.01,65993.02,65818.51,65853.5,759
2026-08-25T07:30:00+00:00,65853.5,65928.02,65818.5,65843.02,511
2026-08-25T08:00:00+00:00,65843.02,66133.52,65763.52,65908.5,3353
2026-08-25T08:30:00+00:00,65908.5,66010.52,65833.5,66003,1589
2026-08-25T09:00:00+00:00,66003,66128.01,65933.51,66093.5,1818
2026-08-25T09:30:00+00:00,66093.5,66363.01,66093.5,66273.01,2436
2026-08-25T10:00:00+00:00,66273.01,66278,66170.5,66175.52,903
2026-08-25T10:30:00+00:00,66175.52,66238.01,66158.01,66198,760
2026-08-25T11:00:00+00:00,66198,66205.51,66073.5,66148.01,870
2026-08-25T11:30:00+00:00,66148.01,66193,66128.5,66167.98999999999,845
2026-08-25T12:00:00+00:00,66167.98999999999,66325.5,66145.48999999999,66265.48,1409
2026-08-25T12:30:00+00:00,66265.48,66283,66083,66107.98999999999,1200
2026-08-25T13:00:00+00:00,66107.98999999999,66123,66022.98,66025.48,1699
2026-08-25T13:30:00+00:00,66025.48,66158,65903.48,65958.48999999999,7243
2026-08-25T14:00:00+00:00,65958.48999999999,65973,65715.5,65715.5,4874
2026-08-25T14:30:00+00:00,65715.5,65952.98999999999,65568.48,65880.48999999999,3763
2026-08-25T15:00:00+00:00,65880.48999999999,66020.48999999999,65820.48,66012.98,2105
2026-08-25T15:30:00+00:00,66012.98,66098,65903.48,65963.5,2126
2026-08-25T16:00:00+00:00,65963.5,66083,65958.48,66063,1236
2026-08-25T16:30:00+00:00,66063,66082.98999999999,65967.98999999999,66020.48999999999,869
2026-08-25T17:00:00+00:00,66020.48999999999,66020.48999999999,65882.98999999999,65900.48,871
2026-08-25T17:30:00+00:00,65900.48,65942.98,65897.98,65917.98999999999,614
2026-08-25T18:00:00+00:00,65917.98999999999,65930.5,65873,65918,604
2026-08-25T18:30:00+00:00,65918,66038,65918,66002.98999999999,573
2026-08-25T19:00:00+00:00,66002.98999999999,66020.5,65902.98,65942.98999999999,503
2026-08-25T19:30:00+00:00,65942.98999999999,66103,65920.48999999999,66068.5,1039
2026-08-25T20:00:00+00:00,66068.5,66203.48999999999,66033.48,66168.48999999999,625
2026-08-25T20:30:00+00:00,66168.48999999999,66188.48999999999,66007.98999999999,66025.48999999999,255
2026-08-25T22:00:00+00:00,66015.51,66130.12,65970.12,66020.12,167
2026-08-25T22:30:00+00:00,66020.12,66044.62,65980.11,65980.12,172
2026-08-25T23:00:00+00:00,65980.12,66015.12,65930.11,65955.1,160
2026-08-25T23:30:00+00:00,65955.1,66009.61,65660.1,65660.1,1358
2026-08-26T00:00:00+00:00,65660.1,65759.62,65420.11,65590.1,7588
2026-08-26T00:30:00+00:00,65590.1,65699.61,65400.11,65400.11,5737
2026-08-26T01:00:00+00:00,65400.11,65660.12,65390.1,65625.11,5106
2026-08-26T01:30:00+00:00,65625.11,65834.6,65590.1,65825.12,3134
2026-08-26T02:00:00+00:00,65825.12,66234.62,65760.1,66230.11,2050
2026-08-26T02:30:00+00:00,66230.11,66514.61,66220.12,66415.12,1722
2026-08-26T03:00:00+00:00,66415.12,66422.11,66230.1,66249.6,1436
2026-08-26T03:30:00+00:00,66249.6,66395.1,66180.1,66280.11,3075
2026-08-26T04:00:00+00:00,66280.11,66399.61,66195.1,66370.1,1974
2026-08-26T04:30:00+00:00,66370.1,66439.6,66240.1,66365.1,1514
2026-08-26T05:00:00+00:00,66365.1,66419.62,66255.11,66325.1,1796
2026-08-26T05:30:00+00:00,66325.1,66379.61,66260.1,66315.1,1520
2026-08-26T06:00:00+00:00,66315.1,66339.61,66229.6,66319.62,1214
2026-08-26T06:30:00+00:00,66319.62,66427.12,66249.6,66340.12,945
2026-08-26T07:00:00+00:00,66340.12,66364.62,66195.1,66204.6,775
2026-08-26T07:30:00+00:00,66204.6,66249.61,66175.11,66215.11,670
2026-08-26T08:00:00+00:00,66215.11,66339.62,66189.6,66302.11,1367
2026-08-26T08:30:00+00:00,66302.11,66397.12,66239.61,66322.1,1013
2026-08-26T09:00:00+00:00,66322.1,66334.6,66209.6,66229.61,966
2026-08-26T09:30:00+00:00,66229.61,66319.62,66219.62,66304.6,851
2026-08-26T10:00:00+00:00,66304.6,66304.6,66212.1,66237.11,884
2026-08-26T10:30:00+00:00,66237.11,66337.12,66199.62,66307.12,948
2026-08-26T11:00:00+00:00,66307.12,66417.11,66287.12,66314.61,1162
2026-08-26T11:30:00+00:00,66314.61,66347.1,66159.61,66267.1,1376
2026-08-26T12:00:00+00:00,66267.1,66349.62,66217.1,66345.11,1184
2026-08-26T12:30:00+00:00,66345.11,66365.12,65955.11,65980.12,2795
2026-08-26T13:00:00+00:00,65980.12,66039.62,65905.11,66027.1,1549
2026-08-26T13:30:00+00:00,66027.1,66394.61,66027.1,66314.62,5457
2026-08-26T14:00:00+00:00,66314.62,66314.62,65922.11,65954.61,2890
2026-08-26T14:30:00+00:00,65954.61,66062.11,65947.1,65967.1,2147
2026-08-26T15:00:00+00:00,65967.1,66007.12,65874.6,65944.61,1594
2026-08-26T15:30:00+00:00,65944.61,66052.11,65887.1,65914.6,2039
2026-08-26T16:00:00+00:00,65914.6,65922.13999999998,65849.62,65874.63999999998,1298
2026-08-26T16:30:00+00:00,65874.63999999998,65894.62999999999,65767.13999999998,65884.62999999999,1018
2026-08-26T17:00:00+00:00,65884.62999999999,65957.12,65859.62999999999,65934.62999999999,611
2026-08-26T17:30:00+00:00,65934.62999999999,65954.63999999998,65904.62,65927.12,442
2026-08-26T18:00:00+00:00,65927.12,65947.13999999998,65902.12,65917.12,413
2026-08-26T18:30:00+00:00,65917.12,66019.63999999998,65907.12,65987.12,586
2026-08-26T19:00:00+00:00,65987.12,66074.63999999998,65987.12,66047.12,639
2026-08-26T19:30:00+00:00,66047.12,66059.62999999999,65970.12,66000.12,1215
2026-08-26T20:00:00+00:00,66000.12,66150.13999999998,65945.12999999999,66020.12999999999,2216
2026-08-26T20:30:00+00:00,66020.12999999999,66182.13999999998,65970.12,66179.62,759
2026-08-26T22:00:00+00:00,66169.6,67056.72,66169.6,67056.72,325
2026-08-26T22:30:00+00:00,67056.72,67341.73,67046.71,67096.23,243
2026-08-26T23:00:00+00:00,67096.23,67206.73,66946.71,66996.73,367
2026-08-26T23:30:00+00:00,66996.73,67191.21,66911.71,67081.72,1725
2026-08-27T00:00:00+00:00,67081.72,67091.72,66346.71,66356.21,10091
2026-08-27T00:30:00+00:00,66356.21,66371.71,65866.73,65871.73,5451
2026-08-27T01:00:00+00:00,65871.73,66061.23,65761.73999999999,66006.72,5056
2026-08-27T01:30:00+00:00,66006.72,66286.23999999999,65951.72,66126.72,4863
2026-08-27T02:00:00+00:00,66126.72,66348.73,66096.72,66171.72,3456
2026-08-27T02:30:00+00:00,66171.72,66321.73999999999,66171.72,66231.73999999999,2016
2026-08-27T03:00:00+00:00,66231.73999999999,66331.73999999999,66206.72,66271.73999999999,1285
2026-08-27T03:30:00+00:00,66271.73999999999,66516.23999999999,66251.72,66441.72,2578
2026-08-27T04:00:00+00:00,66441.72,66516.23999999999,66296.73999999999,66301.72,2213
2026-08-27T04:30:00+00:00,66301.72,66331.22,66131.72,66236.73,2042
2026-08-27T05:00:00+00:00,66236.73,66251.22,66011.73999999999,66071.72,1972
2026-08-27T05:30:00+00:00,66071.72,66141.73,65991.72,66136.73999999999,1474
2026-08-27T06:00:00+00:00,66136.73999999999,66173.72,66036.22,66146.23,1726
2026-08-27T06:30:00+00:00,66146.23,66208.73999999999,66121.23,66183.72,752
2026-08-27T07:00:00+00:00,66183.72,66196.23,66091.22,66166.23,796
2026-08-27T07:30:00+00:00,66166.23,66206.23,66051.23,66166.22,677
2026-08-27T08:00:00+00:00,66166.22,66456.23999999999,66146.73,66448.73,1436
2026-08-27T08:30:00+00:00,66448.73,66471.23999999999,66328.72,66341.23,1513
2026-08-27T09:00:00+00:00,66341.23,66403.73,66266.22,66358.72,1850
2026-08-27T09:30:00+00:00,66358.72,66391.23,66301.22,66311.22,941
2026-08-27T10:00:00+00:00,66311.22,66311.23999999999,66216.72,66233.73999999999,1122
2026-08-27T10:30:00+00:00,66233.73999999999,66246.23,66151.73999999999,66238.72,815
2026-08-27T11:00:00+00:00,66238.72,66291.23,66138.73999999999,66173.73,1759
2026-08-27T11:30:00+00:00,66173.73,66263.73999999999,66091.22,66263.73999999999,2036
2026-08-27T12:00:00+00:00,66263.73999999999,66326.23999999999,66241.72,66296.73,1383
2026-08-27T12:30:00+00:00,66296.73,66358.72,66153.72,66171.23,1506
2026-08-27T13:00:00+00:00,66171.23,66431.23,66168.73,66231.22,1741
2026-08-27T13:30:00+00:00,66231.22,66356.23999999999,65678.73,65786.22,10865
2026-08-27T14:00:00+00:00,65786.22,66096.23999999999,65756.22,66051.72,6829
2026-08-27T14:30:00+00:00,66051.72,66136.22,65946.72,66021.23999999999,4502
2026-08-27T15:00:00+00:00,66021.23999999999,66041.23999999999,65892.21,65921.72,2356
2026-08-27T15:30:00+00:00,65921.72,66106.70000000001,65872.20000000001,66077.21,2449
2026-08-27T16:00:00+00:00,66077.21,66141.72,66017.21,66081.73,1367
2026-08-27T16:30:00+00:00,66081.73,66221.73,66072.21,66212.23,993
2026-08-27T17:00:00+00:00,66212.23,66241.73,66147.22,66152.22,699
2026-08-27T17:30:00+00:00,66152.22,66186.71,65967.21,65986.72,1103
2026-08-27T18:00:00+00:00,65986.72,66001.73,65806.73,65834.23,1613
2026-08-27T18:30:00+00:00,65834.23,65919.21,65826.72,65906.71,1240
2026-08-27T19:00:00+00:00,65906.71,65971.73,65899.21,65934.23,1107
2026-08-27T19:30:00+00:00,65934.23,66231.73,65929.21,66226.72,1188
2026-08-27T20:00:00+00:00,66226.72,66251.73,66077.21,66097.21,449
2026-08-27T20:30:00+00:00,66097.21,66161.72,66092.21,66159.21,257
2026-08-27T22:00:00+00:00,66173.71,66173.71,66062.88,66102.89,138
2026-08-27T22:30:00+00:00,66102.89,66112.39,66042.9,66102.9,119
2026-08-27T23:00:00+00:00,66102.9,66152.88,66077.88,66077.88,161
2026-08-27T23:30:00+00:00,66077.88,66132.89,65852.88,66132.89,1324
2026-08-28T00:00:00+00:00,66132.89,66579.88,66027.88,66557.9,7739
2026-08-28T00:30:00+00:00,66557.9,66582.88,66347.88,66467.89,4727
2026-08-28T01:00:00+00:00,66467.89,66624.9,66407.88,66427.89,3792
2026-08-28T01:30:00+00:00,66427.89,66692.89,66392.88,66637.9,3310
2026-08-28T02:00:00+00:00,66637.9,66817.9,66592.88,66667.9,2039
2026-08-28T02:30:00+00:00,66667.9,66682.89,66522.88,66592.88,1490
2026-08-28T03:00:00+00:00,66592.88,66772.9,66552.89,66757.9,1086
2026-08-28T03:30:00+00:00,66757.9,66824.88,66427.88,66677.9,2709
2026-08-28T04:00:00+00:00,66677.9,66687.38,66497.88,66607.9,1709
2026-08-28T04:30:00+00:00,66607.9,66612.38,66512.88,66572.9,1282
2026-08-28T05:00:00+00:00,66572.9,66572.9,66422.88,66457.88,1798
2026-08-28T05:30:00+00:00,66457.88,66457.88,66252.88,66282.89,1569
2026-08-28T06:00:00+00:00,66282.89,66447.38,66267.88,66312.39,1577
2026-08-28T06:30:00+00:00,66312.39,66542.39,66312.39,66532.4,887
2026-08-28T07:00:00+00:00,66532.4,66562.39,66447.88,66482.4,661
2026-08-28T07:30:00+00:00,66482.4,66527.4,66432.89,66479.88,461
2026-08-28T08:00:00+00:00,66479.88,66662.4,66442.88,66489.89,1802
2026-08-28T08:30:00+00:00,66489.89,66627.39,66482.88,66592.9,1178
2026-08-28T09:00:00+00:00,66592.9,66679.89,66577.88,66654.89,1209
2026-08-28T09:30:00+00:00,66654.89,66657.4,66582.38,66607.38,1015
2026-08-28T10:00:00+00:00,66607.38,66614.89,66502.39,66549.88,843
2026-08-28T10:30:00+00:00,66549.88,66599.88,66527.38,66569.88,927
2026-08-28T11:00:00+00:00,66569.88,66664.88,66522.39,66637.38,1093
2026-08-28T11:30:00+00:00,66637.38,66667.39,66492.38,66499.89,910
2026-08-28T12:00:00+00:00,66499.89,66562.4,66434.89,66537.39,1122
2026-08-28T12:30:00+00:00,66537.39,66539.9,66412.89,66514.9,1140
2026-08-28T13:00:00+00:00,66514.9,66592.4,66459.88,66482.38,1341
2026-08-28T13:30:00+00:00,66482.38,66712.88,66314.88,66617.9,5972
2026-08-28T14:00:00+00:00,66617.9,66807.9,66147.38,66537.4,9872
2026-08-28T14:30:00+00:00,66537.4,66827.4,66499.88,66777.4,5001
2026-08-28T15:00:00+00:00,66777.4,66797.38,66462.88,66534.88,3089
2026-08-28T15:30:00+00:00,66534.88,66539.88,65859.88,65862.88,4906
2026-08-28T16:00:00+00:00,65862.88,65904.9,65639.88,65712.38,5831
2026-08-28T16:30:00+00:00,65712.38,65899.9,65694.89,65809.9,4708
2026-08-28T17:00:00+00:00,65809.9,65809.9,65637.38,65649.9,5263
2026-08-28T17:30:00+00:00,65649.9,65842.38,65644.9,65819.88,2329
2026-08-28T18:00:00+00:00,65819.88,65837.4,65719.88,65747.38,2294
2026-08-28T18:30:00+00:00,65747.38,65774.9,65642.38,65679.9,2240
2026-08-28T19:00:00+00:00,65679.9,65802.4,65664.88,65779.88,1761
2026-08-28T19:30:00+00:00,65779.88,65827.4,65684.88,65744.89,1857
2026-08-28T20:00:00+00:00,65744.89,65769.9,65702.4,65742.89,520
2026-08-28T20:30:00+00:00,65742.89,65817.39,65732.88,65807.9,224
2026-08-30T22:00:00+00:00,65807.9,65807.9,65438.4,65568.41,339
2026-08-30T22:30:00+00:00,65568.41,65643.42,65528.42,65568.41,130
2026-08-30T23:00:00+00:00,65568.41,65693.4,65353.42,65428.41,459
2026-08-30T23:30:00+00:00,65428.41,65478.42,64798.41,64808.41,2971
2026-08-31T00:00:00+00:00,64803.42,65288.42,64578.42,65233.4,9135
2026-08-31T00:30:00+00:00,65233.4,65518.42,65093.41,65128.41,6379
2026-08-31T01:00:00+00:00,65128.41,65297.9,64983.4,65283.4,6241
2026-08-31T01:30:00+00:00,65283.4,65323.42,65118.41,65163.4,5239
2026-08-31T02:00:00+00:00,65163.4,65428.4,65128.4,65323.4,4229
2026-08-31T02:30:00+00:00,65323.4,65503.42,65208.4,65503.42,2923
2026-08-31T03:00:00+00:00,65503.42,65698.42,65483.4,65653.4,1673
2026-08-31T03:30:00+00:00,65653.4,65708.42,65588.41,65693.4,3516
2026-08-31T04:00:00+00:00,65693.4,65882.91,65658.4,65858.42,1640
2026-08-31T04:30:00+00:00,65858.42,66157.9,65828.4,66128.4,1744
2026-08-31T05:00:00+00:00,66128.4,66237.92,66088.4,66163.4,2153
2026-08-31T05:30:00+00:00,66163.4,66173.41,66033.4,66148.4,2693
2026-08-31T06:00:00+00:00,66148.4,66347.92,66073.4,66323.41,2239
2026-08-31T06:30:00+00:00,66323.41,66465.41,66298.41,66432.92,1244
2026-08-31T07:00:00+00:00,66432.92,66437.92,66343.4,66383.4,782
2026-08-31T07:30:00+00:00,66383.4,66415.4,66318.4,66353.41,588
2026-08-31T08:00:00+00:00,66353.41,66387.92,66258.4,66348.4,2345
2026-08-31T08:30:00+00:00,66348.4,66392.92,66278.42,66368.4,932
2026-08-31T09:00:00+00:00,66368.4,66492.92,66338.4,66387.91,1015
2026-08-31T09:30:00+00:00,66387.91,66417.9,66237.9,66243.4,936
2026-08-31T10:00:00+00:00,66243.4,66312.91,66203.41,66282.91,1100
2026-08-31T10:30:00+00:00,66282.91,66327.92,66247.9,66310.41,803
2026-08-31T11:00:00+00:00,66310.41,66335.41,66247.91,66327.91,1206
2026-08-31T11:30:00+00:00,66327.91,66347.92,66248.4,66307.92,914
2026-08-31T12:00:00+00:00,66307.92,66492.92,66242.9,66347.9,1857
2026-08-31T12:30:00+00:00,66347.9,66447.92,66183.4,66237.92,1653
2026-08-31T13:00:00+00:00,66237.92,66325.42,66203.4,66295.42,1209
2026-08-31T13:30:00+00:00,66295.42,66462.92,66098.42,66247.92,6537
2026-08-31T14:00:00+00:00,66247.92,66292.9,66050.42,66112.92,3502
2026-08-31T14:30:00+00:00,66112.92,66275.42,66075.4,66100.4,2909
2026-08-31T15:00:00+00:00,66100.4,66177.9,65870.4,65977.9,3062
2026-08-31T15:30:00+00:00,65977.9,65992.91,65765.4,65772.91,2418
2026-08-31T16:00:00+00:00,65772.91,65860.41,65732.92,65850.41,1874
2026-08-31T16:30:00+00:00,65850.41,65905.4,65805.4,65887.9,1380
2026-08-31T17:00:00+00:00,65887.9,65887.92,65707.9,65707.9,1194
2026-08-31T17:30:00+00:00,65707.9,65865.42,65695.4,65815.41,1194
2026-08-31T18:00:00+00:00,65815.41,65852.92,65795.4,65805.42,891
2026-08-31T18:30:00+00:00,65805.42,65807.92,65702.91,65752.9,1109
2026-08-31T19:00:00+00:00,65752.9,65792.92,65710.41,65752.92,693
2026-08-31T19:30:00+00:00,65752.92,65952.9,65705.42,65852.92,1531
2026-08-31T20:00:00+00:00,65852.92,65887.92,65773.4,65803.4,687
2026-08-31T20:30:00+00:00,65803.4,65848.41,65783.4,65803.4,280
2026-08-31T22:00:00+00:00,65803.4,65830.23,65765.21,65804.71,117
2026-08-31T22:30:00+00:00,65804.71,65824.73,65765.23,65795.22,71
2026-08-31T23:00:00+00:00,65795.22,65894.72,65765.23,65850.22,221
2026-08-31T23:30:00+00:00,65850.22,65957.23,65800.21,65800.21,1880
2026-09-01T00:00:00+00:00,65800.21,65815.22,65550.22,65750.21,7307
2026-09-01T00:30:00+00:00,65750.21,66010.23,65685.21,66005.21,4708
2026-09-01T01:00:00+00:00,66005.21,66410.23,66000.21,66195.23,4537
2026-09-01T01:30:00+00:00,66195.23,66375.23,66115.21,66145.22,4358
2026-09-01T02:00:00+00:00,66145.22,66200.22,66035.21,66044.71,2510
2026-09-01T02:30:00+00:00,66044.71,66240.23,65985.22,66240.21,1677
2026-09-01T03:00:00+00:00,66240.21,66260.22,66145.21,66155.23,1554
2026-09-01T03:30:00+00:00,66155.23,66229.73,66100.21,66225.23,2981
2026-09-01T04:00:00+00:00,66225.23,66374.71,66175.21,66290.21,1349
2026-09-01T04:30:00+00:00,66290.21,66290.23,66105.21,66130.23,1852
2026-09-01T05:00:00+00:00,66130.23,66335.21,66105.21,66330.22,1937
2026-09-01T05:30:00+00:00,66330.22,66529.73,66290.21,66460.22,1859
2026-09-01T06:00:00+00:00,66460.22,66514.72,66165.21,66170.21,1639
2026-09-01T06:30:00+00:00,66170.21,66259.71,66115.22,66115.22,1129
2026-09-01T07:00:00+00:00,66115.22,66254.73,66105.21,66220.22,930
2026-09-01T07:30:00+00:00,66220.22,66224.72,65944.72,65995.22,1281
2026-09-01T08:00:00+00:00,65995.22,66005.22,65105.22,65120.21,4950
2026-09-01T08:30:00+00:00,65120.21,65234.73,65030.21,65075.22,4459
2026-09-01T09:00:00+00:00,65075.22,65109.73,64950.23,65019.71,3069
2026-09-01T09:30:00+00:00,65019.71,65134.73,64962.23,65004.73,1988
2026-09-01T10:00:00+00:00,65004.73,65184.73,64984.72,65144.73,1498
2026-09-01T10:30:00+00:00,65144.73,65184.73,64990.21,65049.73,1342
2026-09-01T11:00:00+00:00,65049.73,65059.72,64960.23,65034.72,1561
2026-09-01T11:30:00+00:00,65034.72,65119.72,64964.71,64979.71,1073
2026-09-01T12:00:00+00:00,64979.71,65032.21,64939.71,65004.73,1517
2026-09-01T12:30:00+00:00,65004.73,65014.73,64917.21,64977.23,1422
2026-09-01T13:00:00+00:00,64977.23,65044.73,64884.71,65025.21,1798
2026-09-01T13:30:00+00:00,65025.21,65162.22,64914.72,65055.22,4229
2026-09-01T14:00:00+00:00,65055.22,65407.23,65015.21,65349.72,3064
2026-09-01T14:30:00+00:00,65349.72,65479.72,65322.22,65364.71,1959
2026-09-01T15:00:00+00:00,65364.71,65417.23,65184.71,65352.23,2188
2026-09-01T15:30:00+00:00,65352.23,65609.73,65309.71,65599.71,1636
2026-09-01T16:00:00+00:00,65599.71,65604.73,65155.22,65202.23,2469
2026-09-01T16:30:00+00:00,65202.23,65212.23,65034.73,65089.72,1784
2026-09-01T17:00:00+00:00,65089.72,65099.73,64782.21,64952.22,1722
2026-09-01T17:30:00+00:00,64952.22,64982.23,64889.71,64912.22,1390
2026-09-01T18:00:00+00:00,64912.22,64937.22,64780.21,64794.71,1372
2026-09-01T18:30:00+00:00,64794.71,64794.73,64620.22,64750.21,1790
2026-09-01T19:00:00+00:00,64750.21,64899.73,64745.21,64890.22,1680
2026-09-01T19:30:00+00:00,64890.22,64890.22,64780.21,64850.21,1885
2026-09-01T20:00:00+00:00,64850.21,64892.22,64760.22,64850.23,781
2026-09-01T20:30:00+00:00,64850.23,64914.71,64825.21,64874.72,428
2026-09-01T22:00:00+00:00,64874.72,64874.72,64716.99,64727,192
2026-09-01T22:30:00+00:00,64727,64827,64726.99,64796.99,188
2026-09-01T23:00:00+00:00,64796.99,64817.01,64781.99,64802,113
2026-09-01T23:30:00+00:00,64802,64896.51,64706.99,64807.01,2187
2026-09-02T00:00:00+00:00,64807.01,64912.01,64537.01,64562,7549
2026-09-02T00:30:00+00:00,64562,64622.01,64372.01,64472,3797
2026-09-02T01:00:00+00:00,64472,64696.49,64432.01,64517,3815
2026-09-02T01:30:00+00:00,64517,64536.49,64226.51,64291.5,3289
2026-09-02T02:00:00+00:00,64291.5,64551.49,64246.99,64446.99,2522
2026-09-02T02:30:00+00:00,64446.99,64484.01,64337,64441.49,1228
2026-09-02T03:00:00+00:00,64441.49,64476.51,64361.99,64416.5,1310
2026-09-02T03:30:00+00:00,64416.5,64466.5,64311.99,64347,2063
2026-09-02T04:00:00+00:00,64347,64357,64196.99,64252.01,1657
2026-09-02T04:30:00+00:00,64252.01,64339.01,64201.99,64276.99,1486
2026-09-02T05:00:00+00:00,64276.99,64451.51,64221.99,64432.01,1698
2026-09-02T05:30:00+00:00,64432.01,64501.49,64351.99,64456.99,1314
2026-09-02T06:00:00+00:00,64456.99,64481.5,64211.5,64229.01,2150
2026-09-02T06:30:00+00:00,64229.01,64476.51,64201.49,64421.51,1857
2026-09-02T07:00:00+00:00,64421.51,64556.5,64371.99,64491.5,1063
2026-09-02T07:30:00+00:00,64491.5,64496.5,64316.99,64366.5,1016
2026-09-02T08:00:00+00:00,64366.5,64491.51,64311.99,64363.99,2702
2026-09-02T08:30:00+00:00,64363.99,64429.01,64038.99,64131.49,2692
2026-09-02T09:00:00+00:00,64131.49,64244.01,63881.99,63941.49,2594
2026-09-02T09:30:00+00:00,63941.49,63951.51,63736.49,63882,2586
2026-09-02T10:00:00+00:00,63882,63951.49,63716.49,63896.51,2001
2026-09-02T10:30:00+00:00,63896.51,63919,63803.99,63916.51,1327
2026-09-02T11:00:00+00:00,63916.51,64076.51,63706.49,63974,2907
2026-09-02T11:30:00+00:00,63974,64166.51,63974,64166.51,1703
2026-09-02T12:00:00+00:00,64166.51,64321.51,64116.99,64198.99,2476
2026-09-02T12:30:00+00:00,64198.99,64226.51,64011.99,64041.51,1374
2026-09-02T13:00:00+00:00,64041.51,64181.5,63982.01,64116.49,2251
2026-09-02T13:30:00+00:00,64116.49,64286.51,63961.99,64182.01,5585
2026-09-02T14:00:00+00:00,64182.01,64596.51,64131.99,64564.01,3796
2026-09-02T14:30:00+00:00,64564.01,64596.51,64291.99,64327.01,3336
2026-09-02T15:00:00+00:00,64327.01,64484,64302,64472,2525
2026-09-02T15:30:00+00:00,64472,64601.5,64456.99,64542.01,1648
2026-09-02T16:00:00+00:00,64542.01,64596.51,64511.99,64527.01,1154
2026-09-02T16:30:00+00:00,64527.01,64591.51,64501.99,64583.99,1155
2026-09-02T17:00:00+00:00,64583.99,64671.51,64556.99,64639.01,1185
2026-09-02T17:30:00+00:00,64639.01,64733.99,64596.49,64716.51,1242
2026-09-02T18:00:00+00:00,64716.51,64826.49,64667.01,64686.5,1585
2026-09-02T18:30:00+00:00,64686.5,64709.01,64606.49,64666.51,707
2026-09-02T19:00:00+00:00,64666.51,64734.01,64646.49,64731.49,702
2026-09-02T19:30:00+00:00,64731.49,64816.5,64697,64727.01,1224
2026-09-02T20:00:00+00:00,64727.01,64736.51,64546.99,64567,997
2026-09-02T20:30:00+00:00,64567,64576.49,64451.99,64466.5,459
2026-09-02T22:00:00+00:00,64466.5,64604.21,64454.21,64564.21,171
2026-09-02T22:30:00+00:00,64564.21,64589.19,64539.2,64544.19,42
2026-09-02T23:00:00+00:00,64544.19,64569.21,64514.2,64514.2,114
2026-09-02T23:30:00+00:00,64514.2,64739.21,64469.2,64669.19,1488
2026-09-03T00:00:00+00:00,64669.19,64689.19,64139.19,64164.19,7712
2026-09-03T00:30:00+00:00,64164.19,64353.71,64119.19,64224.2,5920
2026-09-03T01:00:00+00:00,64224.2,64504.21,64204.19,64329.2,3712
2026-09-03T01:30:00+00:00,64329.2,64449.21,64269.2,64294.2,4928
2026-09-03T02:00:00+00:00,64294.2,64484.19,64254.19,64454.21,2750
2026-09-03T02:30:00+00:00,64454.21,64488.71,64341.19,64394.2,1699
2026-09-03T03:00:00+00:00,64394.2,64553.7,64379.2,64523.71,1673
2026-09-03T03:30:00+00:00,64523.71,64603.71,64474.19,64549.19,2744
2026-09-03T04:00:00+00:00,64549.19,64588.69,64448.71,64448.71,2111
2026-09-03T04:30:00+00:00,64448.71,64498.71,64399.2,64409.2,2099
2026-09-03T05:00:00+00:00,64409.2,64413.71,63748.7,63953.7,6253
2026-09-03T05:30:00+00:00,63953.7,64276.21,63929.19,64268.69,5037
2026-09-03T06:00:00+00:00,64268.69,64446.2,64186.19,64188.71,2952
2026-09-03T06:30:00+00:00,64188.71,64263.7,64094.19,64166.21,1339
2026-09-03T07:00:00+00:00,64166.21,64238.71,64004.19,64069.21,1977
2026-09-03T07:30:00+00:00,64069.21,64398.7,64039.19,64233.71,1391
2026-09-03T08:00:00+00:00,64233.71,64563.7,64159.2,64513.69,5562
2026-09-03T08:30:00+00:00,64513.69,64548.71,64251.2,64268.71,2153
2026-09-03T09:00:00+00:00,64268.71,64308.7,64113.71,64113.71,2353
2026-09-03T09:30:00+00:00,64113.71,64148.71,63884.2,63918.71,2511
2026-09-03T10:00:00+00:00,63918.71,63953.71,63836.19,63843.71,2264
2026-09-03T10:30:00+00:00,63843.71,63888.71,63764.2,63828.69,1923
2026-09-03T11:00:00+00:00,63828.69,63988.71,63758.71,63928.69,3105
2026-09-03T11:30:00+00:00,63928.69,64003.71,63738.7,63758.7,2670
2026-09-03T12:00:00+00:00,63758.7,63883.71,63689.19,63833.69,2547
2026-09-03T12:30:00+00:00,63833.69,64168.7,63833.69,64106.21,3964
2026-09-03T13:00:00+00:00,64106.21,64151.21,63983.69,64061.2,2559
2026-09-03T13:30:00+00:00,64061.2,64121.21,63723.7,63998.69,7671
2026-09-03T14:00:00+00:00,63998.69,64101.21,63693.7,63993.71,6638
2026-09-03T14:30:00+00:00,63993.71,64223.7,63803.69,64218.71,5369
2026-09-03T15:00:00+00:00,64218.71,64643.71,64214.19,64631.21,2771
2026-09-03T15:30:00+00:00,64631.21,64648.7,64478.69,64558.71,2418
2026-09-03T16:00:00+00:00,64558.71,64653.7,64488.69,64601.2,1676
2026-09-03T16:30:00+00:00,64601.2,64681.21,64553.71,64611.21,1284
2026-09-03T17:00:00+00:00,64611.21,64623.7,64506.2,64543.71,1348
2026-09-03T17:30:00+00:00,64543.71,64616.21,64541.19,64588.69,922
2026-09-03T18:00:00+00:00,64588.69,64698.7,64548.7,64553.69,1046
2026-09-03T18:30:00+00:00,64553.69,64573.7,64516.19,64526.19,646
2026-09-03T19:00:00+00:00,64526.19,64536.21,64486.19,64536.21,630
2026-09-03T19:30:00+00:00,64536.21,64598.7,64519.2,64568.7,1059
2026-09-03T20:00:00+00:00,64568.7,64588.71,64534.2,64573.71,458
2026-09-03T20:30:00+00:00,64573.71,64664.19,64564.19,64653.71,434
2026-09-03T22:00:00+00:00,64653.71,64735.95,64585.94,64685.46,111
2026-09-03T22:30:00+00:00,64685.46,64725.46,64665.94,64690.95,84
2026-09-03T23:00:00+00:00,64690.95,64690.96,64600.94,64610.94,142
2026-09-03T23:30:00+00:00,64610.94,64765.45,64560.95,64600.94,1720
2026-09-04T00:00:00+00:00,64600.94,64810.46,64270.95,64770.96,7606
2026-09-04T00:30:00+00:00,64770.96,64850.45,64655.94,64725.45,3482
2026-09-04T01:00:00+00:00,64725.45,64805.95,64560.94,64725.96,2033
2026-09-04T01:30:00+00:00,64725.96,64760.46,64595.95,64630.46,2092
2026-09-04T02:00:00+00:00,64630.46,64780.46,64560.94,64735.45,1166
2026-09-04T02:30:00+00:00,64735.45,64885.44,64700.94,64840.96,627
2026-09-04T03:00:00+00:00,64840.96,64870.46,64700.94,64720.94,501
2026-09-04T03:30:00+00:00,64720.94,64955.46,64720.94,64902.96,1075
2026-09-04T04:00:00+00:00,64902.96,65070.44,64775.94,65040.96,914
2026-09-04T04:30:00+00:00,65040.96,65075.45,64885.94,64950.44,1025
2026-09-04T05:00:00+00:00,64950.44,65130.44,64940.95,65070.96,555
2026-09-04T05:30:00+00:00,65070.96,65180.44,65025.95,65037.96,1230
2026-09-04T06:00:00+00:00,65037.96,65082.95,64980.95,65065.45,1254
2026-09-04T06:30:00+00:00,65065.45,65065.45,64907.94,64907.94,903
2026-09-04T07:00:00+00:00,64907.94,65060.44,64892.94,65055.44,597
2026-09-04T07:30:00+00:00,65055.44,65095.46,65005.94,65055.44,481
2026-09-04T08:00:00+00:00,65055.44,65115.46,64955.94,65065.45,1684
2026-09-04T08:30:00+00:00,65065.45,65125.46,64980.94,65120.46,1039
2026-09-04T09:00:00+00:00,65120.46,65132.96,64975.94,65020.45,1062
2026-09-04T09:30:00+00:00,65020.45,65235.46,65015.94,65185.94,821
2026-09-04T10:00:00+00:00,65185.94,65290.44,65120.95,65235.46,970
2026-09-04T10:30:00+00:00,65235.46,65297.94,65180.46,65265.46,885
2026-09-04T11:00:00+00:00,65265.46,65272.96,65165.44,65190.44,793
2026-09-04T11:30:00+00:00,65190.44,65277.96,65177.94,65270.44,834
2026-09-04T12:00:00+00:00,65270.44,65330.96,65135.46,65305.95,1626
2026-09-04T12:30:00+00:00,65305.95,65305.95,64690.44,64715.96,7400
2026-09-04T13:00:00+00:00,64715.96,64875.44,64635.95,64872.94,2725
2026-09-04T13:30:00+00:00,64872.94,65580.44,64850.46,65532.96,4920
2026-09-04T14:00:00+00:00,65532.96,65627.95,65400.45,65522.96,5406
2026-09-04T14:30:00+00:00,65522.96,65645.45,65422.94,65605.45,4098
2026-09-04T15:00:00+00:00,65605.45,65822.96,65572.94,65657.94,3564
2026-09-04T15:30:00+00:00,65657.94,65817.96,65592.94,65790.44,2463
2026-09-04T16:00:00+00:00,65790.44,65947.95,65765.44,65877.96,1364
2026-09-04T16:30:00+00:00,65877.96,65902.94,65787.95,65787.95,785
2026-09-04T17:00:00+00:00,65787.95,65812.96,65680.46,65687.95,1016
2026-09-04T17:30:00+00:00,65687.95,65692.96,65587.94,65657.95,979
2026-09-04T18:00:00+00:00,65657.95,65690.45,65607.96,65657.95,897
2026-09-04T18:30:00+00:00,65657.95,65742.96,65627.94,65717.94,632
2026-09-04T19:00:00+00:00,65717.94,65747.96,65647.94,65702.94,566
2026-09-04T19:30:00+00:00,65702.94,65840.46,65677.94,65815.46,1040
2026-09-04T20:00:00+00:00,65815.46,65830.46,65760.94,65765.94,268
2026-09-04T20:30:00+00:00,65765.94,65782.96,65730.94,65782.96,95
2026-09-06T22:00:00+00:00,65782.96,66370.55,65782.96,66186.04,134
2026-09-06T22:30:00+00:00,66186.04,66240.53,66096.05,66101.03,112
2026-09-06T23:00:00+00:00,66101.03,66101.03,65926.03,65985.55,221
2026-09-06T23:30:00+00:00,65985.55,66120.55,65886.03,66056.04,1791
2026-09-07T00:00:00+00:00,66056.04,66391.05,65881.04,66326.05,6289
2026-09-07T00:30:00+00:00,66326.05,66390.55,66111.03,66121.04,3642
2026-09-07T01:00:00+00:00,66121.04,66425.53,66106.03,66406.03,3583
2026-09-07T01:30:00+00:00,66406.03,66515.55,66331.03,66490.55,2007
2026-09-07T02:00:00+00:00,66490.55,66670.55,66441.03,66441.03,1690
2026-09-07T02:30:00+00:00,66441.03,66483.04,66181.03,66215.55,2148
2026-09-07T03:00:00+00:00,66215.55,66215.55,66046.04,66186.05,2201
2026-09-07T03:30:00+00:00,66186.05,66300.53,66011.03,66246.03,5364
2026-09-07T04:00:00+00:00,66246.03,66283.03,66176.03,66270.55,3323
2026-09-07T04:30:00+00:00,66270.55,66320.55,66176.04,66306.05,2218
2026-09-07T05:00:00+00:00,66306.05,66360.53,66201.04,66280.53,1873
2026-09-07T05:30:00+00:00,66280.53,66330.53,66151.03,66160.55,1659
2026-09-07T06:00:00+00:00,66160.55,66348.03,66146.05,66348.03,1930
2026-09-07T06:30:00+00:00,66348.03,66480.55,66311.04,66465.55,921
2026-09-07T07:00:00+00:00,66465.55,66515.55,66301.04,66305.55,1093
2026-09-07T07:30:00+00:00,66305.55,66425.54,66276.03,66421.05,943
2026-09-07T08:00:00+00:00,66421.05,66430.55,66156.03,66213.04,3499
2026-09-07T08:30:00+00:00,66213.04,66310.55,66195.55,66260.53,1738
2026-09-07T09:00:00+00:00,66260.53,66315.54,66108.05,66123.04,998
2026-09-07T09:30:00+00:00,66123.04,66153.04,66081.05,66095.55,961
2026-09-07T10:00:00+00:00,66095.55,66120.55,66045.55,66058.05,783
2026-09-07T10:30:00+00:00,66058.05,66088.04,65955.54,65973.05,1288
2026-09-07T11:00:00+00:00,65973.05,65988.05,65873.03,65913.03,1425
2026-09-07T11:30:00+00:00,65913.03,65963.05,65855.53,65895.53,885
2026-09-07T12:00:00+00:00,65895.53,65943.05,65843.03,65875.55,708
2026-09-07T12:30:00+00:00,65875.55,66025.55,65853.03,66025.55,925
2026-09-07T13:00:00+00:00,66025.55,66083.05,65995.53,66070.54,860
2026-09-07T13:30:00+00:00,66070.54,66135.54,66040.53,66113.05,1139
2026-09-07T14:00:00+00:00,66113.05,66150.55,66038.03,66038.03,792
2026-09-07T14:30:00+00:00,66038.03,66105.55,65978.04,65978.04,1041
2026-09-07T15:00:00+00:00,65978.04,66038.04,65973.04,66005.53,1299
2026-09-07T15:30:00+00:00,66005.53,66095.54,65998.03,66055.54,708
2026-09-07T16:00:00+00:00,66055.54,66065.54,65995.54,66003.05,309
2026-09-07T16:30:00+00:00,66003.05,66045.55,65998.05,66035.55,381
2026-09-07T22:00:00+00:00,66035.55,66097.67,66035.55,66042.68,78
2026-09-07T22:30:00+00:00,66042.68,66042.68,65977.68,66007.68,45
2026-09-07T23:00:00+00:00,66007.68,66017.68,65847.66,65932.68,190
2026-09-07T23:30:00+00:00,65932.68,65957.68,65787.66,65812.67,1418
2026-09-08T00:00:00+00:00,65812.67,66477.17,65717.66,66422.68,4774
2026-09-08T00:30:00+00:00,66422.68,66762.68,66337.67,66707.66,2723
2026-09-08T01:00:00+00:00,66707.66,66737.18,66402.67,66442.67,2593
2026-09-08T01:30:00+00:00,66442.67,66642.18,66417.66,66507.67,2086
2026-09-08T02:00:00+00:00,66507.67,66604.67,66397.66,66417.66,1997
2026-09-08T02:30:00+00:00,66417.66,66497.16,66357.67,66372.16,931
2026-09-08T03:00:00+00:00,66372.16,66622.18,66357.66,66602.68,897
2026-09-08T03:30:00+00:00,66602.68,66697.17,66532.66,66617.18,1426
2026-09-08T04:00:00+00:00,66617.18,66627.18,66457.67,66492.68,1007
2026-09-08T04:30:00+00:00,66492.68,66522.18,66357.66,66367.17,1412
2026-09-08T05:00:00+00:00,66367.17,66372.18,66112.68,66192.16,2093
2026-09-08T05:30:00+00:00,66192.16,66192.16,65747.66,65757.17,2567
2026-09-08T06:00:00+00:00,65757.17,65772.18,65237.16,65277.18,3770
2026-09-08T06:30:00+00:00,65277.18,65429.68,65092.66,65429.68,2565
2026-09-08T07:00:00+00:00,65429.68,65524.68,65367.16,65449.67,2115
2026-09-08T07:30:00+00:00,65449.67,65459.68,65017.17,65039.67,1957
2026-09-08T08:00:00+00:00,65039.67,65162.17,64912.67,65047.18,5446
2026-09-08T08:30:00+00:00,65047.18,65207.17,64994.66,65082.16,3885
2026-09-08T09:00:00+00:00,65082.16,65224.68,64989.67,65199.67,2701
2026-09-08T09:30:00+00:00,65199.67,65404.68,65189.66,65319.68,2214
2026-09-08T10:00:00+00:00,65319.68,65477.67,65234.68,65309.68,1831
2026-09-08T10:30:00+00:00,65309.68,65347.17,65227.18,65302.16,1286
2026-09-08T11:00:00+00:00,65302.16,65342.18,65177.17,65232.16,1845
2026-09-08T11:30:00+00:00,65232.16,65404.68,65202.16,65399.68,1481
2026-09-08T12:00:00+00:00,65399.68,65402.17,65132.17,65222.16,2579
2026-09-08T12:30:00+00:00,65222.16,65437.16,65194.68,65437.16,1995
2026-09-08T13:00:00+00:00,65437.16,65599.68,65354.66,65514.66,2118
2026-09-08T13:30:00+00:00,65514.66,65604.67,65262.66,65262.67,5543
2026-09-08T14:00:00+00:00,65262.67,65299.67,65109.66,65207.16,5358
2026-09-08T14:30:00+00:00,65207.16,65372.16,65114.66,65359.67,2882
2026-09-08T15:00:00+00:00,65359.67,65462.17,65312.18,65337.68,2001
2026-09-08T15:30:00+00:00,65337.68,65497.18,65332.66,65414.68,1514
2026-09-08T16:00:00+00:00,65414.68,65467.17,65309.68,65347.18,1353
2026-09-08T16:30:00+00:00,65347.18,65404.67,65247.17,65307.17,1147
2026-09-08T17:00:00+00:00,65307.17,65452.18,65307.17,65424.66,1034
2026-09-08T17:30:00+00:00,65424.66,65454.68,65399.68,65409.67,535
2026-09-08T18:00:00+00:00,65409.67,65497.17,65409.67,65462.17,437
2026-09-08T18:30:00+00:00,65462.17,65464.66,65249.67,65277.16,1937
2026-09-08T19:00:00+00:00,65277.16,65314.68,65177.16,65249.68,1319
2026-09-08T19:30:00+00:00,65249.68,65249.68,65074.68,65154.67,1817
2026-09-08T20:00:00+00:00,65154.67,65177.18,65002.67,65012.67,415
2026-09-08T20:30:00+00:00,65012.67,65079.67,65012.66,65047.18,246
2026-09-08T22:00:00+00:00,65047.18,65047.18,64919.5,64994.49,50
2026-09-08T22:30:00+00:00,64994.49,65084.51,64959.49,65054.49,46
2026-09-08T23:00:00+00:00,65054.49,65069.51,64999.51,65004.5,94
2026-09-08T23:30:00+00:00,65004.5,65069.51,64794.49,64939.5,1780
2026-09-09T00:00:00+00:00,64939.5,65569.51,64939.5,65354.5,5006
2026-09-09T00:30:00+00:00,65354.5,65699.5,65174.51,65579,2342
2026-09-09T01:00:00+00:00,65579,65769,65539.49,65664.01,1737
2026-09-09T01:30:00+00:00,65664.01,65693.99,65384.49,65489.5,1708
2026-09-09T02:00:00+00:00,65489.5,65554.01,65474.49,65534.51,169
